variant_group,ingredient_variant,frequency
water,(water,1
water,* water/eau/aqua,7
water,\raqua (water),1
water,adwoa blue tansy reparative mask water (aqua),1
water,alcohol denat /aqua/eau,1
water,aloe barbadensis leaf water,26
water,anthemis nobilis flower water,3
water,aphanizomenon flos-aquae extract,4
water,aqua,49
water,aqua (water,210
water,aqua (water / eau),1
water,aqua (water),702
water,aqua (water) butylene glycol,1
water,aqua (water) c9-12 alkane,1
water,aqua (water)**,6
water,aqua (water). may contain (+/-) ci 77491 (iron oxides),1
water,aqua (water)dihydroxyacetone,1
water,aqua (water/ eau),2
water,aqua (water/eau),46
water,aqua - water - eau,2
water,aqua / water,84
water,aqua / water / eau,124
water,aqua / water glycerin dimethicone squalane bis-peg-18 methyl ether dimethyl silane sucrose stearate stearyl alcohol peg-8 stearate myristyl myristate prunus armeniaca kernel oil / apricot kernel oil phenoxyethanol persea gratissima oil / avocado oil glyceryl stearate cetyl alcohol oryza sativa bran oil / rice bran oil olea europaea fruit oil / olive fruit oil chlorphenesin stearic acid palmitic acid carbomer acrylates/c10-30 alkyl acrylate crosspolymer trisodium ethylenediamine disuccinate prunus amygdalus dulcis oil / sweet almond oil xanthan gum ethylhexylglycerin sodium hydroxide tocopherol c1 - internal use glycine soja oil / soybean oil pseudoalteromonas ferment extract myristic acid hydroxypalmitoyl sphinganine salicylic acid helianthus annuus seed oil / sunflower seed oil rosmarinus officinalis leaf extract / rosemary leaf extract citric acid,2
water,aqua / water linalool,1
water,aqua /water,3
water,aqua /water/eau,1
water,aqua ‑water,2
water,aqua(water,2
water,aqua(water),5
water,aqua/water,176
water,aqua/water /eau,1
water,aqua/water paraffin potassium cetyl phosphate copernicia cerifera cera/carnauba wax ethylene/acrylic acid copolymer styrene/acrylates/ammonium methacrylate copolymer cera alba/beeswax synthetic beeswax bis-diglyceryl polyacyladipate-2 polybutene cetyl alcohol steareth-20 glyceryl dibehenate steareth-2 c12-13 pareth-23 c12-13 pareth-3 tribehenin acacia senegal gum glyceryl behenate sodium laureth sulfate silica divinyldimethicone/dimethicone copolymer disodium edta hydrogenated jojoba oil hydrogenated palm oil hydroxyethylcellulose caprylyl glycol tetrasodium edta ethylenediamine/stearyl dimer dilinoleate copolymer butylene glycol bht pentaerythrityl tetra-di-t-butyl hydroxyhydrocinnamate potassium sorbate sodium dehydroacetate phenoxyethanol may contain ci 75470/carmine ci 77007 /ultramarines ci 77491,1
water,aqua/water. sodium laureth sulfate. coco-betaine. laureth-5 carboxylic acid. cocamide mipa. imodimethicone. sodium chloride. polyquaternium-10. ppg-5-ceteth-20. sodium benzoate. benzophenone-4. peg-55 propylene glycol oleate. propylene glycol. salicylic acid. sodium hydroxide. benzyl salicylate. benzyl alcohol. citronellol. linalool. methyl cocoate. geraniol. sodium cocoate. shorea robusta butter. shorea robusta seed butter. ci 19140/yellow 5. ci 14700/red 4. citric acid. parfum/fragrance,1
water,aqua/water/ eau,4
water,aqua/water/eau,1089
water,aqua/water/eau coco-caprylate/caprate hydrogenated polyisobutene glycerin,1
water,aqua/water/eau geraniol,1
water,aqua/water/eau limonene,1
water,aquaxyltm,1
water,astrocaryum murumuru water/aqua/eau,1
water,beautyblender sponge,1
water,benzyl alcohol. vegamour gro revitalizing conditioner water,1
water,botanical blend aqua,2
water,c263869/1 aqua / water / eau,1
water,c263871/1 aqua / water / eau,1
water,carthamus tinctorius (safflower) seed extract. color wow dream coat supernatural spray aqua/water,1
water,centaurea cyanus flower water,29
water,centella asiatica leaf water,4
water,chamaecyparis obtusa water,3
water,chamomilla recutita (matricaria) flower water,3
water,ci 60730 (ext. violet 2) #16611 aqua (water),1
water,citrullus lanatus (watermelon) extract,1
water,citrullus lanatus (watermelon) fruit,2
water,citrullus lanatus (watermelon) fruit extract,138
water,citrullus lanatus (watermelon) fruit juice,2
water,citrullus lanatus (watermelon) seed extract,6
water,citrullus lanatus (watermelon) seed oil,70
water,citrullus vulgaris (watermellon) fruit extract,1
water,citrullus vulgaris (watermelon) fruit extract,12
water,citrullus vulgaris (watermelon) seed oil,5
water,citrullus vulgaris fruit extract (citrullus vulgaris (watermelon) fruit extract),1
water,citrus aurantium amara (bitter orange) flower water,11
water,citrus aurantium amara (bitter orange) flower water extract,1
water,citrus aurantium bergamia (bergamot) fruit water,2
water,citrus aurantium dulcis (orange) fruit water,5
water,citrus aurantium dulcis (organic orange) fruit water,1
water,citrus limon (lemon) fruit water,1
water,citrus limon fruit water,1
water,citrus tangerina (tangerine) fruit water,2
water,cl (clinique)water,4
water,coconut water,1
water,cocos nucifera (coconut) fruit water,5
water,cocos nucifera (coconut) liquid endosperm /cocos nucifera (coconut) water,1
water,cocos nucifera (coconut) water,14
water,cocos nucifera (coconut) water (organic),1
water,cocos nucifera (coconut) water/cocos nucifera water,2
water,cocos nucifera (coconut/nuix de coco) water,8
water,cocos nucifera water,1
water,cocos nucifera water/cocos nucifera (coconut) liquid endosperm,2
water,cucumis sativus (cucumber) fruit water,8
water,cupuacu and murumuru butters aqua (water,1
water,declustered water (+)/aqua/eau de-structuree (+),1
water,declustered water (+)\\aqua\\eau de-structuree (+),8
water,declustered water (-)/aqua/eau de-structuree (-),1
water,declustered water (-)\\aqua\\eau de-structuree (-),7
water,deionized water,2
water,distilled water,17
water,eau,3
water,eau de mer),4
water,eau),260
water,eau/aqua/water,1
water,emblica officinalis (gooseberry/groseille a maquereau) fruit extract,5
water,emblica officinalis (gooseberry/groseille à maquereau) fruit extract,1
water,ethylhexyl salicylate. water (aqua),2
water,eucalyptus globulus leaf water,3
water,extract blend water,1
water,extract blend water/ eau/ aqua,1
water,extract blend water/eau/aqua,1
water,fragrance/parfum. dae moonsoon moisture mask water,1
water,fruit enzymes water/eau,1
water,gossypium herbaceum (cotton) fruit water,2
water,hamamelis virginiana (witch hazel) flower water,3
water,hamamelis virginiana (witch hazel) water,69
water,hamamelis virginiana (witch hazel) water*,6
water,hamamelis virginiana (witch hazel/ hamamélis) water,1
water,hamamelis virginiana water (hamamelis virginiana (witch hazel) water),1
water,hamamelis virginiana water/witch hazel water,1
water,hamamelis witch hazel water,1
water,ionized water,1
water,jasminum officinale (jasmine) flower water,2
water,lactobacillus/watermelon fruit ferment extract,6
water,lavan dula angustifolia (lavender) flower water,1
water,lavandula angustifolia (lavender) flower water,12
water,lavandula angustifolia (lavender) flower/leaf/stem water,1
water,lavandula angustifolia (lavender) flower/leaf/stem water*,4
water,lavender flower/leaf/stem water*,1
water,limonene. k18 biomimetic hairscience water (aqua) (eau),1
water,linalool. *napiers original formula. +napiers aqua formula. ++fragrances,1
water,linalool. jvn complete air dry cream water/aqua/eau,1
water,maris aqua,1
water,maris aqua (sea water,3
water,maris aqua (sea water),9
water,maris aqua / sea water,1
water,maris aqua/ sea water (maris aqua),1
water,maris aqua/sea water,3
water,maris aqua/sea water (maris aqua),1
water,maris aqua/sea water/eau de mer,11
water,maris sea water,1
water,melaleuca alternifolia (tea tree) leaf water,1
water,mentha aquatica leaf extract,2
water,mentha piperita (peppermint) leaf water,6
water,miss dior eau de parfum,1
water,miss dior eau de parfum pre-filled,1
water,moringa oleifera leaf water,10
water,myrtus communis (myrtle) leaf water,3
water,nelumbo nucifera (lotus) flower water,2
water,nymphaea alba (water lily) flower extract,3
water,octocrylene 2.70%water,1
water,opuntia ficus-indica stem water,2
water,orange fruit water,2
water,organic cane sugar alcohol and distilled water,7
water,oryza sativa (longsheng rice) water,6
water,oryza sativa (rice) bran water,4
water,panax ginseng root water,1
water,pelargonium graveolens flower/leaf/stem water,4
water,phenoxyethanol. ceremonia guava leave-in conditioner water,1
water,prunus cerasus (bitter cherry) fruit water,2
water,prunus persica (peach) fruit water,2
water,purified water,26
water,purified water and carmel),1
water,purifiedwater,1
water,pyrus malus (apple) fruit water,9
water,qua/water/eau,1
water,replica autumn vibes eau de toilette,1
water,rosa centifolia flower water,13
water,rosa damascena (rose) flower water,5
water,rosa damascena flower water,64
water,rosa damascena flower water*,9
water,rose centifolia flower water,1
water,rosie eau de parfum,1
water,rosmarinus officinalis (rosemary) flower/leaf/stem water,1
water,rosmarinus officinalis (rosemary) leaf water,2
water,rubus idaeus (raspberry fruit water,1
water,saccharomyces/rice ferment filtrate (fermented rice water),1
water,salvia officinalis (sage) flower/leaf/stem water,2
water,sambucus nigra flower water,1
water,sasa kurilensis water,1
water,sea water,17
water,sea water (maris aqua,1
water,sea water (maris aqua),1
water,sea water (maris aqua/eau de mer),2
water,sea water extract,1
water,sea water/maris aqua/eau de mer,10
water,sea water\\aqua maris\\maris aqua,1
water,sodium saccharin water,1
water,soft water,1
water,tetrasodium eau de toilettea,1
water,titanium dioxide 1.5%water,1
water,titanium dioxide 1.7%water,1
water,titanium dioxide 1.70%water,1
water,vegetable capsule (cellulose & water),2
water,vigna radiata sprout extract. vegamour gro revitalizing shampoo water,1
water,vitis vinifera (grape) fruit water,13
water,vitis vinifera (grape) fruit water*,3
water,water,1833
water,water (and) camellia oleifera leaf extract,1
water,water (aqua,48
water,water (aqua / eau),5
water,water (aqua /eau),6
water,water (aqua eau),1
water,water (aqua purificata) purified,1
water,water (aqua),333
water,water (aqua) (eau),8
water,water (aqua) ceteareth-30,1
water,water (aqua) ethylhexyl methoxycinnamate,2
water,water (aqua)**,1
water,water (aqua)contains amyl cinnamal,1
water,water (aqua/eau),135
water,water (eau),13
water,water / aqua / eau,68
water,water /aqua / eau,1
water,water dihydroxyacetone,1
water,water hamamelis virginiana (witch hazel/hamamélis) water,1
water,water hydrogenated rosinate,1
water,water prunus amygdalus dulcis (sweet almond) oil,1
water,water sodium cocoyl isethionate,1
water,water squalane,1
water,water(aqua/eau),26
water,water),2
water,water**,6
water,water** (and) aloe barbadensis (aloe vera) leaf juice*,1
water,water** (and) argania spinosa (argan),1
water,water/ aqua,1
water,water/ aqua/ eau,2
water,water/ aqua/eau,1
water,water/aqua,59
water,water/aqua /eau,1
water,water/aqua/ eau,4
water,water/aqua/eau,1043
water,water/aqua/eau (and) camellia oleifera leaf extract,2
water,water/aqua/eau (aqua),5
water,water/aqua/eau hydrator,1
water,water/aqua/eau*,1
water,water/aqua/edu,1
water,water/aqua/eua,2
water,water/eau,30
water,water/eau/ aqua,4
water,water/eau/aqua,114
water,water/witch hazel water,1
water,water\\aqua\\eau,233
water,water\aqua\eau,3
water,watermelon fruit extract,1
water,watermelon w/n (17136099),1
water,water⁄aqua⁄eau,1
water,white water lily extract,1
water,witch hazel leaf water,1
water,witch hazel water,3
water,zinc oxide 4.0%water,2
water,zinc oxide 6.90%water,1
water,zingiber officinale (ginger) water,5
alcohol,(sd alcohol 40-b),3
alcohol,*alcohol denat,1
alcohol,75% vol. alcohol denat,2
alcohol,78% vol. alcohol denat,1
alcohol,acetamidoethoxyethanol,5
alcohol,adipic acid/fumaric acid/phthalic acid /tricyclodecane dimethanol copolymer,3
alcohol,adipic acid/fumaric acid/phthalic acid/tricyclodecane dimethanol copolymer,2
alcohol,alcohol denat,1046
alcohol,alcohol denat (sd alcohol 39-c),3
alcohol,alcohol denat /aqua/eau,1
alcohol,alcohol denat. (alcohol),1
alcohol,alcohol denat. (sd alcohol 39-c .),1
alcohol,alcohol denat. (sd alcohol 39-c),38
alcohol,alcohol denat. (sd alcohol 39-c.),2
alcohol,alcohol denat. (sd alcohol 39c),20
alcohol,alcohol denat. (sd alcohol 40-b),24
alcohol,alcohol denat. 75% vol,1
alcohol,alcohol denat. dimethicone/vinyl dimethicone crosspolymer,1
alcohol,alcohol denat. parfum (fragrance),2
alcohol,alcohol denat.**,2
alcohol,alcohol denat./ sd alcohol 40-b,1
alcohol,alcohol denat./sd alcohol 40-b,7
alcohol,alcohol denatured,1
alcohol,aqua / water glycerin dimethicone squalane bis-peg-18 methyl ether dimethyl silane sucrose stearate stearyl alcohol peg-8 stearate myristyl myristate prunus armeniaca kernel oil / apricot kernel oil phenoxyethanol persea gratissima oil / avocado oil glyceryl stearate cetyl alcohol oryza sativa bran oil / rice bran oil olea europaea fruit oil / olive fruit oil chlorphenesin stearic acid palmitic acid carbomer acrylates/c10-30 alkyl acrylate crosspolymer trisodium ethylenediamine disuccinate prunus amygdalus dulcis oil / sweet almond oil xanthan gum ethylhexylglycerin sodium hydroxide tocopherol c1 - internal use glycine soja oil / soybean oil pseudoalteromonas ferment extract myristic acid hydroxypalmitoyl sphinganine salicylic acid helianthus annuus seed oil / sunflower seed oil rosmarinus officinalis leaf extract / rosemary leaf extract citric acid,2
alcohol,aqua/water paraffin potassium cetyl phosphate copernicia cerifera cera/carnauba wax ethylene/acrylic acid copolymer styrene/acrylates/ammonium methacrylate copolymer cera alba/beeswax synthetic beeswax bis-diglyceryl polyacyladipate-2 polybutene cetyl alcohol steareth-20 glyceryl dibehenate steareth-2 c12-13 pareth-23 c12-13 pareth-3 tribehenin acacia senegal gum glyceryl behenate sodium laureth sulfate silica divinyldimethicone/dimethicone copolymer disodium edta hydrogenated jojoba oil hydrogenated palm oil hydroxyethylcellulose caprylyl glycol tetrasodium edta ethylenediamine/stearyl dimer dilinoleate copolymer butylene glycol bht pentaerythrityl tetra-di-t-butyl hydroxyhydrocinnamate potassium sorbate sodium dehydroacetate phenoxyethanol may contain ci 75470/carmine ci 77007 /ultramarines ci 77491,1
alcohol,aqua/water. sodium laureth sulfate. coco-betaine. laureth-5 carboxylic acid. cocamide mipa. imodimethicone. sodium chloride. polyquaternium-10. ppg-5-ceteth-20. sodium benzoate. benzophenone-4. peg-55 propylene glycol oleate. propylene glycol. salicylic acid. sodium hydroxide. benzyl salicylate. benzyl alcohol. citronellol. linalool. methyl cocoate. geraniol. sodium cocoate. shorea robusta butter. shorea robusta seed butter. ci 19140/yellow 5. ci 14700/red 4. citric acid. parfum/fragrance,1
alcohol,benzeneethanol benzoic acid,2
alcohol,benzyl alcohol,1438
alcohol,benzyl alcohol 100-51-6,2
alcohol,benzyl alcohol <iln37153>,1
alcohol,benzyl alcohol*,1
alcohol,benzyl alcohol*. *coconut,1
alcohol,benzyl alcohol. vegamour gro revitalizing conditioner water,1
alcohol,benzyl alcohol.(+/,1
alcohol,benzyl alcohol/ benzyl salicylate,1
alcohol,benzyl salicylate. benzyl alcohol,3
alcohol,coconut alcohol (non-denatured alcohol made from fermented coconut),1
alcohol,cyclohexanemethanol,12
alcohol,denat. (sd alcohol 39 c),2
alcohol,denat. (sd alcohol 39-c),7
alcohol,denatured alcohol,5
alcohol,edt vol. 72% - alcohol denat.(sd alcohol 39c),1
alcohol,edt vol. 78% - alcohol denat.(sd alcohol 39-c),1
alcohol,ethanol,6
alcohol,ethanolamine,6
alcohol,isopropanol isopropyl alcohol,1
alcohol,isopropyl alcohol,374
alcohol,isopropyl alcohol isopropyl,2
alcohol,methylparaben phenoxyethanol,1
alcohol,nylon-6 - phenoxyethanol,1
alcohol,organic sugar cane alcohol denat,27
alcohol,organic sugarcane alcohol denat,8
alcohol,phenoxethanol,1
alcohol,phenoxy-ethanol,1
alcohol,phenoxyethanol,4266
alcohol,phenoxyethanol  * hadasei-3,1
alcohol,phenoxyethanol  *hadasei-3,2
alcohol,phenoxyethanol (less than 1%) ethylhexylglycerin (less than 1%),1
alcohol,phenoxyethanol (preservative),8
alcohol,phenoxyethanol <iln29490>,2
alcohol,phenoxyethanol <iln32198>,1
alcohol,phenoxyethanol <iln34154>,1
alcohol,phenoxyethanol <iln35042>,1
alcohol,phenoxyethanol <iln36349>,1
alcohol,phenoxyethanol <iln36781>,1
alcohol,phenoxyethanol <iln38298>,1
alcohol,phenoxyethanol <iln38438>,1
alcohol,phenoxyethanol <iln38467>,1
alcohol,phenoxyethanol <iln38656>* essential oil,1
alcohol,phenoxyethanol <iln39203>,1
alcohol,phenoxyethanol <iln39205>,1
alcohol,phenoxyethanol <iln39538>,1
alcohol,phenoxyethanol <iln39544>,1
alcohol,phenoxyethanol <iln39546>,1
alcohol,phenoxyethanol <iln39548>,1
alcohol,phenoxyethanol <iln40189>,1
alcohol,phenoxyethanol <iln40437>* essential oil,1
alcohol,phenoxyethanol <iln40726>,1
alcohol,phenoxyethanol <iln40877>,1
alcohol,phenoxyethanol <iln40996>,1
alcohol,phenoxyethanol <iln41131>,1
alcohol,phenoxyethanol <iln41265>,1
alcohol,phenoxyethanol <iln41561>,1
alcohol,phenoxyethanol <iln41569>,1
alcohol,phenoxyethanol <iln41738>,1
alcohol,phenoxyethanol <iln41741>,1
alcohol,phenoxyethanol <iln41782>,1
alcohol,phenoxyethanol <iln41899>,1
alcohol,phenoxyethanol <iln41900>,1
alcohol,phenoxyethanol <iln41968>,1
alcohol,phenoxyethanol <iln41974>,1
alcohol,phenoxyethanol <iln42038>,1
alcohol,phenoxyethanol <iln42077>,1
alcohol,phenoxyethanol <iln42228>,1
alcohol,phenoxyethanol <iln42266>,1
alcohol,phenoxyethanol <iln42313>,1
alcohol,phenoxyethanol <iln42692>,1
alcohol,phenoxyethanol <iln43148>,1
alcohol,phenoxyethanol <iln43555>,1
alcohol,phenoxyethanol <iln45124>,2
alcohol,phenoxyethanol <iln47666>,1
alcohol,phenoxyethanol <iln49540>,1
alcohol,phenoxyethanol <iln49662>,1
alcohol,phenoxyethanol <iln50363>,1
alcohol,phenoxyethanol <iln50383>,1
alcohol,phenoxyethanol <iln51130>,1
alcohol,phenoxyethanol chlorphenesin,2
alcohol,phenoxyethanol propylene glycol,1
alcohol,phenoxyethanol. (+/-) titanium dioxide (ci 77891),1
alcohol,phenoxyethanol. *hadasei-3,3
alcohol,phenoxyethanol. *organic. **natural,2
alcohol,phenoxyethanol. +/- mica,1
alcohol,phenoxyethanol. acrylates/c10-30 alkyl acrylate crosspolymer,1
alcohol,phenoxyethanol. ceremonia guava leave-in conditioner water,1
alcohol,phenoxyethanol. may contain (+/-) mica,3
alcohol,phenoxyethanol. may contain (+/-) red 40 lake/ci 16035,1
alcohol,phenoyxethanol,3
alcohol,phenxyethanol,2
alcohol,polybutene; hydrogenated polyisobutene; dextrin palmitate; bis-diglyceryl polyacyladipate-2; polydecene; magnolia officinalis bark extract; limnanthes alba (meadowfoam) seed oil; lecithin; caprylyl glycol; simethicone; pentaerythrityl tetra-di-t-butyl hydroxyhydrocinnamate; hexylene glycol; fragrance (parfum); phenoxyethanol; +/- titanium dioxide (ci 77891); iron oxides (ci 77491,1
alcohol,ptfe phenoxyethanol,1
alcohol,scented recycled paper alcohol denat,1
alcohol,sd alcohol (alcohol denat.),1
alcohol,sd alcohol 39-b (alcohol denat.),1
alcohol,sd alcohol 39-c,2
alcohol,sd alcohol 40-a,1
alcohol,sd alcohol 40-b,20
alcohol,sd alcohol 40-b (alcohol denat.),119
alcohol,sd alcohol 40-b*,1
alcohol,sd alcohol 40-b/alcohol denat,32
alcohol,sd alcohol 40b,2
alcohol,sd alcohol 40b (alcohol denat.),7
alcohol,sd-alcohol 40-b (alcohol denat.),26
alcohol,spray liquid deodorant. organic alcohol denat,2
alcohol,stearic acid phenoxyethanol,1
alcohol,stearic acidl phenoxyethanol,1
alcohol,sugar cane alcohol denat,22
alcohol,sugarcane alcohol denat,25
alcohol,triethanolamine,172
alcohol,tsd-alcohol 40-b (alcohol denat.),1
fragrance,(fragrance),3
fragrance,*fragrance (parfum),1
fragrance,2 hexanediol parfum (fragrance),1
fragrance,\rparfum (fragrance),1
fragrance,alcohol denat. parfum (fragrance),2
fragrance,all natural fragrance,1
fragrance,amber musk fragrance,1
fragrance,amber musk fragrance (parfum),2
fragrance,and fragrance with a cotton wick,5
fragrance,and fragrance/parfum*,1
fragrance,aqua/water. sodium laureth sulfate. coco-betaine. laureth-5 carboxylic acid. cocamide mipa. imodimethicone. sodium chloride. polyquaternium-10. ppg-5-ceteth-20. sodium benzoate. benzophenone-4. peg-55 propylene glycol oleate. propylene glycol. salicylic acid. sodium hydroxide. benzyl salicylate. benzyl alcohol. citronellol. linalool. methyl cocoate. geraniol. sodium cocoate. shorea robusta butter. shorea robusta seed butter. ci 19140/yellow 5. ci 14700/red 4. citric acid. parfum/fragrance,1
fragrance,argania spinosa kernel oil ψ fragrance,1
fragrance,aromatics perfume (parfum),1
fragrance,bobbi brown beach fragrance,1
fragrance,brj fragrance,3
fragrance,cashmere mist fragrance,4
fragrance,citronellol (eu fragrance allergen),1
fragrance,citrus aurantium bergamia (bergamot) fruit fragrance,2
fragrance,citrus aurantium dulcis (orange) peel oil fragrance,4
fragrance,clinique happy for men fragrance,1
fragrance,clinique happy heart fragrance (parfum),1
fragrance,clinique happy perfume (parfum),1
fragrance,coumarin (eu fragrance allergen),3
fragrance,ethylhexylglycerin parfum (fragrance),1
fragrance,fragrance,985
fragrance,fragrance (natural),6
fragrance,fragrance (parfum),805
fragrance,fragrance (parfum)**,4
fragrance,fragrance (parfum). (10-16-35826),1
fragrance,fragrance (parfum). *coconut,1
fragrance,fragrance / parfum,55
fragrance,fragrance /parfum,1
fragrance,fragrance <iln35606>,1
fragrance,fragrance <iln36744>,1
fragrance,fragrance <iln37671>,1
fragrance,fragrance <iln39219>,1
fragrance,fragrance <iln39583>,1
fragrance,fragrance oil,17
fragrance,fragrance parfum,3
fragrance,fragrance(parfum),10
fragrance,fragrance**,1
fragrance,fragrance*. *plant origin,1
fragrance,fragrance+,2
fragrance,fragrance. *coconut,1
fragrance,fragrance/ parfum,2
fragrance,fragrance/flavor,1
fragrance,fragrance/parfum,365
fragrance,fragrance/parfum ceteareth-20,1
fragrance,fragrance/parfum*,27
fragrance,fragrance/parfum**,5
fragrance,fragrance/parfum*. *100% naturally derived,1
fragrance,fragrance/parfum. dae moonsoon moisture mask water,1
fragrance,fragrance/parfum.*,1
fragrance,fragrance/perfume,2
fragrance,fragrance⁄parfum,1
fragrance,geraniol and fragrance/parfum*,1
fragrance,ikat jasmine fragrance,1
fragrance,ikat jasmine fragrance (parfum),2
fragrance,james fragrance,1
fragrance,leila lou fragrance,3
fragrance,lilac path fragrance,1
fragrance,limonene and fragrance/parfum*,1
fragrance,linalool *contains natural fragrance,1
fragrance,linalool fragrance,1
fragrance,linalool. *napiers original formula. +napiers aqua formula. ++fragrances,1
fragrance,miss dior eau de parfum,1
fragrance,miss dior eau de parfum pre-filled,1
fragrance,natural fragrance,11
fragrance,natural fragrance/parfum,4
fragrance,parfum,38
fragrance,parfum (100% natural fragrance),1
fragrance,parfum (fragrance),878
fragrance,parfum (fragrance) (098/131),1
fragrance,parfum (fragrance) (235/007),1
fragrance,parfum (fragrance) (245/059),1
fragrance,parfum (fragrance)&dagger,1
fragrance,parfum (fragrance)*,3
fragrance,parfum (fragrance)**,2
fragrance,parfum (fragrance).(263/026),1
fragrance,parfum (frangrance),1
fragrance,parfum / fragrance,188
fragrance,parfum / fragrance. c219469/1,1
fragrance,parfum /fragrance,2
fragrance,parfum fragrance,1
fragrance,parfum(fragrance),6
fragrance,parfum* (fragrance),16
fragrance,parfum/ fragrance,2
fragrance,parfum/fra- grance,1
fragrance,parfum/fragrance,794
fragrance,parfum/fragrance*,2
fragrance,parfum/fragrance. c258427/1,2
fragrance,parfum/fragrance. c278987/1,1
fragrance,parfum/fragrance. c279044/1,1
fragrance,parfum/fragrance. may contain ci 77499/iron oxides,1
fragrance,parfum/fragrance. n279920/1,1
fragrance,parfum/fragrances,1
fragrance,parfume,1
fragrance,parfume/fragrance n280447/1,1
fragrance,perfume,2
fragrance,perfume (fragrance),4
fragrance,phthalate-free fragrance,5
fragrance,phthalates free fragrance,10
fragrance,pogostemon cablin oil essential oil for fragrance,1
fragrance,polybutene; hydrogenated polyisobutene; dextrin palmitate; bis-diglyceryl polyacyladipate-2; polydecene; magnolia officinalis bark extract; limnanthes alba (meadowfoam) seed oil; lecithin; caprylyl glycol; simethicone; pentaerythrityl tetra-di-t-butyl hydroxyhydrocinnamate; hexylene glycol; fragrance (parfum); phenoxyethanol; +/- titanium dioxide (ci 77891); iron oxides (ci 77491,1
fragrance,prickly pear fragrance,1
fragrance,quartz fragrance,1
fragrance,quaternium-91 fragrance (parfum),1
fragrance,rosa canina (rose hip) seed oil; blended with rosie fragrance,1
fragrance,rosa damascena oil essential oil for fragrance,1
fragrance,rosie eau de parfum,1
fragrance,santalum austrocaledonicum wood oil essential oil for fragrance,1
fragrance,vitis vinifera (grape) seed oil fragrance,2
vitamin e,***tocopherol,1
vitamin e,*tocopherol (mixed),10
vitamin e,and tocopherol,1
vitamin e,aqua / water glycerin dimethicone squalane bis-peg-18 methyl ether dimethyl silane sucrose stearate stearyl alcohol peg-8 stearate myristyl myristate prunus armeniaca kernel oil / apricot kernel oil phenoxyethanol persea gratissima oil / avocado oil glyceryl stearate cetyl alcohol oryza sativa bran oil / rice bran oil olea europaea fruit oil / olive fruit oil chlorphenesin stearic acid palmitic acid carbomer acrylates/c10-30 alkyl acrylate crosspolymer trisodium ethylenediamine disuccinate prunus amygdalus dulcis oil / sweet almond oil xanthan gum ethylhexylglycerin sodium hydroxide tocopherol c1 - internal use glycine soja oil / soybean oil pseudoalteromonas ferment extract myristic acid hydroxypalmitoyl sphinganine salicylic acid helianthus annuus seed oil / sunflower seed oil rosmarinus officinalis leaf extract / rosemary leaf extract citric acid,2
vitamin e,biotinm tocopherol,1
vitamin e,c12-20 alkyl glucoside tocopherol,1
vitamin e,cryptomeria japonica bud extract tocopherol,1
vitamin e,d-alpha tocopherol,2
vitamin e,d-alpha-tocopherol,6
vitamin e,d-alpha-tocopherol (vitamin e),3
vitamin e,dicaprylyl (vitamin e) carbonate,1
vitamin e,dl-alpha tocopheryl acetate,3
vitamin e,dl-tocopherol (vitamin e) 1%,1
vitamin e,euphorbia cerifera (candelilla) wax tocopherol ascorbyl palmitate,1
vitamin e,filtrate tocopheryl acetate,1
vitamin e,hydroxide tocopherol,1
vitamin e,iron oxides ci 77499 black 2 ci 77266 (nano) ferric ammonium ferrocyanide ci 77510 (the allergen substances are not present corporate - regulatory affairs office) ascorbyl palmitate citric acid lecithin tocopherol disteardimonium hectorite propylene carbonate caprylyl methicone dicalcium phosphate disiloxane mica phenylpropyldimethylsiloxysilicate polyhydroxystearic acid bis-diglyceryl polyacyladipate-2 polyethylene trimethylsiloxysilicate synthetic wax dimethicone,1
vitamin e,mica  caprylic/capric triglyceride  dimethicone  diisostearyl malate  silica  zinc stearate  caprylyl glycol  ethylhexylglycerin  alumina  tocopheryl acetate  synthetic fluorphlogopite  triethoxycaprylylsilane  c20-24 olefin  +/- titanium dioxide (ci 77891)  iron oxides (ci 77491)  iron oxides (ci 77492)  iron oxides (ci 77499)  carmine (ci 75470)  ferric ammonium ferrocyanide (ci 77510)  ferric ferrocyanide (ci 77510)  ultramarines (ci 77007)  blue 1 lake (ci 42090)  yellow 5 lake (ci 19140)  manganese violet (ci 77742)  copper powder (ci 77400)  chromium hydroxide green (ci 77289)  chromium oxide greens (ci 77288)  bronze powder (ci 77400)  aluminum powder (ci 77000)  bismuth oxychloride (ci 77163),1
vitamin e,mica dimethicone squalane titanium dioxide ci 77891 silica trimethylsiloxysilicate iron oxides ci 77499 iron oxides ci 77492 hydrogenated styrene/isoprene copolymer blue 1 lake ci 42090 zinc stearate caprylyl glycol ethylhexylglycerin octyldodecyl stearoyl stearate boron nitride dimethicone/vinyl dimethicone crosspolymer pentaerythrityl tetra-di-t-butyl hydroxyhydrocinnamate tocopherol laureth-4,1
vitamin e,mixed tocopherols,2
vitamin e,mixed tocopherols (vitamin e),2
vitamin e,octyldodecyl lauroyl glutamate/tocopherol/jasminum officinale (jasmine) oil/citrus aurantium amara (bitter orange) leaf,1
vitamin e,pentaerythrityl tetra-di-t-butyl hydroxyhydrocinnamate tocopherol,1
vitamin e,sodium hydroxide tocopherol,1
vitamin e,superoxide dismutase tocopheryl acetate,1
vitamin e,synthetic fluorphlogopite  calcium aluminum borosilicate  caprylic/capric triglyceride  squalane  dimethicone  silica  dicalcium phosphate  zinc stearate  calcium sodium borosilicate  trimethylsiloxysilicate  dimethicone/vinyl dimethicone crosspolymer  hydrogenated styrene/ isoprene copolymer  tocopheryl acetate  zea mays (corn) starch  glycerin  ethylhexylglycerin  caprylyl glycol  c20-24 olefin  calcium titanium borosilicate  tin oxide  alumina  triethoxycaprylylsilane  laureth-4  pentaerythrityl tetra-di-t-butyl hydroxyhydrocinnamate  +/- mica  titanium dioxide (ci 77891)  iron oxides (ci 77491)  iron oxides (ci 77492)  iron oxides (ci 77499)  aluminum powder (ci 77000)  bismuth oxychloride (ci 77163)  bronze powder (ci 77400)  carmine (ci 75470)  chromium hydroxide green (ci 77289)  chromium oxide greens (ci 77288)  copper powder (ci 77400)  ferric ammonium ferrocyanide (ci 77510)  ferric ferrocyanide (ci 77510)  manganese violet (ci 77742)  ultramarines (ci 77007)  blue 1 lake (ci 42090)  yellow 5 lake (ci 19140),1
vitamin e,synthetic fluorphlogopite titanium dioxide ci 77891 zinc stearate carmine ci 75470 iron oxides ci 77491 iron oxides ci 77499 dimethicone iron oxides ci 77492 triethoxycaprylylsilane caprylyl glycol ethylhexylglycerin hdi/trimethylol hexyllactone crosspolymer maltodextrin silica tocopherol,1
vitamin e,synthetic fluorphlogopite titanium dioxide ci 77891 zinc stearate dimethicone iron oxides ci 77491 iron oxides ci 77492 carmine ci 75470 triethoxycaprylylsilane iron oxides ci 77499 caprylyl glycol ethylhexylglycerin hdi/trimethylol hexyllactone crosspolymer maltodextrin silica tocopherol,1
vitamin e,synthetic fluorphlogopite titanium dioxide ci 77891 zinc stearate iron oxides ci 77492 dimethicone iron oxides ci 77499 triethoxycaprylylsilane blue 1 lake ci 42090 caprylyl glycol ethylhexylglycerin hdi/trimethylol hexyllactone crosspolymer mica silica tocopherol,1
vitamin e,synthetic fluorphlogopite titanium dioxide ci 77891 zinc stearate iron oxides ci 77492 iron oxides ci 77499 dimethicone iron oxides ci 77491 triethoxycaprylylsilane caprylyl glycol ethylhexylglycerin hdi/trimethylol hexyllactone crosspolymer silica tocopherol,1
vitamin e,synthetic fluorphlogopite titanium dioxide ci 77891 zinc stearate iron oxides ci 77499 iron oxides ci 77492 dimethicone iron oxides ci 77491 triethoxycaprylylsilane caprylyl glycol ethylhexylglycerin hdi/trimethylol hexyllactone crosspolymer silica tocopherol,1
vitamin e,synthetic fluorphlogopite zinc stearate    titanium dioxide ci 77891  iron oxides ci 77499    iron oxides ci 77492    dimethicone    blue 1 lake ci 42090    triethoxycaprylylsilane  caprylyl glycol    ethylhexylglycerin    hdi/trimethylol hexyllactone crosspolymer silica    iron oxides ci 77491    tocopherol,1
vitamin e,talc aluminum calcium sodium silicate octyldodecyl stearoyl stearate calcium aluminum borosilicate mica titanium dioxide ci 77891 diisostearyl malate caprylyl glycol ethylhexylglycerin iron oxides ci 77491 tin oxide carmine ci 75470 zinc stearate tocopherol,1
vitamin e,talc calcium aluminum borosilicate mica octyldodecyl stearoyl stearate iron oxides ci 77491 diisostearyl malate titanium dioxide ci 77891 silica zinc stearate synthetic fluorphlogopite caprylyl glycol ethylhexylglycerin carmine ci 75470 iron oxides ci 77499 tin oxide tocopherol,1
vitamin e,talc mica iron oxides ci 77499 octyldodecyl stearoyl stearate diisostearyl malate titanium dioxide ci 77891 zinc stearate iron oxides ci 77491 caprylyl glycol ethylhexylglycerin iron oxides ci 77492 tocopherol,1
vitamin e,talc mica octyldodecyl stearoyl stearate iron oxides ci 77499 titanium dioxide ci 77891 iron oxides ci 77491 diisostearyl malate caprylyl glycol ethylhexylglycerin iron oxides ci 77492 zinc stearate tocopherol,1
vitamin e,talc mica octyldodecyl stearoyl stearate titanium dioxide ci 77891 diisostearyl malate synthetic fluorphlogopite caprylyl glycol ethylhexylglycerin chromium oxide greens ci 77288 tin oxide zinc stearate tocopherol,1
vitamin e,talc mica titanium dioxide ci 77891 octyldodecyl stearoyl stearate diisostearyl malate iron oxides ci 77499 chromium oxide greens ci 77288 caprylyl glycol ethylhexylglycerin iron oxides ci 77491 zinc stearate tocopherol,1
vitamin e,talc octyldodecyl stearoyl stearate mica titanium dioxide ci 77891 alumina diisostearyl malate zinc stearate iron oxides ci 77491 bronze powder ci 77400 iron oxides ci 77499 silica tin oxide caprylyl glycol ethylhexylglycerin tocopherol,1
vitamin e,talc octyldodecyl stearoyl stearate titanium dioxide ci 77891 alumina mica diisostearyl malate aluminum powder ci 77000 synthetic fluorphlogopite zinc stearate yellow 5 lake ci 19140 silica iron oxides ci 77491 caprylyl glycol ethylhexylglycerin tin oxide ferric ammonium ferrocyanide ci 77510 ferric ferrocyanide ci 77510 iron oxides ci 77499 tocopherol,1
vitamin e,tocopherol,2979
vitamin e,tocopherol  +/- ci 77891 (titanium dioxide),1
vitamin e,tocopherol (mixed),2
vitamin e,tocopherol (non-gmo),10
vitamin e,tocopherol (vitamin e),10
vitamin e,tocopherol (vitamin e) oil,1
vitamin e,tocopherol (vitamin e/antioxidant),1
vitamin e,tocopherol *limonene,1
vitamin e,tocopherol +/- ci 77891 (titanium dioxide),1
vitamin e,tocopherol <iln45866>,1
vitamin e,tocopherol <iln49607>,2
vitamin e,tocopherol acetate,15
vitamin e,tocopherol antioxidant vitamin e,1
vitamin e,tocopherol may contain ci 77491 (iron oxides),1
vitamin e,tocopherol ·limonene,1
vitamin e,tocopherol(non-gmo),1
vitamin e,tocopherol*,5
vitamin e,tocopherol**,4
vitamin e,tocopherol+,5
vitamin e,tocopherol.  +/- ci 77491,3
vitamin e,tocopherol.  +/- ci 77491 (iron oxides),1
vitamin e,tocopherol.  +/- ci 77891 (titanium dioxide),4
vitamin e,tocopherol. +/- (may contain/peut contenir) yellow 5 lake (ci 19140),1
vitamin e,tocopherol. +/- ci 19140 (yellow 5,5
vitamin e,tocopherol. +/- ci 77891 (titanium dioxide),2
vitamin e,tocopherol. c3,1
vitamin e,tocopherol. may contain (+/-) iron oxides (ci 77491),1
vitamin e,tocopherollimonene,1
vitamin e,tocopherols,2
vitamin e,tocopheryl (vitamin e) acetate,6
vitamin e,tocopheryl (vitamin e/vitamine e) acetate,1
vitamin e,tocopheryl acetate,1708
vitamin e,tocopheryl acetate (vitamin e acetate),14
vitamin e,tocopheryl acetate (vitamin e),45
vitamin e,tocopheryl acetate (vitamin e/antioxidant),4
vitamin e,tocopheryl acetate (vitmain e acetate),4
vitamin e,tocopheryl acetate*,2
vitamin e,tocotrienols antioxidant vitamin e,1
vitamin e,vitamin e,11
vitamin e,vitamin e (as d-alpha tocopherol),1
vitamin e,vitamin e (as d-alpha tocopheryl acetate) 40mg α-tocopherol (267% dv*),2
vitamin e,vitamin e (d-alpha tocopherol) acetate,2
vitamin e,vitamin e (from sunflower seed),1
vitamin e,vitamin e (tocopherol acetate),1
vitamin e,vitamin e as d-alpha tocopherol,1
vitamin e,vitamin e from gamma-tocotrienol,1
vitamin e,vitamin e from sunflower seed,1
vitamin e,vitamin e oil,1
hyaluronic acid,hyaluronic acid,192
hyaluronic acid,hyaluronic acid (from sodium hyaluronate) 25mg (**),1
hyaluronic acid,hydrolyzed hyaluronic acid,150
hyaluronic acid,hydrolyzed hyaluronic acid low molecular weight hyaluronic acid that penetrates deeply within the skin’s surface,1
hyaluronic acid,hydrolyzed sodium hyaluronate,96
hyaluronic acid,hydrolyzed sodium hyaluronate**,1
hyaluronic acid,hydrolyzed sodium hyaluronate/sodium hyaluronate,1
hyaluronic acid,propylene glycol dimethicone glycerin ascorbic acid ethylhexyl palmitate cetyl peg/ppg-10/1 dimethicone dimethicone crosspolymer ascorbyl glucoside cyclohexasiloxane hydroxyethylpiperazine ethane sulfonic acid lauroyl lysine acrylonitrile/methyl methacrylate/vinylidene chloride copolymer polysilicone-11 adenosine hydrolyzed hyaluronic acid limonene isobutane citrus aurantium dulcis (orange) peel oil citrus limon peel oil / lemon peel oil citral pentaerythrityl tetra-di-t-butyl hydroxyhydrocinnamate,1
hyaluronic acid,sodium hyaluronate,1589
hyaluronic acid,sodium hyaluronate (hyaluronic acid),1
hyaluronic acid,sodium hyaluronate (hydration/skin replenishing),2
hyaluronic acid,sodium hyaluronate (skin-replenishing ),1
hyaluronic acid,sodium hyaluronate (skin-replenishing),2
hyaluronic acid,sodium hyaluronate (skin-replenishing/hydration),1
hyaluronic acid,sodium hyaluronate crosspolymer,110
hyaluronic acid,sodium hyaluronate crosspolymer. hydrolyzed glycosaminoglycans,1
hyaluronic acid,sodium hyaluronate olea europaea (olive) oil*,1
hyaluronic acid,sodium hyaluronate powder (hyaluronic acid),1
hyaluronic acid,sodium hyaluronate*,5
hyaluronic acid,sodium hyaluronate**,1
shea butter,*butyrospermum parkii (shea) butter,2
shea butter,butyrosper-mum parkii butter/butyrospermum parkii (shea butter),1
shea butter,butyrospermum parkii,10
shea butter,butyrospermum parkii (shea butter,1
shea butter,butyrospermum parkii (shea butter),102
shea butter,butyrospermum parkii (shea butter) extract,2
shea butter,butyrospermum parkii (shea butter) extract*,1
shea butter,butyrospermum parkii (shea butter) fruit,1
shea butter,butyrospermum parkii (shea butter) oil,3
shea butter,butyrospermum parkii (shea butter) unsaponifiables,1
shea butter,butyrospermum parkii (shea butter)*,3
shea butter,butyrospermum parkii (shea butter)**,3
shea butter,butyrospermum parkii (shea nilotica) butter,10
shea butter,butyrospermum parkii (shea) butter,724
shea butter,butyrospermum parkii (shea) butter (emollient/antioxidant),1
shea butter,butyrospermum parkii (shea) butter butyrospermum parkii butter,2
shea butter,butyrospermum parkii (shea) butter extract,17
shea butter,butyrospermum parkii (shea) butter polyglyceryl-3 beeswax,1
shea butter,butyrospermum parkii (shea) butter unsaponifiables,39
shea butter,butyrospermum parkii (shea) butter*,24
shea butter,butyrospermum parkii (shea) butter**,4
shea butter,butyrospermum parkii (shea) butter/butyrospermum parkii butter,1
shea butter,butyrospermum parkii (shea) buttercoco- caprylate/caprate- corn starch modified,1
shea butter,butyrospermum parkii (shea) nut butter,4
shea butter,butyrospermum parkii (shea) nut extract,3
shea butter,butyrospermum parkii (shea) oil,17
shea butter,butyrospermum parkii (shea) seedcake extract,2
shea butter,butyrospermum parkii (shea)butter,1
shea butter,butyrospermum parkii (shea)butter**,1
shea butter,butyrospermum parkii (shea/karite) butter,12
shea butter,butyrospermum parkii (shea/karité) butter,2
shea butter,butyrospermum parkii butter,16
shea butter,butyrospermum parkii butter (butyrospermum parkii (shea butter)),23
shea butter,butyrospermum parkii butter (butyrospermum parkii (shea) butter),1
shea butter,butyrospermum parkii butter / shea butter,27
shea butter,butyrospermum parkii butter extract,3
shea butter,butyrospermum parkii butter unsaponifiables (butyrospermum parkii (shea) butter unsaponifiables),1
shea butter,butyrospermum parkii butter/butyrospermum parkii (shea) butter,1
shea butter,butyrospermum parkii butter/shea,2
shea butter,butyrospermum parkii butter/shea butter,17
shea butter,butyrospermum parkii nut extract,2
shea butter,butyrospermum parkii(shea) butter,1
shea butter,butyrospermum parkii/ shea butter,1
shea butter,isopropyl shea butterate,2
shea butter,organic butyrospermum parkii (shea butter) fruit,1
shea butter,peg-50 shea butter,2
shea butter,peg-75 shea butter glycerides,5
shea butter,peg-75 shea butter glycerides (emollient),2
shea butter,punica granatum flower extract; butyrospermum parkii (shea butter) unsaponifiables,1
shea butter,shea butter,23
shea butter,shea butter amidopropyl betaine,1
shea butter,shea butter cetyl esters,1
shea butter,shea butter ethyl esters,43
shea butter,shea butter ethyl esters**,1
shea butter,shea butter glycereth-8 esters,7
shea butter,shea butter glycerides,6
shea butter,simmondsia chinensis (jojoba) seed oilbutyrospermum parkii (shea) butter mica 77019   canola oil copernicia cerifera (carnauba) wax glyceryl caprylate,1
titanium dioxide,(+/-) ci 77891 (titanium dioxide),1
titanium dioxide,(+/-) titanium dioxide (ci 77891),2
titanium dioxide,+/- ci 77891  (titanium dioxide),1
titanium dioxide,+/- ci 77891 (titanium dioxide),30
titanium dioxide,+/- mica  titanium dioxide (ci 77891),1
titanium dioxide,+/- titanium dioxide (ci 77891),126
titanium dioxide,1) titanium dioxide (ci 77891),1
titanium dioxide,2-hexanediol xanthan gum chondrus crispus (carrageenan) hydrogenated lecithin sodium citrate titanium dioxide (ci 77891),1
titanium dioxide,2-hexanediol xanthan gum chondrus crispus (carrageenan) hydrogenated lecithin sodium citrate titanium dioxide (ci 77891) iron oxides (ci 77491),2
titanium dioxide,2-hexanediol xanthan gum chondrus crispus (carrageenan) hydrogenated lecithin sodium citrate titanium dioxide (ci 77891) iron oxides (ci 77491) aluminum powder (ci 77000),1
titanium dioxide,77499 (iron oxides) &bull; ci 77891 (titanium dioxide),1
titanium dioxide,77891 (titanium dioxide),2
titanium dioxide,aluminum benzoate. (+/-) ci 77891,1
titanium dioxide,aluminum hydroxide +/- ci 77891/titanium dioxide,1
titanium dioxide,aluminum hydroxide +/- titanium dioxide (ci 77891),3
titanium dioxide,aluminum hydroxide; may containci 77891/titanium dioxide,1
titanium dioxide,calcium aluminum borosilicate caprylic/capric triglyceride diisostearyl malate glass beadsglyceryl caprylate mica titanium dioxide ci 77891 iron oxides ci 77491 zea mays (corn) starch zea mays starch zinc stearate p-anisic acid iron oxides ci 77499 tin oxide synthetic fluorphlogopite,1
titanium dioxide,calcium titanium borosilicate caprylic/capric triglyceride diisostearyl malateglass beadsmicasynthetic fluorphlogopite zea mays (corn) starch zea mays starch glyceryl caprylate p-anisic acid zinc stearate tin oxide titanium dioxide (ci 77891) iron oxides (ci 77491),1
titanium dioxide,camellia sinensis leaf extract  +/- titanium dioxide (ci 77891),1
titanium dioxide,camellia sinensis leaf extract +/- titanium dioxide (ci 77891),1
titanium dioxide,caprylic/capric triglyceride may contain ci 77891 (titanium dioxide),1
titanium dioxide,caprylyl glycol may contain (+/-) titanium dioxide (ci 77891),1
titanium dioxide,ci 77 891 (titanium dioxide),1
titanium dioxide,ci 77491 (iron oxides) ci 77891 (titanium dioxide),2
titanium dioxide,ci 77491 (iron oxides) octyldodecyl stearoyl stearate calcium aluminum borosilicate mica diisostearyl malate alumina ci 77891 (titanium dioxide),1
titanium dioxide,ci 77499 / iron oxides ci 77891 / titanium dioxide,1
titanium dioxide,ci 77499) *titanium dioxide (ci 77891),3
titanium dioxide,ci 77891,24
titanium dioxide,ci 77891  (titanium dioxide),2
titanium dioxide,ci 77891 (titanium diox-ide),1
titanium dioxide,ci 77891 (titanium dioxide,1
titanium dioxide,ci 77891 (titanium dioxide ),3
titanium dioxide,ci 77891 (titanium dioxide),495
titanium dioxide,ci 77891 (titanium dioxide) iln 20225,1
titanium dioxide,ci 77891 (titanium dioxide). **fermented,1
titanium dioxide,ci 77891 / titanium dioxide,63
titanium dioxide,ci 77891 / titanium dioxide ci 77491,1
titanium dioxide,ci 77891 /titanium dioxide,3
titanium dioxide,ci 77891/titanium,1
titanium dioxide,ci 77891/titanium dioxide,73
titanium dioxide,ci 77891/titaniumdioxide,1
titanium dioxide,ci77891 (titanium dioxide),1
titanium dioxide,cl 77891 (titanium dioxide),2
titanium dioxide,cl 77891 / titanium dioxide,1
titanium dioxide,cl 77891/titanium dioxide,1
titanium dioxide,copernicia cerifera (carnauba) wax +/- titanium dioxide (ci 77891),8
titanium dioxide,coumarin may contain/peut contenir titanium dioxide (ci 77891),1
titanium dioxide,diisostearyl malate octyldodecanol mica polyglyceryl-3 diisostearate polyethylene titanium dioxide (ci 77891) microcrystalline wax (cera microcristallina) hydrogenated microcrystalline wax synthetic wax iron oxides (ci 77491) carthamus tinctorius (safflower) seed oil carthamus tinctorius seed oil,1
titanium dioxide,dioxide (ci 77891),3
titanium dioxide,disodium phosphate +/- ci 77891 / titanium dioxide,1
titanium dioxide,ethylhexylglycerin +/-titanium dioxide (ci 77891),1
titanium dioxide,glycerin +/- titanium dioxide (ci 77891),1
titanium dioxide,hexylene glycol +/- ci 77891 (titanium dioxide),1
titanium dioxide,hexylene glycol +/- titanium dioxide (ci 77891),3
titanium dioxide,hexylene glycol+/- titanium dioxide (ci 77891),1
titanium dioxide,isoceteth-10 +/- titanium dioxide (ci 77891),1
titanium dioxide,isoceteth-10. +/- titanium dioxide (ci 77891),1
titanium dioxide,isoeugenol (+/-) titanium dioxide ci 77891,1
titanium dioxide,linalool. +/- (may contain/peut contenir) titanium dioxide (ci 77891),1
titanium dioxide,may contain (+/-) ci 77891 (titanium dioxides),1
titanium dioxide,may contain (+/-) titanium dioxide ci 77891,1
titanium dioxide,may contain / peut contenir (+/-) titanium dioxide (ci 77891),1
titanium dioxide,may contain ci 77891 / titanium dioxide,2
titanium dioxide,may contain ci 77891 / titanium dioxide ci 77491,1
titanium dioxide,may contain ci 77891/titanium dioxide,1
titanium dioxide,may contain/peut contenir (+/-)  titanium dioxide (ci 77891),1
titanium dioxide,may contain/peut contenir (+/-) titanium dioxide (ci 77891),1
titanium dioxide,may contain/peut contenir ci 77891/titanium dioxide,1
titanium dioxide,mica  caprylic/capric triglyceride  dimethicone  diisostearyl malate  silica  zinc stearate  caprylyl glycol  ethylhexylglycerin  alumina  tocopheryl acetate  synthetic fluorphlogopite  triethoxycaprylylsilane  c20-24 olefin  +/- titanium dioxide (ci 77891)  iron oxides (ci 77491)  iron oxides (ci 77492)  iron oxides (ci 77499)  carmine (ci 75470)  ferric ammonium ferrocyanide (ci 77510)  ferric ferrocyanide (ci 77510)  ultramarines (ci 77007)  blue 1 lake (ci 42090)  yellow 5 lake (ci 19140)  manganese violet (ci 77742)  copper powder (ci 77400)  chromium hydroxide green (ci 77289)  chromium oxide greens (ci 77288)  bronze powder (ci 77400)  aluminum powder (ci 77000)  bismuth oxychloride (ci 77163),1
titanium dioxide,mica and titanium dioxide (ci 77891),2
titanium dioxide,mica dimethicone squalane silica trimethylsiloxysilicate hydrogenated styrene/isoprene copolymer zinc stearate caprylyl glycol  ethylhexylglycerin octyldodecyl stearoyl stearate boron nitride dimethicone/vinyl dimethicone crosspolymer pentaerythrityl tetra-di-t-butyl hydroxyhydrocinnamate laureth-4 ci 77891 (titanium dioxide) ci 77491 (iron oxides) ci 77492 (iron oxides) ci 77499 (iron oxides) ci 42090 (blue 1 lake) ci 75470 (carmine) ci 77510 (ferric ammonium ferrocyanide) ci 77007 (ultramarines) ci 19140 (yellow 5 lake),1
titanium dioxide,mica dimethicone squalane titanium dioxide ci 77891 silica trimethylsiloxysilicate iron oxides ci 77499 iron oxides ci 77492 hydrogenated styrene/isoprene copolymer blue 1 lake ci 42090 zinc stearate caprylyl glycol ethylhexylglycerin octyldodecyl stearoyl stearate boron nitride dimethicone/vinyl dimethicone crosspolymer pentaerythrityl tetra-di-t-butyl hydroxyhydrocinnamate tocopherol laureth-4,1
titanium dioxide,mica; titanium dioxide (ci 77891); iron oxides (ci 77491; ci 77492; ci 77499); blue 1 lake (ci 42090); yellow 5 lake (ci 19140); red 6 (ci 15850); red 7 lake (ci 15850); red 28 lake (ci 45410); red 30 lake (ci 73360); red 33 lake (ci 17200),2
titanium dioxide,mica; titanium dioxide (ci 77891); iron oxides (ci 77491; ci 77492; ci 77499); carmine (ci 75470); yellow 5 lake (ci 19140); blue 1 lake (ci 42090); red 6 (ci 15850); red 7 lake (ci 15850); red 33 lake (ci 17200); red 30 lake (ci 73360); red 28 lake (ci 45410),1
titanium dioxide,palmitoyl tripeptide-38 +/- titanium dioxide (ci 77891),1
titanium dioxide,pentaerythrityl tetra-di-t-butyl hydroxyhydrocinnamate.  +/- ci 77891 (titanium dioxide),2
titanium dioxide,phenoxyethanol. (+/-) titanium dioxide (ci 77891),1
titanium dioxide,phosphoric acid +/- titanium dioxide (ci 77891),1
titanium dioxide,polybutene; hydrogenated polyisobutene; dextrin palmitate; bis-diglyceryl polyacyladipate-2; polydecene; magnolia officinalis bark extract; limnanthes alba (meadowfoam) seed oil; lecithin; caprylyl glycol; simethicone; pentaerythrityl tetra-di-t-butyl hydroxyhydrocinnamate; hexylene glycol; fragrance (parfum); phenoxyethanol; +/- titanium dioxide (ci 77891); iron oxides (ci 77491,1
titanium dioxide,polyethylene  +/- titanium dioxide (ci 77891),1
titanium dioxide,ridecyl trimellitate trimethylolpropane triisostearate polybutene octyldodecanol microcrystalline wax (cera microcristallina) hydrogenated polyisobutene vp/eicosene copolymer caprylic/capric triglyceride polyethylene mica stearalkonium bentonite silica hydrogenated styrene/butadiene copolymer phytosteryl isostearate propylene carbonate pentaerythrityl tetra-di-t-butyl hydroxyhydrocinnamate ethyl vanillin dicalcium phosphate rubus idaeus (raspberry) leaf extract rubus idaeus leaf extract calcium aluminum borosilicate aluminum calcium sodium silicate calcium titanium borosilicate alumina calcium sodium borosilicate synthetic fluorphlogopite tin oxide titanium dioxide (ci 77891) iron oxides (ci 77491) iron oxides (ci 77492) blue 1 lake (ci 42090) yellow 5 lake (ci 19140) red 6 (ci 15850) red 7 lake (ci 15850),1
titanium dioxide,silica (+/-) titanium dioxide ci 77891,1
titanium dioxide,sodium benzoate +/- titanium dioxide (ci 77891),2
titanium dioxide,sorbic acid (+/-) titanium dioxide ci 77891,1
titanium dioxide,synthetic fluorphlogopite  calcium aluminum borosilicate  caprylic/capric triglyceride  squalane  dimethicone  silica  dicalcium phosphate  zinc stearate  calcium sodium borosilicate  trimethylsiloxysilicate  dimethicone/vinyl dimethicone crosspolymer  hydrogenated styrene/ isoprene copolymer  tocopheryl acetate  zea mays (corn) starch  glycerin  ethylhexylglycerin  caprylyl glycol  c20-24 olefin  calcium titanium borosilicate  tin oxide  alumina  triethoxycaprylylsilane  laureth-4  pentaerythrityl tetra-di-t-butyl hydroxyhydrocinnamate  +/- mica  titanium dioxide (ci 77891)  iron oxides (ci 77491)  iron oxides (ci 77492)  iron oxides (ci 77499)  aluminum powder (ci 77000)  bismuth oxychloride (ci 77163)  bronze powder (ci 77400)  carmine (ci 75470)  chromium hydroxide green (ci 77289)  chromium oxide greens (ci 77288)  copper powder (ci 77400)  ferric ammonium ferrocyanide (ci 77510)  ferric ferrocyanide (ci 77510)  manganese violet (ci 77742)  ultramarines (ci 77007)  blue 1 lake (ci 42090)  yellow 5 lake (ci 19140),1
titanium dioxide,synthetic fluorphlogopite neopentyl glycol dicaprylate/dicaprate dimethicone titanium/titanium dioxide peg-12 dimethicone sorbitan isostearate dimethicone/vinyl dimethicone crosspolymer glycerin polysorbate 60 caprylyl glycol ethylhexylgl ycerin tin oxide 1,1
titanium dioxide,synthetic fluorphlogopite titanium dioxide ci 77891 zinc stearate carmine ci 75470 iron oxides ci 77491 iron oxides ci 77499 dimethicone iron oxides ci 77492 triethoxycaprylylsilane caprylyl glycol ethylhexylglycerin hdi/trimethylol hexyllactone crosspolymer maltodextrin silica tocopherol,1
titanium dioxide,synthetic fluorphlogopite titanium dioxide ci 77891 zinc stearate dimethicone iron oxides ci 77491 iron oxides ci 77492 carmine ci 75470 triethoxycaprylylsilane iron oxides ci 77499 caprylyl glycol ethylhexylglycerin hdi/trimethylol hexyllactone crosspolymer maltodextrin silica tocopherol,1
titanium dioxide,synthetic fluorphlogopite titanium dioxide ci 77891 zinc stearate iron oxides ci 77492 dimethicone iron oxides ci 77499 triethoxycaprylylsilane blue 1 lake ci 42090 caprylyl glycol ethylhexylglycerin hdi/trimethylol hexyllactone crosspolymer mica silica tocopherol,1
titanium dioxide,synthetic fluorphlogopite titanium dioxide ci 77891 zinc stearate iron oxides ci 77492 iron oxides ci 77499 dimethicone iron oxides ci 77491 triethoxycaprylylsilane caprylyl glycol ethylhexylglycerin hdi/trimethylol hexyllactone crosspolymer silica tocopherol,1
titanium dioxide,synthetic fluorphlogopite titanium dioxide ci 77891 zinc stearate iron oxides ci 77499 iron oxides ci 77492 dimethicone iron oxides ci 77491 triethoxycaprylylsilane caprylyl glycol ethylhexylglycerin hdi/trimethylol hexyllactone crosspolymer silica tocopherol,1
titanium dioxide,synthetic fluorphlogopite zinc stearate    titanium dioxide ci 77891  iron oxides ci 77499    iron oxides ci 77492    dimethicone    blue 1 lake ci 42090    triethoxycaprylylsilane  caprylyl glycol    ethylhexylglycerin    hdi/trimethylol hexyllactone crosspolymer silica    iron oxides ci 77491    tocopherol,1
titanium dioxide,synthetic fluorphlogopite zinc stearate triethoxycaprylylsilane caprylyl glycol dimethicone ethylhexylglycerin hdi/trimethylol hexyllactone crosspolymer alumina glycerin silica titanium dioxide (ci 77891) iron oxides (ci 77491) iron oxides (ci 77492) iron oxides (ci 77499) blue 1 lake ci 42090 carmine (ci 75470) ferric ammonium ferrocyanide (ci 77510) yellow 5 lake (ci 19140) ultramarines (ci 77007),1
titanium dioxide,talc  synthetic fluorphlogopite octyldodecyl stearoyl stearate silica diisostearyl malate mica caprylyl glycol ethylhexylglycerin tin oxide ptfe zinc stearate calcium titanium borosilicate calcium aluminum borosilicatecalcium sodium borosilicate aluminum calcium sodium silicate alumina titanium dioxide (ci 77891) iron oxides (ci 77491) iron oxides (ci 77492) iron oxides (ci 77499) aluminum powder (ci 77000) blue 1 lake (ci 42090) bronze powder (ci 77400) copper powder (ci 77400) ferric ammonium ferrocyanide (ci 77510) ferric ferrocyanide (ci 77510) manganese violet (ci 77742) yellow 5 lake (ci 19140) ultramarines (ci 77007),1
titanium dioxide,talc aluminum calcium sodium silicate octyldodecyl stearoyl stearate calcium aluminum borosilicate mica titanium dioxide ci 77891 diisostearyl malate caprylyl glycol ethylhexylglycerin iron oxides ci 77491 tin oxide carmine ci 75470 zinc stearate tocopherol,1
titanium dioxide,talc calcium aluminum borosilicate mica octyldodecyl stearoyl stearate iron oxides ci 77491 diisostearyl malate titanium dioxide ci 77891 silica zinc stearate synthetic fluorphlogopite caprylyl glycol ethylhexylglycerin carmine ci 75470 iron oxides ci 77499 tin oxide tocopherol,1
titanium dioxide,talc calcium aluminum borosilicate octyldodecyl stearoyl stearate calcium sodium borosilicate synthetic fluorphlogopite diisostearyl malate silica caprylyl glycol ethylhexylglycerin tin oxide ptfe zinc stearate ci 77891 (titanium dioxide) ci 77491 (iron oxides) ci 77492 (iron oxides) ci 77499 (iron oxides) ci 75470 (carmine),1
titanium dioxide,talc calcium sodium borosilicate synthetic fluorphlogopite octyldodecyl stearoyl stearateci 77491 (iron oxides)diisostearyl malate aluminaci 77891 (titanium dioxide)caprylyl glycol ethylhexylglycerin mica tin oxide ptfe zinc stearate calcium titanium borosilicate calcium aluminum borosilicate silica aluminum calcium sodium silicateci 77510 (ferric ferrocyanide)ci 77492 (iron oxides)corporate regulatory affairs officeci 77499 (iron oxides),1
titanium dioxide,talc mica iron oxides ci 77499 octyldodecyl stearoyl stearate diisostearyl malate titanium dioxide ci 77891 zinc stearate iron oxides ci 77491 caprylyl glycol ethylhexylglycerin iron oxides ci 77492 tocopherol,1
titanium dioxide,talc mica octyldodecyl stearoyl stearate calcium sodium borosilicate ci 77891 (titanium dioxide) diisostearyl malate ci 75470 (carmine ) ci 77400 (copper powder) ci 77491 (iron oxides) alumina ci 19140 (yellow 5 lake) caprylyl glycol ethylhexylglycerin ci 77499 (iron oxides) silica tin oxide ptfe zinc stearate synthetic fluorphlogopite calcium titanium borosilicate calcium aluminum borosilicate aluminum calcium sodium silicate ci 77492 (iron oxides),1
titanium dioxide,talc mica octyldodecyl stearoyl stearate diisostearyl malate calcium aluminum borosilicate caprylyl glycol ethylhexylglycerin tin oxide ptfe zinc stearate calcium sodium borosilicatesilica calcium titanium borosilicate synthetic fluorphlogopite aluminum calcium sodium silicate alumina titanium dioxide (ci 77891) iron oxides (ci 77491iron oxides (ci 77492) iron oxides (ci 77499) aluminum powder (ci 77000) bronze powder (ci 77400) carmine (ci 75470) copper powder (ci 77400)ferric ferrocyanide (ci 77510),1
titanium dioxide,talc mica octyldodecyl stearoyl stearate diisostearyl malate caprylyl glycol ethylhexylglycerin ptfe zinc stearate synthetic fluorphlogopite calcium aluminum borosilicate silica calcium sodium borosilicate aluminum calcium sodium silicate alumina tin oxide titanium dioxide (ci 77891) iron oxides (ci 77491) carmine (ci 75470) ferric ferrocyanide (ci 77510),1
titanium dioxide,talc mica octyldodecyl stearoyl stearate iron oxides ci 77499 titanium dioxide ci 77891 iron oxides ci 77491 diisostearyl malate caprylyl glycol ethylhexylglycerin iron oxides ci 77492 zinc stearate tocopherol,1
titanium dioxide,talc mica octyldodecyl stearoyl stearate titanium dioxide ci 77891 diisostearyl malate synthetic fluorphlogopite caprylyl glycol ethylhexylglycerin chromium oxide greens ci 77288 tin oxide zinc stearate tocopherol,1
titanium dioxide,talc mica titanium dioxide ci 77891 octyldodecyl stearoyl stearate diisostearyl malate iron oxides ci 77499 chromium oxide greens ci 77288 caprylyl glycol ethylhexylglycerin iron oxides ci 77491 zinc stearate tocopherol,1
titanium dioxide,talc octyldodecyl stearoyl stearate mica titanium dioxide ci 77891 alumina diisostearyl malate zinc stearate iron oxides ci 77491 bronze powder ci 77400 iron oxides ci 77499 silica tin oxide caprylyl glycol ethylhexylglycerin tocopherol,1
titanium dioxide,talc octyldodecyl stearoyl stearate micaci 77491 (iron oxides)silica calcium aluminum borosilicate diisostearyl malateci 77400 (copper powder)ci 77499 (iron oxides) ci 77492 (iron oxides)ci 77891 (titanium dioxide)ci 75470 (carmine)caprylyl glycol ethylhexylglycerin tin oxide ptfe zinc stearateci 77400 (bronze powder)calcium titanium borosilicate calcium sodium borosilicate aluminum calcium sodium silicate aluminacorporate regulatory affairs officesynthetic fluorphlogopiteci 77510 (ferric ferrocyanide,1
titanium dioxide,talc octyldodecyl stearoyl stearate titanium dioxide ci 77891 alumina mica diisostearyl malate aluminum powder ci 77000 synthetic fluorphlogopite zinc stearate yellow 5 lake ci 19140 silica iron oxides ci 77491 caprylyl glycol ethylhexylglycerin tin oxide ferric ammonium ferrocyanide ci 77510 ferric ferrocyanide ci 77510 iron oxides ci 77499 tocopherol,1
titanium dioxide,talc octyldodecyl stearoyl stearateci 77891 (titanium dioxide)synthetic fluorphlogopite alumina diisostearyl malate silicaci 75470 (carmine)ci 77491 (iron oxides)tin oxide caprylyl glycol ethylhexylglycerin mica ptfe zinc stearateci 77007 (ultramarines)ci 77492 (iron oxides) ci 77499 (iron oxides)ci 42090 (blue 1 lake)ci 77510 (ferric ammonium ferrocyanide)ci 19140 (yellow 5 lake)ci 77400 (bronze powder)ci 77400 (copper powder)ci 77000 (aluminum powder)calcium titanium borosilicate calcium aluminum borosilicate calcium sodium borosilicate aluminum calcium sodium silicate,1
titanium dioxide,talcci 77491 (iron oxides)synthetic fluorphlogopite octyldodecyl stearoyl stearateci 77400 (copper powder)calcium titanium borosilicate diisostearyl malateci 77492 (iron oxides) ci 77499 (iron oxides)calcium sodium borosilicate calcium aluminum borosilicateci 75470 (carmine)ci 77891 (titanium dioxide)silica caprylyl glycol ethylhexylglycerinci 19140 (yellow 5 lake)tin oxide ptfe zinc stearateci 77400 (bronze powder)aluminum calcium sodium silicate,1
titanium dioxide,tianium dioxide (ci 77891),1
titanium dioxide,tin oxide  +/- titanium dioxide (ci 77891),2
titanium dioxide,tin oxide. (+/-) titanium dioxide (ci 77891),1
titanium dioxide,tin oxide. may contain (+/-) titanium dioxide/ci 77891,1
titanium dioxide,tin oxide. may contain/peut contenir (+/-) titanium dioxide (ci 77891),1
titanium dioxide,titainium dioxide (ci 77891),1
titanium dioxide,titanium dioxide,148
titanium dioxide,titanium dioxide  (ci 77891),2
titanium dioxide,titanium dioxide (4%),1
titanium dioxide,titanium dioxide (c i77891),1
titanium dioxide,titanium dioxide (c1 77891),1
titanium dioxide,titanium dioxide (capsule),2
titanium dioxide,titanium dioxide (ci,6
titanium dioxide,titanium dioxide (ci  77891),2
titanium dioxide,titanium dioxide (ci 7781),1
titanium dioxide,titanium dioxide (ci 7789),1
titanium dioxide,titanium dioxide (ci 77891),1844
titanium dioxide,titanium dioxide (ci 77891) &lt;iln46335&gt,1
titanium dioxide,titanium dioxide (ci 77891) *hadasei-3,1
titanium dioxide,titanium dioxide (ci 77891) / iron oxides (ci 77492,1
titanium dioxide,titanium dioxide (ci 77891) <iln32953>,1
titanium dioxide,titanium dioxide (ci 77891) <iln36100>,1
titanium dioxide,titanium dioxide (ci 77891) <iln37804>,1
titanium dioxide,titanium dioxide (ci 77891) <iln38704>,1
titanium dioxide,titanium dioxide (ci 77891) <iln39034>,1
titanium dioxide,titanium dioxide (ci 77891) <iln39593>,1
titanium dioxide,titanium dioxide (ci 77891) <iln40359>,1
titanium dioxide,titanium dioxide (ci 77891) <iln40749>,1
titanium dioxide,titanium dioxide (ci 77891) <iln41076>,1
titanium dioxide,titanium dioxide (ci 77891) <iln42024>,1
titanium dioxide,titanium dioxide (ci 77891) <iln42230>,1
titanium dioxide,titanium dioxide (ci 77891) <iln43483>,1
titanium dioxide,titanium dioxide (ci 77891) <iln48834>,1
titanium dioxide,titanium dioxide (ci 77891) <iln49506>,1
titanium dioxide,titanium dioxide (ci 77891) <iln50823>,1
titanium dioxide,titanium dioxide (ci 77891) <iln50824>,1
titanium dioxide,titanium dioxide (ci 77891) <iln50825>,1
titanium dioxide,titanium dioxide (ci 77891) <iln50826>,1
titanium dioxide,titanium dioxide (ci 77891) iron oxides (ci 77491,1
titanium dioxide,titanium dioxide (ci 77891) manganese violet (ci 77742),1
titanium dioxide,titanium dioxide (ci 77891) manganese violet (ci 77742). *contains carmine as a color additive,1
titanium dioxide,titanium dioxide (ci 77891) silica trimethylsiloxysilicate talc,2
titanium dioxide,titanium dioxide (ci 77891)*,2
titanium dioxide,titanium dioxide (ci 77891)**,1
titanium dioxide,titanium dioxide (ci 77891). *contains carmine as a color additive,6
titanium dioxide,titanium dioxide (ci 77891). contains carmine as a color additive,1
titanium dioxide,titanium dioxide (ci 77891). soft pink matte (2),1
titanium dioxide,titanium dioxide (ci77891),18
titanium dioxide,titanium dioxide (cl 77891),5
titanium dioxide,titanium dioxide (titanium dioxide nano),1
titanium dioxide,titanium dioxide / ci 77891,1
titanium dioxide,titanium dioxide 0.94%,1
titanium dioxide,titanium dioxide 1.0%,1
titanium dioxide,titanium dioxide 1.00%,1
titanium dioxide,titanium dioxide 1.33%,4
titanium dioxide,titanium dioxide 1.5%water,1
titanium dioxide,titanium dioxide 1.7%water,1
titanium dioxide,titanium dioxide 1.70%water,1
titanium dioxide,titanium dioxide 1.93%,1
titanium dioxide,titanium dioxide 2%,1
titanium dioxide,titanium dioxide 2.0%,1
titanium dioxide,titanium dioxide 2.1%,1
titanium dioxide,titanium dioxide 2.3%,1
titanium dioxide,titanium dioxide 2.9%,2
titanium dioxide,titanium dioxide 3.1%,2
titanium dioxide,titanium dioxide 3.15% sunscreen,2
titanium dioxide,titanium dioxide 3.50%,1
titanium dioxide,titanium dioxide 3.6%,1
titanium dioxide,titanium dioxide 4.15%,2
titanium dioxide,titanium dioxide 4.23%,1
titanium dioxide,titanium dioxide 4.28%,1
titanium dioxide,titanium dioxide 4.9%,1
titanium dioxide,titanium dioxide 5.37%,1
titanium dioxide,titanium dioxide 5.8%,1
titanium dioxide,titanium dioxide 6.3%,2
titanium dioxide,titanium dioxide 7.30%,1
titanium dioxide,titanium dioxide 7.4%,2
titanium dioxide,titanium dioxide 7.8%,1
titanium dioxide,titanium dioxide 9%,2
titanium dioxide,titanium dioxide ci 77890,1
titanium dioxide,titanium dioxide ci 77891,78
titanium dioxide,titanium dioxide ci 77891),2
titanium dioxide,titanium dioxide nano,3
titanium dioxide,titanium dioxide nano (ci 77891),3
titanium dioxide,titanium dioxide nano / titanium dioxide,1
titanium dioxide,titanium dioxide v283863/1,1
titanium dioxide,titanium dioxide#ci 77891,3
titanium dioxide,titanium dioxide(ci 77891),12
titanium dioxide,titanium dioxide**,1
titanium dioxide,titanium dioxide/ci 77891,26
titanium dioxide,titanium dixoide (ci 77891),1
titanium dioxide,titanium oxide (ci 77891). *contains carmine as a color additive,1
titanium dioxide,titanium/titanium dioxide,5
titanium dioxide,titaniumdioxide (ci 77891),2
titanium dioxide,tocopherol  +/- ci 77891 (titanium dioxide),1
titanium dioxide,tocopherol +/- ci 77891 (titanium dioxide),1
titanium dioxide,tocopherol.  +/- ci 77891 (titanium dioxide),4
titanium dioxide,tocopherol. +/- ci 77891 (titanium dioxide),2
titanium dioxide,triisodecyl trimellitate trimethylolpropane triisostearate polybutene octyldodecanol titanium dioxide (ci 77891) microcrystalline wax (cera microcristallina) hydrogenated polyisobutene caprylic/capric triglyceride vp/eicosene copolymer polyethylene mica iron oxides (ci 77491) iron oxides (ci 77492) stearalkonium bentonite methyl methacrylate crosspolymer red 7 lake (ci 15850) hydrogenated styrene/butadiene copolymer phytosteryl isostearate propylene carbonate blue 1 lake (ci 42090) pentaerythrityl tetra-di-t- butyl hydroxyhydrocinnamate ethyl vanillin dicalcium phosphate bht rubus idaeus (raspberry) leaf extract rubus idaeus leaf extract yellow 5 lake (ci 19140) tin oxide,1
titanium dioxide,zinc oxide 6.3% may contain titanium dioxide,2
titanium dioxide,zinc stearate (+/-)titanium dioxide ci 77891,1
iron oxides,(+/-) iron oxides (ci 77491,9
iron oxides,(ci 77491,1
iron oxides,(ci 77491),1
iron oxides,(ci 77492,1
iron oxides,(edible) ci 77499 / iron oxides,1
iron oxides,(iron oxides),1
iron oxides,+/- ci 77491,9
iron oxides,+/- ci 77491 - ci 77499 (iron oxides),1
iron oxides,+/- ci 77499 (iron oxides),8
iron oxides,+/- iron oxides (ci 77491,16
iron oxides,+/- iron oxides (ci 77491),5
iron oxides,+/- iron oxides (ci 77499),3
iron oxides,+/-ci 77491,1
iron oxides,2-hexanediol xanthan gum chondrus crispus (carrageenan) hydrogenated lecithin sodium citrate iron oxides (ci 77491),1
iron oxides,2-hexanediol xanthan gum chondrus crispus (carrageenan) hydrogenated lecithin sodium citrate titanium dioxide (ci 77891) iron oxides (ci 77491),2
iron oxides,2-hexanediol xanthan gum chondrus crispus (carrageenan) hydrogenated lecithin sodium citrate titanium dioxide (ci 77891) iron oxides (ci 77491) aluminum powder (ci 77000),1
iron oxides,77499 (iron oxides),6
iron oxides,77499 (iron oxides) &bull; ci 77891 (titanium dioxide),1
iron oxides,\rci77491/ci77492/ci 77499 (iron oxides),1
iron oxides,alumina (+/-) iron oxides ci 77499,1
iron oxides,and iron oxides (ci77491),1
iron oxides,aqua (water). may contain (+/-) ci 77491 (iron oxides),1
iron oxides,aqua/water paraffin potassium cetyl phosphate copernicia cerifera cera/carnauba wax ethylene/acrylic acid copolymer styrene/acrylates/ammonium methacrylate copolymer cera alba/beeswax synthetic beeswax bis-diglyceryl polyacyladipate-2 polybutene cetyl alcohol steareth-20 glyceryl dibehenate steareth-2 c12-13 pareth-23 c12-13 pareth-3 tribehenin acacia senegal gum glyceryl behenate sodium laureth sulfate silica divinyldimethicone/dimethicone copolymer disodium edta hydrogenated jojoba oil hydrogenated palm oil hydroxyethylcellulose caprylyl glycol tetrasodium edta ethylenediamine/stearyl dimer dilinoleate copolymer butylene glycol bht pentaerythrityl tetra-di-t-butyl hydroxyhydrocinnamate potassium sorbate sodium dehydroacetate phenoxyethanol may contain ci 75470/carmine ci 77007 /ultramarines ci 77491,1
iron oxides,black iron oxide (ci 77499),4
iron oxides,black oxide (ci 77499),1
iron oxides,c l 77499 (iron oxides),1
iron oxides,calcium aluminum borosilicate caprylic/capric triglyceride diisostearyl malate glass beadsglyceryl caprylate mica titanium dioxide ci 77891 iron oxides ci 77491 zea mays (corn) starch zea mays starch zinc stearate p-anisic acid iron oxides ci 77499 tin oxide synthetic fluorphlogopite,1
iron oxides,calcium titanium borosilicate calcium sodium borosilicate aluminum calcium sodium silicate ci 77492 (iron oxides) ci 77499 (iron oxides),1
iron oxides,calcium titanium borosilicate caprylic/capric triglyceride diisostearyl malateglass beadsmicasynthetic fluorphlogopite zea mays (corn) starch zea mays starch glyceryl caprylate p-anisic acid zinc stearate tin oxide titanium dioxide (ci 77891) iron oxides (ci 77491),1
iron oxides,ci 774491/77492/774499 (iron oxides),1
iron oxides,ci 77491,277
iron oxides,ci 77491 (ci 77492 (ci 77499,5
iron oxides,ci 77491 (ci 77499,5
iron oxides,ci 77491 (iron  oxides),1
iron oxides,ci 77491 (iron oxide),3
iron oxides,ci 77491 (iron oxides ),1
iron oxides,ci 77491 (iron oxides),204
iron oxides,ci 77491 (iron oxides) ci 77499 (iron oxides),1
iron oxides,ci 77491 (iron oxides) ci 77891 (titanium dioxide),2
iron oxides,ci 77491 (iron oxides) octyldodecyl stearoyl stearate calcium aluminum borosilicate mica diisostearyl malate alumina ci 77891 (titanium dioxide),1
iron oxides,ci 77491 (iron oxides) silica ci 77499 (iron oxides) caprylyl glycol ethylhexylglycerin ptfe,1
iron oxides,ci 77491 (iron oxides). +/- ci 77499 (iron oxides),1
iron oxides,ci 77491 (red iron oxide),7
iron oxides,ci 77491 - ci 77492 (iron oxides),1
iron oxides,ci 77491 - ci 77492 - ci 77499 (iron oxides),4
iron oxides,ci 77491 - ci 77499 (iron oxides),2
iron oxides,ci 77491 / iron oxides,27
iron oxides,ci 77491 /iron oxides,1
iron oxides,ci 77491(iron oxides),1
iron oxides,ci 77491),28
iron oxides,ci 77491/  ci 77499 (iron oxides),1
iron oxides,ci 77491/ 77492/ 77499 (iron oxides),1
iron oxides,ci 77491/ ci 77492/ ci 77499 (iron oxides),2
iron oxides,ci 77491/77492 (iron oxides),3
iron oxides,ci 77491/77492/77499 (iron oxides),31
iron oxides,ci 77491/77499 (iron oxides),2
iron oxides,ci 77491/ci 77492/ci 77499 (iron oxides),24
iron oxides,ci 77491/ci 77492/ci77499 (iron oxides),1
iron oxides,ci 77491/ci77492/iron oxides,1
iron oxides,ci 77491/iron oxide,1
iron oxides,ci 77491/iron oxides,21
iron oxides,ci 77492,1147
iron oxides,ci 77492 ( iron oxides ),1
iron oxides,ci 77492 (iron,1
iron oxides,ci 77492 (iron oxides ),2
iron oxides,ci 77492 (iron oxides),139
iron oxides,ci 77492 (yellow iron oxide),2
iron oxides,ci 77492 / iron oxides,19
iron oxides,ci 77492 / iron oxides (d262212/1),1
iron oxides,ci 77492),114
iron oxides,ci 77492) red 6 lake (ci 15850),1
iron oxides,ci 77492/ iron oxides,1
iron oxides,ci 77492/77499 (iron oxides),2
iron oxides,ci 77492/iron oxides,17
iron oxides,ci 77492/yellow,1
iron oxides,ci 77499,31
iron oxides,ci 77499  (iron oxides),6
iron oxides,ci 77499 (black iron oxide),2
iron oxides,ci 77499 (iron oxide),5
iron oxides,ci 77499 (iron oxides ),1
iron oxides,ci 77499 (iron oxides),332
iron oxides,ci 77499 (iron oxides) 15941,1
iron oxides,ci 77499 (iron oxides) ci 75470 (carmine),1
iron oxides,ci 77499 / iron oxides,55
iron oxides,ci 77499 / iron oxides ci 77891 / titanium dioxide,1
iron oxides,ci 77499 / ironoxides,1
iron oxides,ci 77499 /iron oxides,1
iron oxides,ci 77499 iron oxides,1
iron oxides,ci 77499),1075
iron oxides,ci 77499) *titanium dioxide (ci 77891),3
iron oxides,ci 77499) <iln32189>,1
iron oxides,ci 77499) <iln34303>,1
iron oxides,ci 77499) <iln37355>,1
iron oxides,ci 77499) <iln38244>,1
iron oxides,ci 77499) <iln38988>rds product name brow tech to go - brow gel end division,1
iron oxides,ci 77499) <iln39126>rds product name contour palette division,1
iron oxides,ci 77499) <iln39165>,1
iron oxides,ci 77499) <iln40001>,1
iron oxides,ci 77499) <iln41964>,1
iron oxides,ci 77499) <iln43743>,1
iron oxides,ci 77499) calcium aluminum borosilicate,2
iron oxides,ci 77499) talc,3
iron oxides,ci 77499) ultramarines (ci 77007),1
iron oxides,ci 77499)*,1
iron oxides,ci 77499). *organic **natural,1
iron oxides,ci 77499); red 7 lake (ci 15850); blue 1 lake (ci 42090); manganese violet (ci 77742); yellow 5 lake (ci 19140); red 22 lake (ci 45380); red 30 lake (ci 73360); mica; red 6 (ci 15850); yellow 6 lake (ci 15985); carmine (ci 75470); bismuth oxychloride (ci 77163); red 33 lake (ci 17200); orange 5 (ci 45370); red 28 lake (ci 45410),1
iron oxides,ci 77499/black),1
iron oxides,ci 77499/iron oxides,43
iron oxides,ci 77499/iron oxides ci 77007/ultramarines,1
iron oxides,ci 77891 / titanium dioxide ci 77491,1
iron oxides,ci77491/ci77492/ci 77499 (iron oxides),1
iron oxides,ci77499 (iron oxides),4
iron oxides,ci77499 iron oxides),1
iron oxides,cl 77491 (iron oxides),1
iron oxides,cl 77491/iron oxides,1
iron oxides,cl 77492/iron oxides,1
iron oxides,cl 77499 (iron oxides),1
iron oxides,cl 77499/iron oxides,1
iron oxides,copernicia cerifera (carnauba) wax +/- iron oxides (ci 77491,3
iron oxides,diisostearyl malate octyldodecanol mica polyglyceryl-3 diisostearate polyethylene titanium dioxide (ci 77891) microcrystalline wax (cera microcristallina) hydrogenated microcrystalline wax synthetic wax iron oxides (ci 77491) carthamus tinctorius (safflower) seed oil carthamus tinctorius seed oil,1
iron oxides,ethylhexylglycerin. (+/-) iron oxides (ci 77491,1
iron oxides,ethylhexylglycerin. +/-iron oxides (ci 77491),1
iron oxides,ethylhexylglycerin. may contain (+/-) iron oxides (ci 77491),1
iron oxides,ferric ammonium ferrocyanide (ci 77510) iron oxides (ci 77491,1
iron oxides,ferric ferrocyanide (ci 77510) iron oxides,1
iron oxides,iodopropynyl butylcarbamate +/- iron oxides (ci 77499),1
iron oxides,iorn oxides (ci 77491,1
iron oxides,iron  oxides (ci 77491,1
iron oxides,iron oxide (ci 77491,9
iron oxides,iron oxide (ci 77491),34
iron oxides,iron oxide (ci 77491). *hadasei-3,2
iron oxides,iron oxide (ci 77492,4
iron oxides,iron oxide (ci 77492),14
iron oxides,iron oxide (ci 77492)**,1
iron oxides,iron oxide (ci 77499),31
iron oxides,iron oxide black (ci 77499),1
iron oxides,iron oxide ci 77491,4
iron oxides,iron oxide ci 77492,4
iron oxides,iron oxide ci 77499,5
iron oxides,iron oxide red (ci 77491),2
iron oxides,iron oxide yellow (ci 77492),1
iron oxides,iron oxide/ci 77499,1
iron oxides,iron oxides,73
iron oxides,iron oxides  (ci 77491),2
iron oxides,iron oxides ( ci 77491,7
iron oxides,iron oxides ( ci 77491),2
iron oxides,iron oxides ( ci 77499),2
iron oxides,iron oxides (c.i. 77491),1
iron oxides,iron oxides (c.i. 77499),1
iron oxides,iron oxides (c1 77491,1
iron oxides,iron oxides (ci,3
iron oxides,iron oxides (ci  77491),1
iron oxides,iron oxides (ci  77499),1
iron oxides,iron oxides (ci 77489,5
iron oxides,iron oxides (ci 7749,1
iron oxides,iron oxides (ci 7749 1),1
iron oxides,iron oxides (ci 77491,1099
iron oxides,iron oxides (ci 77491),659
iron oxides,iron oxides (ci 77491) <iln41953>,1
iron oxides,iron oxides (ci 77491) <iln44484>,1
iron oxides,iron oxides (ci 77491) carmine (ci 75470),1
iron oxides,iron oxides (ci 77491) iron oxides (ci 77499),1
iron oxides,iron oxides (ci 77491)**,2
iron oxides,iron oxides (ci 77491/77492/77499),1
iron oxides,iron oxides (ci 77491/ci 77492),1
iron oxides,iron oxides (ci 77491/ci 77492/ci 77499),10
iron oxides,iron oxides (ci 77491/red,1
iron oxides,iron oxides (ci 77492,54
iron oxides,iron oxides (ci 77492),403
iron oxides,iron oxides (ci 77492) <iln39652>,1
iron oxides,iron oxides (ci 77492) <iln40024>,1
iron oxides,iron oxides (ci 77492) <iln43311>,1
iron oxides,iron oxides (ci 77492) <iln50718>,1
iron oxides,iron oxides (ci 77492/ci 77499),1
iron oxides,iron oxides (ci 77499,29
iron oxides,iron oxides (ci 77499),483
iron oxides,iron oxides (ci 77499) <iln41516>,1
iron oxides,iron oxides (ci 77499) <iln41651>,1
iron oxides,iron oxides (ci 77499) <iln42443>,1
iron oxides,iron oxides (ci 77499) <iln43504>,1
iron oxides,iron oxides (ci 77499) <iln43629>,1
iron oxides,iron oxides (ci 77499) <iln48777>,1
iron oxides,iron oxides (ci 77499) <iln50047>,1
iron oxides,iron oxides (ci 77499) <iln50827>,1
iron oxides,iron oxides (ci 77499) ferric ammonium ferrocyanide (ci 77510),1
iron oxides,iron oxides (ci 77499)**,1
iron oxides,iron oxides (ci 77499). laureth-4,1
iron oxides,iron oxides (ci77491,4
iron oxides,iron oxides (ci77491),4
iron oxides,iron oxides (ci77492)**,1
iron oxides,iron oxides (ci77499),1
iron oxides,iron oxides (ci77499)**,1
iron oxides,iron oxides (cl 77491,3
iron oxides,iron oxides (cl 77491),2
iron oxides,iron oxides (cl 77492,1
iron oxides,iron oxides (cl 77492),2
iron oxides,iron oxides (cl 77499),2
iron oxides,iron oxides - red,1
iron oxides,iron oxides / ci 77492,1
iron oxides,iron oxides / ci 77499,1
iron oxides,iron oxides 77491,1
iron oxides,iron oxides 77491/77492/77499,1
iron oxides,iron oxides 77499,1
iron oxides,iron oxides ci,1
iron oxides,iron oxides ci 77491,46
iron oxides,iron oxides ci 77491),1
iron oxides,iron oxides ci 77492,29
iron oxides,iron oxides ci 77499,34
iron oxides,iron oxides ci 77499 black 2 ci 77266 (nano) ferric ammonium ferrocyanide ci 77510 (the allergen substances are not present corporate - regulatory affairs office) ascorbyl palmitate citric acid lecithin tocopherol disteardimonium hectorite propylene carbonate caprylyl methicone dicalcium phosphate disiloxane mica phenylpropyldimethylsiloxysilicate polyhydroxystearic acid bis-diglyceryl polyacyladipate-2 polyethylene trimethylsiloxysilicate synthetic wax dimethicone,1
iron oxides,iron oxides cl 77499,1
iron oxides,iron oxides v281684/2,1
iron oxides,iron oxides(ci 77491,3
iron oxides,iron oxides(ci 77491),1
iron oxides,iron oxides(ci 77492),1
iron oxides,iron oxides(ci 77499),2
iron oxides,iron oxides- black,1
iron oxides,iron oxides- red,1
iron oxides,iron oxides- yellow,1
iron oxides,iron oxides/ci 77491,20
iron oxides,iron oxides/ci 77492,20
iron oxides,iron oxides/ci 77499,20
iron oxides,iron oxides/ci77499,1
iron oxides,ironoxides ( ci 77491,2
iron oxides,ironoxides (ci 77491,1
iron oxides,ironoxides (ci 77499),1
iron oxides,ironoxides( ci 77492,1
iron oxides,kappaphycus alvarezii extract. may contain (+/-) ci 77492 (iron oxides),1
iron oxides,lycopene. may contain (+/-) iron oxides (ci 77491,2
iron oxides,may contain (+/-) iron oxides (ci 77491,1
iron oxides,may contain / peut contenir ci 77491,3
iron oxides,may contain / peut contenir ci 77499 / iron oxides,2
iron oxides,may contain ci 77491,2
iron oxides,may contain ci 77499/iron oxides,3
iron oxides,may contain ci 77499/iron oxides.n6,1
iron oxides,may contain ci 77891 / titanium dioxide ci 77491,1
iron oxides,may contain iron oxides,1
iron oxides,may contain iron oxides (ci 77492,1
iron oxides,may contain/peut contenir ci 77499 /iron oxides,1
iron oxides,may contain/peut contenir ci 77499/iron oxides,1
iron oxides,methicone (+/-) iron oxides ci 77491,1
iron oxides,mica  caprylic/capric triglyceride  dimethicone  diisostearyl malate  silica  zinc stearate  caprylyl glycol  ethylhexylglycerin  alumina  tocopheryl acetate  synthetic fluorphlogopite  triethoxycaprylylsilane  c20-24 olefin  +/- titanium dioxide (ci 77891)  iron oxides (ci 77491)  iron oxides (ci 77492)  iron oxides (ci 77499)  carmine (ci 75470)  ferric ammonium ferrocyanide (ci 77510)  ferric ferrocyanide (ci 77510)  ultramarines (ci 77007)  blue 1 lake (ci 42090)  yellow 5 lake (ci 19140)  manganese violet (ci 77742)  copper powder (ci 77400)  chromium hydroxide green (ci 77289)  chromium oxide greens (ci 77288)  bronze powder (ci 77400)  aluminum powder (ci 77000)  bismuth oxychloride (ci 77163),1
iron oxides,mica dimethicone squalane silica trimethylsiloxysilicate hydrogenated styrene/isoprene copolymer zinc stearate caprylyl glycol  ethylhexylglycerin octyldodecyl stearoyl stearate boron nitride dimethicone/vinyl dimethicone crosspolymer pentaerythrityl tetra-di-t-butyl hydroxyhydrocinnamate laureth-4 ci 77891 (titanium dioxide) ci 77491 (iron oxides) ci 77492 (iron oxides) ci 77499 (iron oxides) ci 42090 (blue 1 lake) ci 75470 (carmine) ci 77510 (ferric ammonium ferrocyanide) ci 77007 (ultramarines) ci 19140 (yellow 5 lake),1
iron oxides,mica dimethicone squalane titanium dioxide ci 77891 silica trimethylsiloxysilicate iron oxides ci 77499 iron oxides ci 77492 hydrogenated styrene/isoprene copolymer blue 1 lake ci 42090 zinc stearate caprylyl glycol ethylhexylglycerin octyldodecyl stearoyl stearate boron nitride dimethicone/vinyl dimethicone crosspolymer pentaerythrityl tetra-di-t-butyl hydroxyhydrocinnamate tocopherol laureth-4,1
iron oxides,mica. (+/-) iron oxides (ci 77491),1
iron oxides,mica; titanium dioxide (ci 77891); iron oxides (ci 77491; ci 77492; ci 77499); blue 1 lake (ci 42090); yellow 5 lake (ci 19140); red 6 (ci 15850); red 7 lake (ci 15850); red 28 lake (ci 45410); red 30 lake (ci 73360); red 33 lake (ci 17200),2
iron oxides,mica; titanium dioxide (ci 77891); iron oxides (ci 77491; ci 77492; ci 77499); carmine (ci 75470); yellow 5 lake (ci 19140); blue 1 lake (ci 42090); red 6 (ci 15850); red 7 lake (ci 15850); red 33 lake (ci 17200); red 30 lake (ci 73360); red 28 lake (ci 45410),1
iron oxides,oxides (ci 77491),2
iron oxides,oxides (ci 77492),3
iron oxides,oxides (ci 77499),5
iron oxides,panthenol. +/- ci 77499 (iron oxides),1
iron oxides,parfum/fragrance. may contain ci 77499/iron oxides,1
iron oxides,peg-9 polydimethylsiloxyethyl dimethicone iron oxides (ci 77491),1
iron oxides,pentaerythrityl tetra-di-t-butyl hydroxyhydrocinnamate.  +/- ci 77491,1
iron oxides,polybutene; hydrogenated polyisobutene; dextrin palmitate; bis-diglyceryl polyacyladipate-2; polydecene; magnolia officinalis bark extract; limnanthes alba (meadowfoam) seed oil; lecithin; caprylyl glycol; simethicone; pentaerythrityl tetra-di-t-butyl hydroxyhydrocinnamate; hexylene glycol; fragrance (parfum); phenoxyethanol; +/- titanium dioxide (ci 77891); iron oxides (ci 77491,1
iron oxides,polysorbate 60 +/- ci 77491,1
iron oxides,polysorbate 60. +/- ci 77499 (iron oxides),2
iron oxides,potassium sorbate. +/- ci 77499 (iron oxides),1
iron oxides,red iron oxide (ci 77491),4
iron oxides,red iron oxide ci 77491,1
iron oxides,red oxide (ci 77491),1
iron oxides,ridecyl trimellitate trimethylolpropane triisostearate polybutene octyldodecanol microcrystalline wax (cera microcristallina) hydrogenated polyisobutene vp/eicosene copolymer caprylic/capric triglyceride polyethylene mica stearalkonium bentonite silica hydrogenated styrene/butadiene copolymer phytosteryl isostearate propylene carbonate pentaerythrityl tetra-di-t-butyl hydroxyhydrocinnamate ethyl vanillin dicalcium phosphate rubus idaeus (raspberry) leaf extract rubus idaeus leaf extract calcium aluminum borosilicate aluminum calcium sodium silicate calcium titanium borosilicate alumina calcium sodium borosilicate synthetic fluorphlogopite tin oxide titanium dioxide (ci 77891) iron oxides (ci 77491) iron oxides (ci 77492) blue 1 lake (ci 42090) yellow 5 lake (ci 19140) red 6 (ci 15850) red 7 lake (ci 15850),1
iron oxides,silica (+/-) iron oxides ci 77492,2
iron oxides,silica (+/-) iron oxides ci 77499,2
iron oxides,silica. (+/-) iron oxides (ci 77491,1
iron oxides,sodium salicylate. may contain (+/-) iron oxides/ci 77491,1
iron oxides,synthetic fluorphlogopite  calcium aluminum borosilicate  caprylic/capric triglyceride  squalane  dimethicone  silica  dicalcium phosphate  zinc stearate  calcium sodium borosilicate  trimethylsiloxysilicate  dimethicone/vinyl dimethicone crosspolymer  hydrogenated styrene/ isoprene copolymer  tocopheryl acetate  zea mays (corn) starch  glycerin  ethylhexylglycerin  caprylyl glycol  c20-24 olefin  calcium titanium borosilicate  tin oxide  alumina  triethoxycaprylylsilane  laureth-4  pentaerythrityl tetra-di-t-butyl hydroxyhydrocinnamate  +/- mica  titanium dioxide (ci 77891)  iron oxides (ci 77491)  iron oxides (ci 77492)  iron oxides (ci 77499)  aluminum powder (ci 77000)  bismuth oxychloride (ci 77163)  bronze powder (ci 77400)  carmine (ci 75470)  chromium hydroxide green (ci 77289)  chromium oxide greens (ci 77288)  copper powder (ci 77400)  ferric ammonium ferrocyanide (ci 77510)  ferric ferrocyanide (ci 77510)  manganese violet (ci 77742)  ultramarines (ci 77007)  blue 1 lake (ci 42090)  yellow 5 lake (ci 19140),1
iron oxides,synthetic fluorphlogopite titanium dioxide ci 77891 zinc stearate carmine ci 75470 iron oxides ci 77491 iron oxides ci 77499 dimethicone iron oxides ci 77492 triethoxycaprylylsilane caprylyl glycol ethylhexylglycerin hdi/trimethylol hexyllactone crosspolymer maltodextrin silica tocopherol,1
iron oxides,synthetic fluorphlogopite titanium dioxide ci 77891 zinc stearate dimethicone iron oxides ci 77491 iron oxides ci 77492 carmine ci 75470 triethoxycaprylylsilane iron oxides ci 77499 caprylyl glycol ethylhexylglycerin hdi/trimethylol hexyllactone crosspolymer maltodextrin silica tocopherol,1
iron oxides,synthetic fluorphlogopite titanium dioxide ci 77891 zinc stearate iron oxides ci 77492 dimethicone iron oxides ci 77499 triethoxycaprylylsilane blue 1 lake ci 42090 caprylyl glycol ethylhexylglycerin hdi/trimethylol hexyllactone crosspolymer mica silica tocopherol,1
iron oxides,synthetic fluorphlogopite titanium dioxide ci 77891 zinc stearate iron oxides ci 77492 iron oxides ci 77499 dimethicone iron oxides ci 77491 triethoxycaprylylsilane caprylyl glycol ethylhexylglycerin hdi/trimethylol hexyllactone crosspolymer silica tocopherol,1
iron oxides,synthetic fluorphlogopite titanium dioxide ci 77891 zinc stearate iron oxides ci 77499 iron oxides ci 77492 dimethicone iron oxides ci 77491 triethoxycaprylylsilane caprylyl glycol ethylhexylglycerin hdi/trimethylol hexyllactone crosspolymer silica tocopherol,1
iron oxides,synthetic fluorphlogopite zea mays (corn) starch zea mays starch zinc stearate caprylic/capric triglyceride diisostearyl malate glyceryl caprylate p-anisic acid rosa hybrid flower extract iron oxides (ci 77491) iron oxides (ci 77492) iron oxides (ci 77499),1
iron oxides,synthetic fluorphlogopite zinc stearate    titanium dioxide ci 77891  iron oxides ci 77499    iron oxides ci 77492    dimethicone    blue 1 lake ci 42090    triethoxycaprylylsilane  caprylyl glycol    ethylhexylglycerin    hdi/trimethylol hexyllactone crosspolymer silica    iron oxides ci 77491    tocopherol,1
iron oxides,synthetic fluorphlogopite zinc stearate dimethicone triethoxycaprylylsilane caprylyl glycol ethylhexylglycerin hdi/trimethylol hexyllactone crosspolymersilica iron oxides (ci 77491)iron oxides (ci 77499)carmine (ci 75470)ultramarines (ci 77007),1
iron oxides,synthetic fluorphlogopite zinc stearate triethoxycaprylylsilane caprylyl glycol dimethicone ethylhexylglycerin hdi/trimethylol hexyllactone crosspolymer alumina glycerin silica titanium dioxide (ci 77891) iron oxides (ci 77491) iron oxides (ci 77492) iron oxides (ci 77499) blue 1 lake ci 42090 carmine (ci 75470) ferric ammonium ferrocyanide (ci 77510) yellow 5 lake (ci 19140) ultramarines (ci 77007),1
iron oxides,talc  synthetic fluorphlogopite octyldodecyl stearoyl stearate silica diisostearyl malate mica caprylyl glycol ethylhexylglycerin tin oxide ptfe zinc stearate calcium titanium borosilicate calcium aluminum borosilicatecalcium sodium borosilicate aluminum calcium sodium silicate alumina titanium dioxide (ci 77891) iron oxides (ci 77491) iron oxides (ci 77492) iron oxides (ci 77499) aluminum powder (ci 77000) blue 1 lake (ci 42090) bronze powder (ci 77400) copper powder (ci 77400) ferric ammonium ferrocyanide (ci 77510) ferric ferrocyanide (ci 77510) manganese violet (ci 77742) yellow 5 lake (ci 19140) ultramarines (ci 77007),1
iron oxides,talc aluminum calcium sodium silicate octyldodecyl stearoyl stearate calcium aluminum borosilicate mica titanium dioxide ci 77891 diisostearyl malate caprylyl glycol ethylhexylglycerin iron oxides ci 77491 tin oxide carmine ci 75470 zinc stearate tocopherol,1
iron oxides,talc calcium aluminum borosilicate mica octyldodecyl stearoyl stearate iron oxides ci 77491 diisostearyl malate titanium dioxide ci 77891 silica zinc stearate synthetic fluorphlogopite caprylyl glycol ethylhexylglycerin carmine ci 75470 iron oxides ci 77499 tin oxide tocopherol,1
iron oxides,talc calcium aluminum borosilicate octyldodecyl stearoyl stearate calcium sodium borosilicate synthetic fluorphlogopite diisostearyl malate silica caprylyl glycol ethylhexylglycerin tin oxide ptfe zinc stearate ci 77891 (titanium dioxide) ci 77491 (iron oxides) ci 77492 (iron oxides) ci 77499 (iron oxides) ci 75470 (carmine),1
iron oxides,talc calcium sodium borosilicate synthetic fluorphlogopite octyldodecyl stearoyl stearateci 77491 (iron oxides)diisostearyl malate aluminaci 77891 (titanium dioxide)caprylyl glycol ethylhexylglycerin mica tin oxide ptfe zinc stearate calcium titanium borosilicate calcium aluminum borosilicate silica aluminum calcium sodium silicateci 77510 (ferric ferrocyanide)ci 77492 (iron oxides)corporate regulatory affairs officeci 77499 (iron oxides),1
iron oxides,talc mica iron oxides ci 77499 octyldodecyl stearoyl stearate diisostearyl malate titanium dioxide ci 77891 zinc stearate iron oxides ci 77491 caprylyl glycol ethylhexylglycerin iron oxides ci 77492 tocopherol,1
iron oxides,talc mica octyldodecyl stearoyl stearate calcium sodium borosilicate ci 77891 (titanium dioxide) diisostearyl malate ci 75470 (carmine ) ci 77400 (copper powder) ci 77491 (iron oxides) alumina ci 19140 (yellow 5 lake) caprylyl glycol ethylhexylglycerin ci 77499 (iron oxides) silica tin oxide ptfe zinc stearate synthetic fluorphlogopite calcium titanium borosilicate calcium aluminum borosilicate aluminum calcium sodium silicate ci 77492 (iron oxides),1
iron oxides,talc mica octyldodecyl stearoyl stearate diisostearyl malate calcium aluminum borosilicate caprylyl glycol ethylhexylglycerin tin oxide ptfe zinc stearate calcium sodium borosilicatesilica calcium titanium borosilicate synthetic fluorphlogopite aluminum calcium sodium silicate alumina titanium dioxide (ci 77891) iron oxides (ci 77491iron oxides (ci 77492) iron oxides (ci 77499) aluminum powder (ci 77000) bronze powder (ci 77400) carmine (ci 75470) copper powder (ci 77400)ferric ferrocyanide (ci 77510),1
iron oxides,talc mica octyldodecyl stearoyl stearate diisostearyl malate caprylyl glycol ethylhexylglycerin ptfe zinc stearate synthetic fluorphlogopite calcium aluminum borosilicate silica calcium sodium borosilicate aluminum calcium sodium silicate alumina tin oxide titanium dioxide (ci 77891) iron oxides (ci 77491) carmine (ci 75470) ferric ferrocyanide (ci 77510),1
iron oxides,talc mica octyldodecyl stearoyl stearate iron oxides ci 77499 titanium dioxide ci 77891 iron oxides ci 77491 diisostearyl malate caprylyl glycol ethylhexylglycerin iron oxides ci 77492 zinc stearate tocopherol,1
iron oxides,talc mica titanium dioxide ci 77891 octyldodecyl stearoyl stearate diisostearyl malate iron oxides ci 77499 chromium oxide greens ci 77288 caprylyl glycol ethylhexylglycerin iron oxides ci 77491 zinc stearate tocopherol,1
iron oxides,talc octyldodecyl stearoyl stearate mica titanium dioxide ci 77891 alumina diisostearyl malate zinc stearate iron oxides ci 77491 bronze powder ci 77400 iron oxides ci 77499 silica tin oxide caprylyl glycol ethylhexylglycerin tocopherol,1
iron oxides,talc octyldodecyl stearoyl stearate micaci 77491 (iron oxides)silica calcium aluminum borosilicate diisostearyl malateci 77400 (copper powder)ci 77499 (iron oxides) ci 77492 (iron oxides)ci 77891 (titanium dioxide)ci 75470 (carmine)caprylyl glycol ethylhexylglycerin tin oxide ptfe zinc stearateci 77400 (bronze powder)calcium titanium borosilicate calcium sodium borosilicate aluminum calcium sodium silicate aluminacorporate regulatory affairs officesynthetic fluorphlogopiteci 77510 (ferric ferrocyanide,1
iron oxides,talc octyldodecyl stearoyl stearate titanium dioxide ci 77891 alumina mica diisostearyl malate aluminum powder ci 77000 synthetic fluorphlogopite zinc stearate yellow 5 lake ci 19140 silica iron oxides ci 77491 caprylyl glycol ethylhexylglycerin tin oxide ferric ammonium ferrocyanide ci 77510 ferric ferrocyanide ci 77510 iron oxides ci 77499 tocopherol,1
iron oxides,talc octyldodecyl stearoyl stearateci 77891 (titanium dioxide)synthetic fluorphlogopite alumina diisostearyl malate silicaci 75470 (carmine)ci 77491 (iron oxides)tin oxide caprylyl glycol ethylhexylglycerin mica ptfe zinc stearateci 77007 (ultramarines)ci 77492 (iron oxides) ci 77499 (iron oxides)ci 42090 (blue 1 lake)ci 77510 (ferric ammonium ferrocyanide)ci 19140 (yellow 5 lake)ci 77400 (bronze powder)ci 77400 (copper powder)ci 77000 (aluminum powder)calcium titanium borosilicate calcium aluminum borosilicate calcium sodium borosilicate aluminum calcium sodium silicate,1
iron oxides,talcci 77491 (iron oxides)synthetic fluorphlogopite octyldodecyl stearoyl stearateci 77400 (copper powder)calcium titanium borosilicate diisostearyl malateci 77492 (iron oxides) ci 77499 (iron oxides)calcium sodium borosilicate calcium aluminum borosilicateci 75470 (carmine)ci 77891 (titanium dioxide)silica caprylyl glycol ethylhexylglycerinci 19140 (yellow 5 lake)tin oxide ptfe zinc stearateci 77400 (bronze powder)aluminum calcium sodium silicate,1
iron oxides,tin oxide (+/-) iron oxides ci 77499,1
iron oxides,titanium dioxide (ci 77891) / iron oxides (ci 77492,1
iron oxides,titanium dioxide (ci 77891) iron oxides (ci 77491,1
iron oxides,tocopherol may contain ci 77491 (iron oxides),1
iron oxides,tocopherol.  +/- ci 77491,3
iron oxides,tocopherol.  +/- ci 77491 (iron oxides),1
iron oxides,tocopherol. may contain (+/-) iron oxides (ci 77491),1
iron oxides,triisodecyl trimellitate trimethylolpropane triisostearate polybutene octyldodecanol titanium dioxide (ci 77891) microcrystalline wax (cera microcristallina) hydrogenated polyisobutene caprylic/capric triglyceride vp/eicosene copolymer polyethylene mica iron oxides (ci 77491) iron oxides (ci 77492) stearalkonium bentonite methyl methacrylate crosspolymer red 7 lake (ci 15850) hydrogenated styrene/butadiene copolymer phytosteryl isostearate propylene carbonate blue 1 lake (ci 42090) pentaerythrityl tetra-di-t- butyl hydroxyhydrocinnamate ethyl vanillin dicalcium phosphate bht rubus idaeus (raspberry) leaf extract rubus idaeus leaf extract yellow 5 lake (ci 19140) tin oxide,1
iron oxides,yellow iron oxide (ci 77492),3
iron oxides,yellow oxide (ci 77492),1
iron oxides,zinc stearate (+/-) iron oxides ci 77492,1
