risk_category,matched_ingredient,frequency
parabens,100% cotton wick. paraben,1
parabens,100% cotton wick. paraben-,14
parabens,butylparaben,13
parabens,ethylparaben,30
parabens,isobutylparaben,3
parabens,isopropylparaben,3
parabens,methylparaben,162
parabens,methylparaben phenoxyethanol,1
parabens,n-butylparaben,3
parabens,paraben,1
parabens,propylparaben,94
parabens,propylparaben tetrasodium edta,1
parabens,sodium methylparaben,6
phthalates,6-naphthalate,1
phthalates,c264217/1 polyethylene terephthalate,1
phthalates,made from high-quality pvc (vinyl). free from harmful chemicals such as phthalates,1
phthalates,phthalate,1
phthalates,phthalate and cruelty-free,1
phthalates,phthalate-,14
phthalates,phthalate-free fragrance,5
phthalates,phthalates free fragrance,10
phthalates,polybutylene terephthalate,15
phthalates,polyethylene terephthalate,49
phthalates,polyethylene terephthalate synthetic fluorphlogopite,1
formaldehyde releasers,diazolidinyl urea,20
formaldehyde releasers,dmdm hydantoin,14
formaldehyde releasers,formaldehyde cyclododecyl ethyl acetal,1
formaldehyde releasers,formaldehyde cyclododecyl ethyl acetal (woody note/safe synthetic),3
formaldehyde releasers,imidazolidinyl urea,4
formaldehyde releasers,quaternium-15,2
fragrance,(fragrance),3
fragrance,*fragrance (parfum),1
fragrance,2 hexanediol parfum (fragrance),1
fragrance,\rparfum (fragrance),1
fragrance,alcohol denat. parfum (fragrance),2
fragrance,all natural fragrance,1
fragrance,amber musk fragrance,1
fragrance,amber musk fragrance (parfum),2
fragrance,and fragrance with a cotton wick,5
fragrance,and fragrance/parfum*,1
fragrance,aqua/water. sodium laureth sulfate. coco-betaine. laureth-5 carboxylic acid. cocamide mipa. imodimethicone. sodium chloride. polyquaternium-10. ppg-5-ceteth-20. sodium benzoate. benzophenone-4. peg-55 propylene glycol oleate. propylene glycol. salicylic acid. sodium hydroxide. benzyl salicylate. benzyl alcohol. citronellol. linalool. methyl cocoate. geraniol. sodium cocoate. shorea robusta butter. shorea robusta seed butter. ci 19140/yellow 5. ci 14700/red 4. citric acid. parfum/fragrance,1
fragrance,argania spinosa kernel oil ψ fragrance,1
fragrance,aromatics perfume (parfum),1
fragrance,bobbi brown beach fragrance,1
fragrance,brj fragrance,3
fragrance,cashmere mist fragrance,4
fragrance,citronellol (eu fragrance allergen),1
fragrance,citrus aurantium bergamia (bergamot) fruit fragrance,2
fragrance,citrus aurantium dulcis (orange) peel oil fragrance,4
fragrance,clinique happy for men fragrance,1
fragrance,clinique happy heart fragrance (parfum),1
fragrance,clinique happy perfume (parfum),1
fragrance,coumarin (eu fragrance allergen),3
fragrance,ethylhexylglycerin parfum (fragrance),1
fragrance,fragrance,985
fragrance,fragrance (natural),6
fragrance,fragrance (parfum),805
fragrance,fragrance (parfum)**,4
fragrance,fragrance (parfum). (10-16-35826),1
fragrance,fragrance (parfum). *coconut,1
fragrance,fragrance / parfum,55
fragrance,fragrance /parfum,1
fragrance,fragrance <iln35606>,1
fragrance,fragrance <iln36744>,1
fragrance,fragrance <iln37671>,1
fragrance,fragrance <iln39219>,1
fragrance,fragrance <iln39583>,1
fragrance,fragrance oil,17
fragrance,fragrance parfum,3
fragrance,fragrance(parfum),10
fragrance,fragrance**,1
fragrance,fragrance*. *plant origin,1
fragrance,fragrance+,2
fragrance,fragrance. *coconut,1
fragrance,fragrance/ parfum,2
fragrance,fragrance/flavor,1
fragrance,fragrance/parfum,365
fragrance,fragrance/parfum ceteareth-20,1
fragrance,fragrance/parfum*,27
fragrance,fragrance/parfum**,5
fragrance,fragrance/parfum*. *100% naturally derived,1
fragrance,fragrance/parfum. dae moonsoon moisture mask water,1
fragrance,fragrance/parfum.*,1
fragrance,fragrance/perfume,2
fragrance,fragrance⁄parfum,1
fragrance,geraniol and fragrance/parfum*,1
fragrance,ikat jasmine fragrance,1
fragrance,ikat jasmine fragrance (parfum),2
fragrance,james fragrance,1
fragrance,leila lou fragrance,3
fragrance,lilac path fragrance,1
fragrance,limonene and fragrance/parfum*,1
fragrance,linalool *contains natural fragrance,1
fragrance,linalool fragrance,1
fragrance,linalool. *napiers original formula. +napiers aqua formula. ++fragrances,1
fragrance,miss dior eau de parfum,1
fragrance,miss dior eau de parfum pre-filled,1
fragrance,natural fragrance,11
fragrance,natural fragrance/parfum,4
fragrance,parfum,38
fragrance,parfum (100% natural fragrance),1
fragrance,parfum (fragrance),878
fragrance,parfum (fragrance) (098/131),1
fragrance,parfum (fragrance) (235/007),1
fragrance,parfum (fragrance) (245/059),1
fragrance,parfum (fragrance)&dagger,1
fragrance,parfum (fragrance)*,3
fragrance,parfum (fragrance)**,2
fragrance,parfum (fragrance).(263/026),1
fragrance,parfum (frangrance),1
fragrance,parfum / fragrance,188
fragrance,parfum / fragrance. c219469/1,1
fragrance,parfum /fragrance,2
fragrance,parfum fragrance,1
fragrance,parfum(fragrance),6
fragrance,parfum* (fragrance),16
fragrance,parfum/ fragrance,2
fragrance,parfum/fra- grance,1
fragrance,parfum/fragrance,794
fragrance,parfum/fragrance*,2
fragrance,parfum/fragrance. c258427/1,2
fragrance,parfum/fragrance. c278987/1,1
fragrance,parfum/fragrance. c279044/1,1
fragrance,parfum/fragrance. may contain ci 77499/iron oxides,1
fragrance,parfum/fragrance. n279920/1,1
fragrance,parfum/fragrances,1
fragrance,parfume,1
fragrance,parfume/fragrance n280447/1,1
fragrance,perfume,2
fragrance,perfume (fragrance),4
fragrance,phthalate-free fragrance,5
fragrance,phthalates free fragrance,10
fragrance,pogostemon cablin oil essential oil for fragrance,1
fragrance,polybutene; hydrogenated polyisobutene; dextrin palmitate; bis-diglyceryl polyacyladipate-2; polydecene; magnolia officinalis bark extract; limnanthes alba (meadowfoam) seed oil; lecithin; caprylyl glycol; simethicone; pentaerythrityl tetra-di-t-butyl hydroxyhydrocinnamate; hexylene glycol; fragrance (parfum); phenoxyethanol; +/- titanium dioxide (ci 77891); iron oxides (ci 77491,1
fragrance,prickly pear fragrance,1
fragrance,quartz fragrance,1
fragrance,quaternium-91 fragrance (parfum),1
fragrance,rosa canina (rose hip) seed oil; blended with rosie fragrance,1
fragrance,rosa damascena oil essential oil for fragrance,1
fragrance,rosie eau de parfum,1
fragrance,santalum austrocaledonicum wood oil essential oil for fragrance,1
fragrance,vitis vinifera (grape) seed oil fragrance,2
oxybenzone,benzophenone-3,53
oxybenzone,benzophenone-3 (oxybenzone),1
oxybenzone,oxybenzone 1.5%,1
oxybenzone,oxybenzone 2.0%,1
oxybenzone,oxybenzone 5%,1
oxybenzone,oxybenzone 5.00%,1
sulfates,aqua/water paraffin potassium cetyl phosphate copernicia cerifera cera/carnauba wax ethylene/acrylic acid copolymer styrene/acrylates/ammonium methacrylate copolymer cera alba/beeswax synthetic beeswax bis-diglyceryl polyacyladipate-2 polybutene cetyl alcohol steareth-20 glyceryl dibehenate steareth-2 c12-13 pareth-23 c12-13 pareth-3 tribehenin acacia senegal gum glyceryl behenate sodium laureth sulfate silica divinyldimethicone/dimethicone copolymer disodium edta hydrogenated jojoba oil hydrogenated palm oil hydroxyethylcellulose caprylyl glycol tetrasodium edta ethylenediamine/stearyl dimer dilinoleate copolymer butylene glycol bht pentaerythrityl tetra-di-t-butyl hydroxyhydrocinnamate potassium sorbate sodium dehydroacetate phenoxyethanol may contain ci 75470/carmine ci 77007 /ultramarines ci 77491,1
sulfates,aqua/water. sodium laureth sulfate. coco-betaine. laureth-5 carboxylic acid. cocamide mipa. imodimethicone. sodium chloride. polyquaternium-10. ppg-5-ceteth-20. sodium benzoate. benzophenone-4. peg-55 propylene glycol oleate. propylene glycol. salicylic acid. sodium hydroxide. benzyl salicylate. benzyl alcohol. citronellol. linalool. methyl cocoate. geraniol. sodium cocoate. shorea robusta butter. shorea robusta seed butter. ci 19140/yellow 5. ci 14700/red 4. citric acid. parfum/fragrance,1
sulfates,sodium laureth sulfate,107
sulfates,sodium laureth sulfate (cleansing agent),1
sulfates,sodium lauryl sulfate,55
heavy metals/pigments,(+/-) ci 77891 (titanium dioxide),1
heavy metals/pigments,(+/-) iron oxides (ci 77491,9
heavy metals/pigments,(+/-) titanium dioxide (ci 77891),2
heavy metals/pigments,(edible) ci 77499 / iron oxides,1
heavy metals/pigments,(iron oxides),1
heavy metals/pigments,+/- ci 77491 - ci 77499 (iron oxides),1
heavy metals/pigments,+/- ci 77499 (iron oxides),8
heavy metals/pigments,+/- ci 77891  (titanium dioxide),1
heavy metals/pigments,+/- ci 77891 (titanium dioxide),30
heavy metals/pigments,+/- iron oxides (ci 77491,16
heavy metals/pigments,+/- iron oxides (ci 77491),5
heavy metals/pigments,+/- iron oxides (ci 77499),3
heavy metals/pigments,+/- mica  titanium dioxide (ci 77891),1
heavy metals/pigments,+/- titanium dioxide (ci 77891),126
heavy metals/pigments,1) titanium dioxide (ci 77891),1
heavy metals/pigments,2-hexanediol xanthan gum chondrus crispus (carrageenan) hydrogenated lecithin sodium citrate iron oxides (ci 77491),1
heavy metals/pigments,2-hexanediol xanthan gum chondrus crispus (carrageenan) hydrogenated lecithin sodium citrate titanium dioxide (ci 77891),1
heavy metals/pigments,2-hexanediol xanthan gum chondrus crispus (carrageenan) hydrogenated lecithin sodium citrate titanium dioxide (ci 77891) iron oxides (ci 77491),2
heavy metals/pigments,2-hexanediol xanthan gum chondrus crispus (carrageenan) hydrogenated lecithin sodium citrate titanium dioxide (ci 77891) iron oxides (ci 77491) aluminum powder (ci 77000),1
heavy metals/pigments,77499 (iron oxides),6
heavy metals/pigments,77499 (iron oxides) &bull; ci 77891 (titanium dioxide),1
heavy metals/pigments,77891 (titanium dioxide),2
heavy metals/pigments,\rci77491/ci77492/ci 77499 (iron oxides),1
heavy metals/pigments,alumina (+/-) iron oxides ci 77499,1
heavy metals/pigments,aluminum hydroxide +/- ci 77891/titanium dioxide,1
heavy metals/pigments,aluminum hydroxide +/- titanium dioxide (ci 77891),3
heavy metals/pigments,aluminum hydroxide; may containci 77891/titanium dioxide,1
heavy metals/pigments,and iron oxides (ci77491),1
heavy metals/pigments,aqua (water). may contain (+/-) ci 77491 (iron oxides),1
heavy metals/pigments,c l 77499 (iron oxides),1
heavy metals/pigments,calcium aluminum borosilicate caprylic/capric triglyceride diisostearyl malate glass beadsglyceryl caprylate mica titanium dioxide ci 77891 iron oxides ci 77491 zea mays (corn) starch zea mays starch zinc stearate p-anisic acid iron oxides ci 77499 tin oxide synthetic fluorphlogopite,1
heavy metals/pigments,calcium titanium borosilicate calcium sodium borosilicate aluminum calcium sodium silicate ci 77492 (iron oxides) ci 77499 (iron oxides),1
heavy metals/pigments,calcium titanium borosilicate caprylic/capric triglyceride diisostearyl malateglass beadsmicasynthetic fluorphlogopite zea mays (corn) starch zea mays starch glyceryl caprylate p-anisic acid zinc stearate tin oxide titanium dioxide (ci 77891) iron oxides (ci 77491),1
heavy metals/pigments,camellia sinensis leaf extract  +/- titanium dioxide (ci 77891),1
heavy metals/pigments,camellia sinensis leaf extract +/- titanium dioxide (ci 77891),1
heavy metals/pigments,caprylic/capric triglyceride may contain ci 77891 (titanium dioxide),1
heavy metals/pigments,caprylyl glycol may contain (+/-) titanium dioxide (ci 77891),1
heavy metals/pigments,chromium,3
heavy metals/pigments,chromium hydroxide green,2
heavy metals/pigments,chromium hydroxide green  (ci 77288),1
heavy metals/pigments,chromium hydroxide green (ci 77288),1
heavy metals/pigments,chromium hydroxide green (ci 772889),1
heavy metals/pigments,chromium hydroxide green (ci 77289),104
heavy metals/pigments,chromium hydroxide green (ci 77289) <iln34235>,1
heavy metals/pigments,chromium hydroxide green (ci 77289) <iln41828>,1
heavy metals/pigments,chromium hydroxide green ci 77289,1
heavy metals/pigments,chromium oxide green,2
heavy metals/pigments,chromium oxide green (ci 77288),3
heavy metals/pigments,chromium oxide greens,5
heavy metals/pigments,chromium oxide greens (ci 77288),120
heavy metals/pigments,chromium oxide greens (ci 77288) <iln41153>,1
heavy metals/pigments,chromium oxide greens (ci 77288) <iln46052>,1
heavy metals/pigments,chromium oxide greens ci 77288,6
heavy metals/pigments,chromium picolinate,1
heavy metals/pigments,chromium polynicotinate,1
heavy metals/pigments,chromium-oxide greens  (ci 77288),1
heavy metals/pigments,chromium-oxide greens (ci 77288),1
heavy metals/pigments,ci 77 891 (titanium dioxide),1
heavy metals/pigments,ci 77288 (chromium oxide green),1
heavy metals/pigments,ci 77288 (chromium oxide greens),48
heavy metals/pigments,ci 77288 / chromium oxide greens,3
heavy metals/pigments,ci 77288/chromium oxide greens,4
heavy metals/pigments,ci 77289 (chromium hydroxide green),43
heavy metals/pigments,ci 77289 / chromium hydroxide green,1
heavy metals/pigments,ci 774491/77492/774499 (iron oxides),1
heavy metals/pigments,ci 77491 (iron oxides ),1
heavy metals/pigments,ci 77491 (iron oxides),204
heavy metals/pigments,ci 77491 (iron oxides) ci 77499 (iron oxides),1
heavy metals/pigments,ci 77491 (iron oxides) ci 77891 (titanium dioxide),2
heavy metals/pigments,ci 77491 (iron oxides) octyldodecyl stearoyl stearate calcium aluminum borosilicate mica diisostearyl malate alumina ci 77891 (titanium dioxide),1
heavy metals/pigments,ci 77491 (iron oxides) silica ci 77499 (iron oxides) caprylyl glycol ethylhexylglycerin ptfe,1
heavy metals/pigments,ci 77491 (iron oxides). +/- ci 77499 (iron oxides),1
heavy metals/pigments,ci 77491 - ci 77492 (iron oxides),1
heavy metals/pigments,ci 77491 - ci 77492 - ci 77499 (iron oxides),4
heavy metals/pigments,ci 77491 - ci 77499 (iron oxides),2
heavy metals/pigments,ci 77491 / iron oxides,27
heavy metals/pigments,ci 77491 /iron oxides,1
heavy metals/pigments,ci 77491(iron oxides),1
heavy metals/pigments,ci 77491/  ci 77499 (iron oxides),1
heavy metals/pigments,ci 77491/ 77492/ 77499 (iron oxides),1
heavy metals/pigments,ci 77491/ ci 77492/ ci 77499 (iron oxides),2
heavy metals/pigments,ci 77491/77492 (iron oxides),3
heavy metals/pigments,ci 77491/77492/77499 (iron oxides),31
heavy metals/pigments,ci 77491/77499 (iron oxides),2
heavy metals/pigments,ci 77491/ci 77492/ci 77499 (iron oxides),24
heavy metals/pigments,ci 77491/ci 77492/ci77499 (iron oxides),1
heavy metals/pigments,ci 77491/ci77492/iron oxides,1
heavy metals/pigments,ci 77491/iron oxides,21
heavy metals/pigments,ci 77492 ( iron oxides ),1
heavy metals/pigments,ci 77492 (iron oxides ),2
heavy metals/pigments,ci 77492 (iron oxides),139
heavy metals/pigments,ci 77492 / iron oxides,19
heavy metals/pigments,ci 77492 / iron oxides (d262212/1),1
heavy metals/pigments,ci 77492/ iron oxides,1
heavy metals/pigments,ci 77492/77499 (iron oxides),2
heavy metals/pigments,ci 77492/iron oxides,17
heavy metals/pigments,ci 77499  (iron oxides),6
heavy metals/pigments,ci 77499 (iron oxides ),1
heavy metals/pigments,ci 77499 (iron oxides),332
heavy metals/pigments,ci 77499 (iron oxides) 15941,1
heavy metals/pigments,ci 77499 (iron oxides) ci 75470 (carmine),1
heavy metals/pigments,ci 77499 / iron oxides,55
heavy metals/pigments,ci 77499 / iron oxides ci 77891 / titanium dioxide,1
heavy metals/pigments,ci 77499 /iron oxides,1
heavy metals/pigments,ci 77499 iron oxides,1
heavy metals/pigments,ci 77499) *titanium dioxide (ci 77891),3
heavy metals/pigments,ci 77499/iron oxides,43
heavy metals/pigments,ci 77499/iron oxides ci 77007/ultramarines,1
heavy metals/pigments,ci 77891  (titanium dioxide),2
heavy metals/pigments,ci 77891 (titanium dioxide,1
heavy metals/pigments,ci 77891 (titanium dioxide ),3
heavy metals/pigments,ci 77891 (titanium dioxide),495
heavy metals/pigments,ci 77891 (titanium dioxide) iln 20225,1
heavy metals/pigments,ci 77891 (titanium dioxide). **fermented,1
heavy metals/pigments,ci 77891 / titanium dioxide,63
heavy metals/pigments,ci 77891 / titanium dioxide ci 77491,1
heavy metals/pigments,ci 77891 /titanium dioxide,3
heavy metals/pigments,ci 77891/titanium dioxide,73
heavy metals/pigments,ci77491/ci77492/ci 77499 (iron oxides),1
heavy metals/pigments,ci77499 (iron oxides),4
heavy metals/pigments,ci77499 iron oxides),1
heavy metals/pigments,ci77891 (titanium dioxide),1
heavy metals/pigments,cl 77288 (chromium oxide greens) cl 772889 ((chromium hydroxide green) cl 77491,1
heavy metals/pigments,cl 77491 (iron oxides),1
heavy metals/pigments,cl 77491/iron oxides,1
heavy metals/pigments,cl 77492/iron oxides,1
heavy metals/pigments,cl 77499 (iron oxides),1
heavy metals/pigments,cl 77499/iron oxides,1
heavy metals/pigments,cl 77891 (titanium dioxide),2
heavy metals/pigments,cl 77891 / titanium dioxide,1
heavy metals/pigments,cl 77891/titanium dioxide,1
heavy metals/pigments,copernicia cerifera (carnauba) wax +/- iron oxides (ci 77491,3
heavy metals/pigments,copernicia cerifera (carnauba) wax +/- titanium dioxide (ci 77891),8
heavy metals/pigments,coumarin may contain/peut contenir titanium dioxide (ci 77891),1
heavy metals/pigments,diisostearyl malate octyldodecanol mica polyglyceryl-3 diisostearate polyethylene titanium dioxide (ci 77891) microcrystalline wax (cera microcristallina) hydrogenated microcrystalline wax synthetic wax iron oxides (ci 77491) carthamus tinctorius (safflower) seed oil carthamus tinctorius seed oil,1
heavy metals/pigments,disodium phosphate +/- ci 77891 / titanium dioxide,1
heavy metals/pigments,ethylhexylglycerin +/-titanium dioxide (ci 77891),1
heavy metals/pigments,ethylhexylglycerin. (+/-) iron oxides (ci 77491,1
heavy metals/pigments,ethylhexylglycerin. +/-iron oxides (ci 77491),1
heavy metals/pigments,ethylhexylglycerin. may contain (+/-) iron oxides (ci 77491),1
heavy metals/pigments,eucalyptus globulus lead oil,1
heavy metals/pigments,ferric ammonium ferrocyanide (ci 77510) iron oxides (ci 77491,1
heavy metals/pigments,ferric ferrocyanide (ci 77510) iron oxides,1
heavy metals/pigments,glycerin +/- titanium dioxide (ci 77891),1
heavy metals/pigments,hexylene glycol +/- ci 77891 (titanium dioxide),1
heavy metals/pigments,hexylene glycol +/- titanium dioxide (ci 77891),3
heavy metals/pigments,hexylene glycol+/- titanium dioxide (ci 77891),1
heavy metals/pigments,iodopropynyl butylcarbamate +/- iron oxides (ci 77499),1
heavy metals/pigments,iron oxides,73
heavy metals/pigments,iron oxides  (ci 77491),2
heavy metals/pigments,iron oxides ( ci 77491,7
heavy metals/pigments,iron oxides ( ci 77491),2
heavy metals/pigments,iron oxides ( ci 77499),2
heavy metals/pigments,iron oxides (c.i. 77491),1
heavy metals/pigments,iron oxides (c.i. 77499),1
heavy metals/pigments,iron oxides (c1 77491,1
heavy metals/pigments,iron oxides (ci,3
heavy metals/pigments,iron oxides (ci  77491),1
heavy metals/pigments,iron oxides (ci  77499),1
heavy metals/pigments,iron oxides (ci 77489,5
heavy metals/pigments,iron oxides (ci 7749,1
heavy metals/pigments,iron oxides (ci 7749 1),1
heavy metals/pigments,iron oxides (ci 77491,1099
heavy metals/pigments,iron oxides (ci 77491),659
heavy metals/pigments,iron oxides (ci 77491) <iln41953>,1
heavy metals/pigments,iron oxides (ci 77491) <iln44484>,1
heavy metals/pigments,iron oxides (ci 77491) carmine (ci 75470),1
heavy metals/pigments,iron oxides (ci 77491) iron oxides (ci 77499),1
heavy metals/pigments,iron oxides (ci 77491)**,2
heavy metals/pigments,iron oxides (ci 77491/77492/77499),1
heavy metals/pigments,iron oxides (ci 77491/ci 77492),1
heavy metals/pigments,iron oxides (ci 77491/ci 77492/ci 77499),10
heavy metals/pigments,iron oxides (ci 77491/red,1
heavy metals/pigments,iron oxides (ci 77492,54
heavy metals/pigments,iron oxides (ci 77492),403
heavy metals/pigments,iron oxides (ci 77492) <iln39652>,1
heavy metals/pigments,iron oxides (ci 77492) <iln40024>,1
heavy metals/pigments,iron oxides (ci 77492) <iln43311>,1
heavy metals/pigments,iron oxides (ci 77492) <iln50718>,1
heavy metals/pigments,iron oxides (ci 77492/ci 77499),1
heavy metals/pigments,iron oxides (ci 77499,29
heavy metals/pigments,iron oxides (ci 77499),483
heavy metals/pigments,iron oxides (ci 77499) <iln41516>,1
heavy metals/pigments,iron oxides (ci 77499) <iln41651>,1
heavy metals/pigments,iron oxides (ci 77499) <iln42443>,1
heavy metals/pigments,iron oxides (ci 77499) <iln43504>,1
heavy metals/pigments,iron oxides (ci 77499) <iln43629>,1
heavy metals/pigments,iron oxides (ci 77499) <iln48777>,1
heavy metals/pigments,iron oxides (ci 77499) <iln50047>,1
heavy metals/pigments,iron oxides (ci 77499) <iln50827>,1
heavy metals/pigments,iron oxides (ci 77499) ferric ammonium ferrocyanide (ci 77510),1
heavy metals/pigments,iron oxides (ci 77499)**,1
heavy metals/pigments,iron oxides (ci 77499). laureth-4,1
heavy metals/pigments,iron oxides (ci77491,4
heavy metals/pigments,iron oxides (ci77491),4
heavy metals/pigments,iron oxides (ci77492)**,1
heavy metals/pigments,iron oxides (ci77499),1
heavy metals/pigments,iron oxides (ci77499)**,1
heavy metals/pigments,iron oxides (cl 77491,3
heavy metals/pigments,iron oxides (cl 77491),2
heavy metals/pigments,iron oxides (cl 77492,1
heavy metals/pigments,iron oxides (cl 77492),2
heavy metals/pigments,iron oxides (cl 77499),2
heavy metals/pigments,iron oxides - red,1
heavy metals/pigments,iron oxides / ci 77492,1
heavy metals/pigments,iron oxides / ci 77499,1
heavy metals/pigments,iron oxides 77491,1
heavy metals/pigments,iron oxides 77491/77492/77499,1
heavy metals/pigments,iron oxides 77499,1
heavy metals/pigments,iron oxides ci,1
heavy metals/pigments,iron oxides ci 77491,46
heavy metals/pigments,iron oxides ci 77491),1
heavy metals/pigments,iron oxides ci 77492,29
heavy metals/pigments,iron oxides ci 77499,34
heavy metals/pigments,iron oxides ci 77499 black 2 ci 77266 (nano) ferric ammonium ferrocyanide ci 77510 (the allergen substances are not present corporate - regulatory affairs office) ascorbyl palmitate citric acid lecithin tocopherol disteardimonium hectorite propylene carbonate caprylyl methicone dicalcium phosphate disiloxane mica phenylpropyldimethylsiloxysilicate polyhydroxystearic acid bis-diglyceryl polyacyladipate-2 polyethylene trimethylsiloxysilicate synthetic wax dimethicone,1
heavy metals/pigments,iron oxides cl 77499,1
heavy metals/pigments,iron oxides v281684/2,1
heavy metals/pigments,iron oxides(ci 77491,3
heavy metals/pigments,iron oxides(ci 77491),1
heavy metals/pigments,iron oxides(ci 77492),1
heavy metals/pigments,iron oxides(ci 77499),2
heavy metals/pigments,iron oxides- black,1
heavy metals/pigments,iron oxides- red,1
heavy metals/pigments,iron oxides- yellow,1
heavy metals/pigments,iron oxides/ci 77491,20
heavy metals/pigments,iron oxides/ci 77492,20
heavy metals/pigments,iron oxides/ci 77499,20
heavy metals/pigments,iron oxides/ci77499,1
heavy metals/pigments,isoceteth-10 +/- titanium dioxide (ci 77891),1
heavy metals/pigments,isoceteth-10. +/- titanium dioxide (ci 77891),1
heavy metals/pigments,isoeugenol (+/-) titanium dioxide ci 77891,1
heavy metals/pigments,kappaphycus alvarezii extract. may contain (+/-) ci 77492 (iron oxides),1
heavy metals/pigments,lead,1
heavy metals/pigments,linalool. +/- (may contain/peut contenir) titanium dioxide (ci 77891),1
heavy metals/pigments,lycopene. may contain (+/-) iron oxides (ci 77491,2
heavy metals/pigments,may contain (+/-) ci 77891 (titanium dioxides),1
heavy metals/pigments,may contain (+/-) iron oxides (ci 77491,1
heavy metals/pigments,may contain (+/-) titanium dioxide ci 77891,1
heavy metals/pigments,may contain / peut contenir (+/-) titanium dioxide (ci 77891),1
heavy metals/pigments,may contain / peut contenir ci 77499 / iron oxides,2
heavy metals/pigments,may contain ci 77499/iron oxides,3
heavy metals/pigments,may contain ci 77499/iron oxides.n6,1
heavy metals/pigments,may contain ci 77891 / titanium dioxide,2
heavy metals/pigments,may contain ci 77891 / titanium dioxide ci 77491,1
heavy metals/pigments,may contain ci 77891/titanium dioxide,1
heavy metals/pigments,may contain iron oxides,1
heavy metals/pigments,may contain iron oxides (ci 77492,1
heavy metals/pigments,may contain/peut contenir (+/-)  titanium dioxide (ci 77891),1
heavy metals/pigments,may contain/peut contenir (+/-) titanium dioxide (ci 77891),1
heavy metals/pigments,may contain/peut contenir ci 77499 /iron oxides,1
heavy metals/pigments,may contain/peut contenir ci 77499/iron oxides,1
heavy metals/pigments,may contain/peut contenir ci 77891/titanium dioxide,1
heavy metals/pigments,melaleuca alternifolia (tea tree) lead oil,1
heavy metals/pigments,methicone (+/-) iron oxides ci 77491,1
heavy metals/pigments,mica  caprylic/capric triglyceride  dimethicone  diisostearyl malate  silica  zinc stearate  caprylyl glycol  ethylhexylglycerin  alumina  tocopheryl acetate  synthetic fluorphlogopite  triethoxycaprylylsilane  c20-24 olefin  +/- titanium dioxide (ci 77891)  iron oxides (ci 77491)  iron oxides (ci 77492)  iron oxides (ci 77499)  carmine (ci 75470)  ferric ammonium ferrocyanide (ci 77510)  ferric ferrocyanide (ci 77510)  ultramarines (ci 77007)  blue 1 lake (ci 42090)  yellow 5 lake (ci 19140)  manganese violet (ci 77742)  copper powder (ci 77400)  chromium hydroxide green (ci 77289)  chromium oxide greens (ci 77288)  bronze powder (ci 77400)  aluminum powder (ci 77000)  bismuth oxychloride (ci 77163),1
heavy metals/pigments,mica and titanium dioxide (ci 77891),2
heavy metals/pigments,mica dimethicone squalane silica trimethylsiloxysilicate hydrogenated styrene/isoprene copolymer zinc stearate caprylyl glycol  ethylhexylglycerin octyldodecyl stearoyl stearate boron nitride dimethicone/vinyl dimethicone crosspolymer pentaerythrityl tetra-di-t-butyl hydroxyhydrocinnamate laureth-4 ci 77891 (titanium dioxide) ci 77491 (iron oxides) ci 77492 (iron oxides) ci 77499 (iron oxides) ci 42090 (blue 1 lake) ci 75470 (carmine) ci 77510 (ferric ammonium ferrocyanide) ci 77007 (ultramarines) ci 19140 (yellow 5 lake),1
heavy metals/pigments,mica dimethicone squalane titanium dioxide ci 77891 silica trimethylsiloxysilicate iron oxides ci 77499 iron oxides ci 77492 hydrogenated styrene/isoprene copolymer blue 1 lake ci 42090 zinc stearate caprylyl glycol ethylhexylglycerin octyldodecyl stearoyl stearate boron nitride dimethicone/vinyl dimethicone crosspolymer pentaerythrityl tetra-di-t-butyl hydroxyhydrocinnamate tocopherol laureth-4,1
heavy metals/pigments,mica. (+/-) iron oxides (ci 77491),1
heavy metals/pigments,mica; titanium dioxide (ci 77891); iron oxides (ci 77491; ci 77492; ci 77499); blue 1 lake (ci 42090); yellow 5 lake (ci 19140); red 6 (ci 15850); red 7 lake (ci 15850); red 28 lake (ci 45410); red 30 lake (ci 73360); red 33 lake (ci 17200),2
heavy metals/pigments,mica; titanium dioxide (ci 77891); iron oxides (ci 77491; ci 77492; ci 77499); carmine (ci 75470); yellow 5 lake (ci 19140); blue 1 lake (ci 42090); red 6 (ci 15850); red 7 lake (ci 15850); red 33 lake (ci 17200); red 30 lake (ci 73360); red 28 lake (ci 45410),1
heavy metals/pigments,palmitoyl tripeptide-38 +/- titanium dioxide (ci 77891),1
heavy metals/pigments,panthenol. +/- ci 77499 (iron oxides),1
heavy metals/pigments,parfum/fragrance. may contain ci 77499/iron oxides,1
heavy metals/pigments,peg-9 polydimethylsiloxyethyl dimethicone iron oxides (ci 77491),1
heavy metals/pigments,pentaerythrityl tetra-di-t-butyl hydroxyhydrocinnamate.  +/- ci 77891 (titanium dioxide),2
heavy metals/pigments,phenoxyethanol. (+/-) titanium dioxide (ci 77891),1
heavy metals/pigments,phosphoric acid +/- titanium dioxide (ci 77891),1
heavy metals/pigments,polybutene; hydrogenated polyisobutene; dextrin palmitate; bis-diglyceryl polyacyladipate-2; polydecene; magnolia officinalis bark extract; limnanthes alba (meadowfoam) seed oil; lecithin; caprylyl glycol; simethicone; pentaerythrityl tetra-di-t-butyl hydroxyhydrocinnamate; hexylene glycol; fragrance (parfum); phenoxyethanol; +/- titanium dioxide (ci 77891); iron oxides (ci 77491,1
heavy metals/pigments,polyethylene  +/- titanium dioxide (ci 77891),1
heavy metals/pigments,polysorbate 60. +/- ci 77499 (iron oxides),2
heavy metals/pigments,potassium sorbate. +/- ci 77499 (iron oxides),1
heavy metals/pigments,ridecyl trimellitate trimethylolpropane triisostearate polybutene octyldodecanol microcrystalline wax (cera microcristallina) hydrogenated polyisobutene vp/eicosene copolymer caprylic/capric triglyceride polyethylene mica stearalkonium bentonite silica hydrogenated styrene/butadiene copolymer phytosteryl isostearate propylene carbonate pentaerythrityl tetra-di-t-butyl hydroxyhydrocinnamate ethyl vanillin dicalcium phosphate rubus idaeus (raspberry) leaf extract rubus idaeus leaf extract calcium aluminum borosilicate aluminum calcium sodium silicate calcium titanium borosilicate alumina calcium sodium borosilicate synthetic fluorphlogopite tin oxide titanium dioxide (ci 77891) iron oxides (ci 77491) iron oxides (ci 77492) blue 1 lake (ci 42090) yellow 5 lake (ci 19140) red 6 (ci 15850) red 7 lake (ci 15850),1
heavy metals/pigments,silica (+/-) iron oxides ci 77492,2
heavy metals/pigments,silica (+/-) iron oxides ci 77499,2
heavy metals/pigments,silica (+/-) titanium dioxide ci 77891,1
heavy metals/pigments,silica. (+/-) iron oxides (ci 77491,1
heavy metals/pigments,sodium benzoate +/- titanium dioxide (ci 77891),2
heavy metals/pigments,sodium salicylate. may contain (+/-) iron oxides/ci 77491,1
heavy metals/pigments,sorbic acid (+/-) titanium dioxide ci 77891,1
heavy metals/pigments,synthetic fluorphlogopite  calcium aluminum borosilicate  caprylic/capric triglyceride  squalane  dimethicone  silica  dicalcium phosphate  zinc stearate  calcium sodium borosilicate  trimethylsiloxysilicate  dimethicone/vinyl dimethicone crosspolymer  hydrogenated styrene/ isoprene copolymer  tocopheryl acetate  zea mays (corn) starch  glycerin  ethylhexylglycerin  caprylyl glycol  c20-24 olefin  calcium titanium borosilicate  tin oxide  alumina  triethoxycaprylylsilane  laureth-4  pentaerythrityl tetra-di-t-butyl hydroxyhydrocinnamate  +/- mica  titanium dioxide (ci 77891)  iron oxides (ci 77491)  iron oxides (ci 77492)  iron oxides (ci 77499)  aluminum powder (ci 77000)  bismuth oxychloride (ci 77163)  bronze powder (ci 77400)  carmine (ci 75470)  chromium hydroxide green (ci 77289)  chromium oxide greens (ci 77288)  copper powder (ci 77400)  ferric ammonium ferrocyanide (ci 77510)  ferric ferrocyanide (ci 77510)  manganese violet (ci 77742)  ultramarines (ci 77007)  blue 1 lake (ci 42090)  yellow 5 lake (ci 19140),1
heavy metals/pigments,synthetic fluorphlogopite neopentyl glycol dicaprylate/dicaprate dimethicone titanium/titanium dioxide peg-12 dimethicone sorbitan isostearate dimethicone/vinyl dimethicone crosspolymer glycerin polysorbate 60 caprylyl glycol ethylhexylgl ycerin tin oxide 1,1
heavy metals/pigments,synthetic fluorphlogopite titanium dioxide ci 77891 zinc stearate carmine ci 75470 iron oxides ci 77491 iron oxides ci 77499 dimethicone iron oxides ci 77492 triethoxycaprylylsilane caprylyl glycol ethylhexylglycerin hdi/trimethylol hexyllactone crosspolymer maltodextrin silica tocopherol,1
heavy metals/pigments,synthetic fluorphlogopite titanium dioxide ci 77891 zinc stearate dimethicone iron oxides ci 77491 iron oxides ci 77492 carmine ci 75470 triethoxycaprylylsilane iron oxides ci 77499 caprylyl glycol ethylhexylglycerin hdi/trimethylol hexyllactone crosspolymer maltodextrin silica tocopherol,1
heavy metals/pigments,synthetic fluorphlogopite titanium dioxide ci 77891 zinc stearate iron oxides ci 77492 dimethicone iron oxides ci 77499 triethoxycaprylylsilane blue 1 lake ci 42090 caprylyl glycol ethylhexylglycerin hdi/trimethylol hexyllactone crosspolymer mica silica tocopherol,1
heavy metals/pigments,synthetic fluorphlogopite titanium dioxide ci 77891 zinc stearate iron oxides ci 77492 iron oxides ci 77499 dimethicone iron oxides ci 77491 triethoxycaprylylsilane caprylyl glycol ethylhexylglycerin hdi/trimethylol hexyllactone crosspolymer silica tocopherol,1
heavy metals/pigments,synthetic fluorphlogopite titanium dioxide ci 77891 zinc stearate iron oxides ci 77499 iron oxides ci 77492 dimethicone iron oxides ci 77491 triethoxycaprylylsilane caprylyl glycol ethylhexylglycerin hdi/trimethylol hexyllactone crosspolymer silica tocopherol,1
heavy metals/pigments,synthetic fluorphlogopite zea mays (corn) starch zea mays starch zinc stearate caprylic/capric triglyceride diisostearyl malate glyceryl caprylate p-anisic acid rosa hybrid flower extract iron oxides (ci 77491) iron oxides (ci 77492) iron oxides (ci 77499),1
heavy metals/pigments,synthetic fluorphlogopite zinc stearate    titanium dioxide ci 77891  iron oxides ci 77499    iron oxides ci 77492    dimethicone    blue 1 lake ci 42090    triethoxycaprylylsilane  caprylyl glycol    ethylhexylglycerin    hdi/trimethylol hexyllactone crosspolymer silica    iron oxides ci 77491    tocopherol,1
heavy metals/pigments,synthetic fluorphlogopite zinc stearate dimethicone triethoxycaprylylsilane caprylyl glycol ethylhexylglycerin hdi/trimethylol hexyllactone crosspolymersilica iron oxides (ci 77491)iron oxides (ci 77499)carmine (ci 75470)ultramarines (ci 77007),1
heavy metals/pigments,synthetic fluorphlogopite zinc stearate triethoxycaprylylsilane caprylyl glycol dimethicone ethylhexylglycerin hdi/trimethylol hexyllactone crosspolymer alumina glycerin silica titanium dioxide (ci 77891) iron oxides (ci 77491) iron oxides (ci 77492) iron oxides (ci 77499) blue 1 lake ci 42090 carmine (ci 75470) ferric ammonium ferrocyanide (ci 77510) yellow 5 lake (ci 19140) ultramarines (ci 77007),1
heavy metals/pigments,talc  synthetic fluorphlogopite octyldodecyl stearoyl stearate silica diisostearyl malate mica caprylyl glycol ethylhexylglycerin tin oxide ptfe zinc stearate calcium titanium borosilicate calcium aluminum borosilicatecalcium sodium borosilicate aluminum calcium sodium silicate alumina titanium dioxide (ci 77891) iron oxides (ci 77491) iron oxides (ci 77492) iron oxides (ci 77499) aluminum powder (ci 77000) blue 1 lake (ci 42090) bronze powder (ci 77400) copper powder (ci 77400) ferric ammonium ferrocyanide (ci 77510) ferric ferrocyanide (ci 77510) manganese violet (ci 77742) yellow 5 lake (ci 19140) ultramarines (ci 77007),1
heavy metals/pigments,talc aluminum calcium sodium silicate octyldodecyl stearoyl stearate calcium aluminum borosilicate mica titanium dioxide ci 77891 diisostearyl malate caprylyl glycol ethylhexylglycerin iron oxides ci 77491 tin oxide carmine ci 75470 zinc stearate tocopherol,1
heavy metals/pigments,talc calcium aluminum borosilicate mica octyldodecyl stearoyl stearate iron oxides ci 77491 diisostearyl malate titanium dioxide ci 77891 silica zinc stearate synthetic fluorphlogopite caprylyl glycol ethylhexylglycerin carmine ci 75470 iron oxides ci 77499 tin oxide tocopherol,1
heavy metals/pigments,talc calcium aluminum borosilicate octyldodecyl stearoyl stearate calcium sodium borosilicate synthetic fluorphlogopite diisostearyl malate silica caprylyl glycol ethylhexylglycerin tin oxide ptfe zinc stearate ci 77891 (titanium dioxide) ci 77491 (iron oxides) ci 77492 (iron oxides) ci 77499 (iron oxides) ci 75470 (carmine),1
heavy metals/pigments,talc calcium sodium borosilicate synthetic fluorphlogopite octyldodecyl stearoyl stearateci 77491 (iron oxides)diisostearyl malate aluminaci 77891 (titanium dioxide)caprylyl glycol ethylhexylglycerin mica tin oxide ptfe zinc stearate calcium titanium borosilicate calcium aluminum borosilicate silica aluminum calcium sodium silicateci 77510 (ferric ferrocyanide)ci 77492 (iron oxides)corporate regulatory affairs officeci 77499 (iron oxides),1
heavy metals/pigments,talc mica iron oxides ci 77499 octyldodecyl stearoyl stearate diisostearyl malate titanium dioxide ci 77891 zinc stearate iron oxides ci 77491 caprylyl glycol ethylhexylglycerin iron oxides ci 77492 tocopherol,1
heavy metals/pigments,talc mica octyldodecyl stearoyl stearate calcium sodium borosilicate ci 77891 (titanium dioxide) diisostearyl malate ci 75470 (carmine ) ci 77400 (copper powder) ci 77491 (iron oxides) alumina ci 19140 (yellow 5 lake) caprylyl glycol ethylhexylglycerin ci 77499 (iron oxides) silica tin oxide ptfe zinc stearate synthetic fluorphlogopite calcium titanium borosilicate calcium aluminum borosilicate aluminum calcium sodium silicate ci 77492 (iron oxides),1
heavy metals/pigments,talc mica octyldodecyl stearoyl stearate diisostearyl malate calcium aluminum borosilicate caprylyl glycol ethylhexylglycerin tin oxide ptfe zinc stearate calcium sodium borosilicatesilica calcium titanium borosilicate synthetic fluorphlogopite aluminum calcium sodium silicate alumina titanium dioxide (ci 77891) iron oxides (ci 77491iron oxides (ci 77492) iron oxides (ci 77499) aluminum powder (ci 77000) bronze powder (ci 77400) carmine (ci 75470) copper powder (ci 77400)ferric ferrocyanide (ci 77510),1
heavy metals/pigments,talc mica octyldodecyl stearoyl stearate diisostearyl malate caprylyl glycol ethylhexylglycerin ptfe zinc stearate synthetic fluorphlogopite calcium aluminum borosilicate silica calcium sodium borosilicate aluminum calcium sodium silicate alumina tin oxide titanium dioxide (ci 77891) iron oxides (ci 77491) carmine (ci 75470) ferric ferrocyanide (ci 77510),1
heavy metals/pigments,talc mica octyldodecyl stearoyl stearate iron oxides ci 77499 titanium dioxide ci 77891 iron oxides ci 77491 diisostearyl malate caprylyl glycol ethylhexylglycerin iron oxides ci 77492 zinc stearate tocopherol,1
heavy metals/pigments,talc mica octyldodecyl stearoyl stearate titanium dioxide ci 77891 diisostearyl malate synthetic fluorphlogopite caprylyl glycol ethylhexylglycerin chromium oxide greens ci 77288 tin oxide zinc stearate tocopherol,1
heavy metals/pigments,talc mica titanium dioxide ci 77891 octyldodecyl stearoyl stearate diisostearyl malate iron oxides ci 77499 chromium oxide greens ci 77288 caprylyl glycol ethylhexylglycerin iron oxides ci 77491 zinc stearate tocopherol,1
heavy metals/pigments,talc octyldodecyl stearoyl stearate mica titanium dioxide ci 77891 alumina diisostearyl malate zinc stearate iron oxides ci 77491 bronze powder ci 77400 iron oxides ci 77499 silica tin oxide caprylyl glycol ethylhexylglycerin tocopherol,1
heavy metals/pigments,talc octyldodecyl stearoyl stearate micaci 77491 (iron oxides)silica calcium aluminum borosilicate diisostearyl malateci 77400 (copper powder)ci 77499 (iron oxides) ci 77492 (iron oxides)ci 77891 (titanium dioxide)ci 75470 (carmine)caprylyl glycol ethylhexylglycerin tin oxide ptfe zinc stearateci 77400 (bronze powder)calcium titanium borosilicate calcium sodium borosilicate aluminum calcium sodium silicate aluminacorporate regulatory affairs officesynthetic fluorphlogopiteci 77510 (ferric ferrocyanide,1
heavy metals/pigments,talc octyldodecyl stearoyl stearate titanium dioxide ci 77891 alumina mica diisostearyl malate aluminum powder ci 77000 synthetic fluorphlogopite zinc stearate yellow 5 lake ci 19140 silica iron oxides ci 77491 caprylyl glycol ethylhexylglycerin tin oxide ferric ammonium ferrocyanide ci 77510 ferric ferrocyanide ci 77510 iron oxides ci 77499 tocopherol,1
heavy metals/pigments,talc octyldodecyl stearoyl stearateci 77891 (titanium dioxide)synthetic fluorphlogopite alumina diisostearyl malate silicaci 75470 (carmine)ci 77491 (iron oxides)tin oxide caprylyl glycol ethylhexylglycerin mica ptfe zinc stearateci 77007 (ultramarines)ci 77492 (iron oxides) ci 77499 (iron oxides)ci 42090 (blue 1 lake)ci 77510 (ferric ammonium ferrocyanide)ci 19140 (yellow 5 lake)ci 77400 (bronze powder)ci 77400 (copper powder)ci 77000 (aluminum powder)calcium titanium borosilicate calcium aluminum borosilicate calcium sodium borosilicate aluminum calcium sodium silicate,1
heavy metals/pigments,talcci 77491 (iron oxides)synthetic fluorphlogopite octyldodecyl stearoyl stearateci 77400 (copper powder)calcium titanium borosilicate diisostearyl malateci 77492 (iron oxides) ci 77499 (iron oxides)calcium sodium borosilicate calcium aluminum borosilicateci 75470 (carmine)ci 77891 (titanium dioxide)silica caprylyl glycol ethylhexylglycerinci 19140 (yellow 5 lake)tin oxide ptfe zinc stearateci 77400 (bronze powder)aluminum calcium sodium silicate,1
heavy metals/pigments,tin oxide  +/- titanium dioxide (ci 77891),2
heavy metals/pigments,tin oxide (+/-) iron oxides ci 77499,1
heavy metals/pigments,tin oxide. (+/-) titanium dioxide (ci 77891),1
heavy metals/pigments,tin oxide. may contain (+/-) titanium dioxide/ci 77891,1
heavy metals/pigments,tin oxide. may contain/peut contenir (+/-) titanium dioxide (ci 77891),1
heavy metals/pigments,titanium dioxide,148
heavy metals/pigments,titanium dioxide  (ci 77891),2
heavy metals/pigments,titanium dioxide (4%),1
heavy metals/pigments,titanium dioxide (c i77891),1
heavy metals/pigments,titanium dioxide (c1 77891),1
heavy metals/pigments,titanium dioxide (capsule),2
heavy metals/pigments,titanium dioxide (ci,6
heavy metals/pigments,titanium dioxide (ci  77891),2
heavy metals/pigments,titanium dioxide (ci 7781),1
heavy metals/pigments,titanium dioxide (ci 7789),1
heavy metals/pigments,titanium dioxide (ci 77891),1844
heavy metals/pigments,titanium dioxide (ci 77891) &lt;iln46335&gt,1
heavy metals/pigments,titanium dioxide (ci 77891) *hadasei-3,1
heavy metals/pigments,titanium dioxide (ci 77891) / iron oxides (ci 77492,1
heavy metals/pigments,titanium dioxide (ci 77891) <iln32953>,1
heavy metals/pigments,titanium dioxide (ci 77891) <iln36100>,1
heavy metals/pigments,titanium dioxide (ci 77891) <iln37804>,1
heavy metals/pigments,titanium dioxide (ci 77891) <iln38704>,1
heavy metals/pigments,titanium dioxide (ci 77891) <iln39034>,1
heavy metals/pigments,titanium dioxide (ci 77891) <iln39593>,1
heavy metals/pigments,titanium dioxide (ci 77891) <iln40359>,1
heavy metals/pigments,titanium dioxide (ci 77891) <iln40749>,1
heavy metals/pigments,titanium dioxide (ci 77891) <iln41076>,1
heavy metals/pigments,titanium dioxide (ci 77891) <iln42024>,1
heavy metals/pigments,titanium dioxide (ci 77891) <iln42230>,1
heavy metals/pigments,titanium dioxide (ci 77891) <iln43483>,1
heavy metals/pigments,titanium dioxide (ci 77891) <iln48834>,1
heavy metals/pigments,titanium dioxide (ci 77891) <iln49506>,1
heavy metals/pigments,titanium dioxide (ci 77891) <iln50823>,1
heavy metals/pigments,titanium dioxide (ci 77891) <iln50824>,1
heavy metals/pigments,titanium dioxide (ci 77891) <iln50825>,1
heavy metals/pigments,titanium dioxide (ci 77891) <iln50826>,1
heavy metals/pigments,titanium dioxide (ci 77891) iron oxides (ci 77491,1
heavy metals/pigments,titanium dioxide (ci 77891) manganese violet (ci 77742),1
heavy metals/pigments,titanium dioxide (ci 77891) manganese violet (ci 77742). *contains carmine as a color additive,1
heavy metals/pigments,titanium dioxide (ci 77891) silica trimethylsiloxysilicate talc,2
heavy metals/pigments,titanium dioxide (ci 77891)*,2
heavy metals/pigments,titanium dioxide (ci 77891)**,1
heavy metals/pigments,titanium dioxide (ci 77891). *contains carmine as a color additive,6
heavy metals/pigments,titanium dioxide (ci 77891). contains carmine as a color additive,1
heavy metals/pigments,titanium dioxide (ci 77891). soft pink matte (2),1
heavy metals/pigments,titanium dioxide (ci77891),18
heavy metals/pigments,titanium dioxide (cl 77891),5
heavy metals/pigments,titanium dioxide (titanium dioxide nano),1
heavy metals/pigments,titanium dioxide / ci 77891,1
heavy metals/pigments,titanium dioxide 0.94%,1
heavy metals/pigments,titanium dioxide 1.0%,1
heavy metals/pigments,titanium dioxide 1.00%,1
heavy metals/pigments,titanium dioxide 1.33%,4
heavy metals/pigments,titanium dioxide 1.5%water,1
heavy metals/pigments,titanium dioxide 1.7%water,1
heavy metals/pigments,titanium dioxide 1.70%water,1
heavy metals/pigments,titanium dioxide 1.93%,1
heavy metals/pigments,titanium dioxide 2%,1
heavy metals/pigments,titanium dioxide 2.0%,1
heavy metals/pigments,titanium dioxide 2.1%,1
heavy metals/pigments,titanium dioxide 2.3%,1
heavy metals/pigments,titanium dioxide 2.9%,2
heavy metals/pigments,titanium dioxide 3.1%,2
heavy metals/pigments,titanium dioxide 3.15% sunscreen,2
heavy metals/pigments,titanium dioxide 3.50%,1
heavy metals/pigments,titanium dioxide 3.6%,1
heavy metals/pigments,titanium dioxide 4.15%,2
heavy metals/pigments,titanium dioxide 4.23%,1
heavy metals/pigments,titanium dioxide 4.28%,1
heavy metals/pigments,titanium dioxide 4.9%,1
heavy metals/pigments,titanium dioxide 5.37%,1
heavy metals/pigments,titanium dioxide 5.8%,1
heavy metals/pigments,titanium dioxide 6.3%,2
heavy metals/pigments,titanium dioxide 7.30%,1
heavy metals/pigments,titanium dioxide 7.4%,2
heavy metals/pigments,titanium dioxide 7.8%,1
heavy metals/pigments,titanium dioxide 9%,2
heavy metals/pigments,titanium dioxide ci 77890,1
heavy metals/pigments,titanium dioxide ci 77891,78
heavy metals/pigments,titanium dioxide ci 77891),2
heavy metals/pigments,titanium dioxide nano,3
heavy metals/pigments,titanium dioxide nano (ci 77891),3
heavy metals/pigments,titanium dioxide nano / titanium dioxide,1
heavy metals/pigments,titanium dioxide v283863/1,1
heavy metals/pigments,titanium dioxide#ci 77891,3
heavy metals/pigments,titanium dioxide(ci 77891),12
heavy metals/pigments,titanium dioxide**,1
heavy metals/pigments,titanium dioxide/ci 77891,26
heavy metals/pigments,titanium/titanium dioxide,5
heavy metals/pigments,tocopherol  +/- ci 77891 (titanium dioxide),1
heavy metals/pigments,tocopherol +/- ci 77891 (titanium dioxide),1
heavy metals/pigments,tocopherol may contain ci 77491 (iron oxides),1
heavy metals/pigments,tocopherol.  +/- ci 77491 (iron oxides),1
heavy metals/pigments,tocopherol.  +/- ci 77891 (titanium dioxide),4
heavy metals/pigments,tocopherol. +/- ci 77891 (titanium dioxide),2
heavy metals/pigments,tocopherol. may contain (+/-) iron oxides (ci 77491),1
heavy metals/pigments,triisodecyl trimellitate trimethylolpropane triisostearate polybutene octyldodecanol titanium dioxide (ci 77891) microcrystalline wax (cera microcristallina) hydrogenated polyisobutene caprylic/capric triglyceride vp/eicosene copolymer polyethylene mica iron oxides (ci 77491) iron oxides (ci 77492) stearalkonium bentonite methyl methacrylate crosspolymer red 7 lake (ci 15850) hydrogenated styrene/butadiene copolymer phytosteryl isostearate propylene carbonate blue 1 lake (ci 42090) pentaerythrityl tetra-di-t- butyl hydroxyhydrocinnamate ethyl vanillin dicalcium phosphate bht rubus idaeus (raspberry) leaf extract rubus idaeus leaf extract yellow 5 lake (ci 19140) tin oxide,1
heavy metals/pigments,zinc oxide 6.3% may contain titanium dioxide,2
heavy metals/pigments,zinc stearate (+/-) iron oxides ci 77492,1
heavy metals/pigments,zinc stearate (+/-)titanium dioxide ci 77891,1
