product_id,product_name,brand_name,ingredients,ingredients_parsed,ingredient_count_check
P438628,Contouring + De-Puffing Rose Quartz Roller,BeautyBio,['100% Brazilian Rose Quartz.'],100% brazilian rose quartz,1
P438630,Contouring + De-Puffing Rose Quartz GloPRO Attachment Head,BeautyBio,['100% Brazilian Rose Quartz.'],100% brazilian rose quartz,1
P228913,ORIGINAL BEAUTYBLENDER Makeup Sponge,beautyblender,['Non-latex foam.'],non-latex foam,1
P429235,BEAUTYBLUSHER Makeup Sponge,beautyblender,['Latex Free Polyurethane Foam.'],latex free polyurethane foam,1
P468345,Biopure Sustainable Green Makeup Sponge,beautyblender,['Non-Latex Foam.'],non-latex foam,1
P500981,Dream Makeup Sponge,beautyblender,['Beautyblender sponge'],beautyblender sponge,1
P416564,100% Sugarcane Squalane Oil,Biossance,['Squalane Oil.'],squalane oil,1
P270551,Skin Foundation SPF 15,Bobbi Brown,"['Octinoxate 7.50%, Titanium Dioxide 1.00%']",octinoxate 7.50% | titanium dioxide 1.00%,2
P501743,Slow Burn Candle,Boy Smells,['All-Natural Coconut and Beeswax Blend. Paraffin-Free. 100% Braided Cotton Wick.'],all-natural coconut and beeswax blend. paraffin-free. 100% braided cotton wick,1
P501742,LES Candle,Boy Smells,['All-Natural Coconut and Beeswax Blend. Paraffin-Free. 100% Braided Cotton Wick.'],all-natural coconut and beeswax blend. paraffin-free. 100% braided cotton wick,1
P501703,"Cameo, Hinoki Fantôme, LES Mini Candle Trio Set",Boy Smells,['All-Natural Coconut and Beeswax Blend. Paraffin-Free. 100% Braided Cotton Wick.'],all-natural coconut and beeswax blend. paraffin-free. 100% braided cotton wick,1
P501764,Cashmere Kush Candle,Boy Smells,['All-Natural Coconut and Beeswax Blend. Paraffin-Free. 100% Braided Cotton Wick.'],all-natural coconut and beeswax blend. paraffin-free. 100% braided cotton wick,1
P501212,Mini Candle Trio Set,Boy Smells,['All-Natural Coconut and Beeswax Blend. Paraffin-Free. 100% Braided Cotton Wick.'],all-natural coconut and beeswax blend. paraffin-free. 100% braided cotton wick,1
P501740,Hinoki Fantôme Candle,Boy Smells,['All-Natural Coconut and Beeswax Blend. Paraffin-Free. 100% Braided Cotton Wick.'],all-natural coconut and beeswax blend. paraffin-free. 100% braided cotton wick,1
P501753,Copal Fantome Candle,Boy Smells,['All-Natural Coconut and Beeswax Blend. Paraffin-Free. 100% Braided Cotton Wick.'],all-natural coconut and beeswax blend. paraffin-free. 100% braided cotton wick,1
P501718,Broken Rosary Candle,Boy Smells,['All-Natural Coconut-Beeswax Blend. Paraffin-Free. 100% Braided Cotton Wick.'],all-natural coconut-beeswax blend. paraffin-free. 100% braided cotton wick,1
P501720,Polyamberous Candle,Boy Smells,['All-natural coconut and beeswax blend. Paraffin-free. 100% braided cotton wick.'],all-natural coconut and beeswax blend. paraffin-free. 100% braided cotton wick,1
P501750,Kush Candle,Boy Smells,['All-Natural Coconut and Beeswax Blend. Paraffin-Free. 100% Braided Cotton Wick.'],all-natural coconut and beeswax blend. paraffin-free. 100% braided cotton wick,1
P501737,Cedar Stack Candle,Boy Smells,['All-Natural Coconut and Beeswax Blend. Paraffin-Free. 100% Braided Cotton Wick.'],all-natural coconut and beeswax blend. paraffin-free. 100% braided cotton wick,1
P501739,Cameo Candle,Boy Smells,['All-Natural Coconut and Beeswax Blend. Paraffin-Free. 100% Braided Cotton Wick.'],all-natural coconut and beeswax blend. paraffin-free. 100% braided cotton wick,1
P501724,Thé Fantôme Candle,Boy Smells,['All-Natural Coconut and Beeswax Blend. Paraffin-Free. 100% Braided Cotton Wick.'],all-natural coconut and beeswax blend. paraffin-free. 100% braided cotton wick,1
P501757,Incensorial Candle,Boy Smells,['All-Natural Coconut-Beeswax Blend. Paraffin-Free. 100% Braided Cotton Wick.'],all-natural coconut-beeswax blend. paraffin-free. 100% braided cotton wick,1
P501770,Figurare Candle,Boy Smells,['All-Natural Coconut-Beeswax Blend. Paraffin-Free. 100% Braided Cotton Wick.'],all-natural coconut-beeswax blend. paraffin-free. 100% braided cotton wick,1
P501754,Lanai Candle,Boy Smells,['All-Natural Coconut and Beeswax Blend. Paraffin-Free. 100% Braided Cotton Wick.'],all-natural coconut and beeswax blend. paraffin-free. 100% braided cotton wick,1
P501735,Neopeche Candle,Boy Smells,['All-natural coconut and beeswax blend. Paraffin-free. 100% braided cotton wick.'],all-natural coconut and beeswax blend. paraffin-free. 100% braided cotton wick,1
P501702,Fleurshadow Candle,Boy Smells,['All-Natural Coconut and Beeswax Blend. Paraffin-Free. 100% Braided Cotton Wick.'],all-natural coconut and beeswax blend. paraffin-free. 100% braided cotton wick,1
P469027,100% Macadamia-Oil Concentrate Fragrance Free for Hair and Body,BREAD BEAUTY SUPPLY,['Macadamia Integrifolia Seed Oil.'],macadamia integrifolia seed oil,1
P458943,"Be Gentle, Be Kind Avocado + Kiwi Mega Moisture Superfoods Hair Mask",Briogeo,['Avocado: Contains a robust fatty-acid composition that nourishes and conditions hair.'],contains a robust fatty-acid composition that nourishes and conditions hair,1
P461430,"Be Gentle, Be Kind Aloe + Oat Milk Ultra Soothing Fragrance-Free Detangler",Briogeo,['Aloe Vera: Contains vitamins and minerals that are known to provide anti-microbial and irritation-minimizing benefits.'],contains vitamins and minerals that are known to provide anti-microbial and irritation-minimizing benefits,1
P446341,Superfoods Banana + Coconut Nourishing Conditioner,Briogeo,['Banana: Contains potassium and antioxidants to nurture and protect hair. -'],contains potassium and antioxidants to nurture and protect hair. -,1
P434008,Eye Smudger Brush,Charlotte Tilbury,['Synthetic Bristles.'],synthetic bristles,1
P392245,Virgin Marula Luxury Face Oil,Drunk Elephant,['100% Unrefined Sclerocraya Birrea (Marula) Kernel Oil.'],100% unrefined sclerocraya birrea (marula) kernel oil,1
P424378,Mini Virgin Marula LuxuryFace Oil,Drunk Elephant,['100% Unrefined Sclerocraya Birrea (Marula) Kernel Oil.'],100% unrefined sclerocraya birrea (marula) kernel oil,1
P463287,ISO GAMMA SUPER Eau de Parfum Travel Spray,Ellis Brooklyn,"['Alcohol denat., Parfum (fragrance).']",alcohol denat | parfum (fragrance),2
P453911,ISO GAMMA SUPER Eau de Parfum,Ellis Brooklyn,"['Alcohol denat., Parfum (fragrance).']",alcohol denat | parfum (fragrance),2
P500416,Magnetic Half Lashes,Glamnetic,['High-Quality Synthetic Fiber.'],high-quality synthetic fiber,1
P500394,Magnetic False Lashes - Brown,Glamnetic,['High Quality Synthetic Fiber.'],high quality synthetic fiber,1
P483686,House of Lashes Iconic False Eyelashes,House of Lashes,"['Synthetic Fibers, Cotton Nylon Band.']",synthetic fibers | cotton nylon band,2
P420239,Easy Lash Collection,HUDA BEAUTY,"['Synthetic Fibers, Cotton Band.']",synthetic fibers | cotton band,2
P461217,Illuminator Liquid Highlight,Iconic London,"['Hydrogenated Didecene Isododecane Hydrogenated Polyisobutene Mica Hydrogenated Polycyclopentadiene Hydrogenated Styrene/Isoprene Copolymer Triethoxycaprylylsilane 1,2-Hexanediol Caprylyl Glycol May Contain: CI 77491 (Iron Oxides) CI 77891 (Titanium Dioxide).']",hydrogenated didecene isododecane hydrogenated polyisobutene mica hydrogenated polycyclopentadiene hydrogenated styrene/isoprene copolymer triethoxycaprylylsilane 1 | ci 77491 (iron oxides) ci 77891 (titanium dioxide),2
P218700,100 percent Pure Argan Oil,Josie Maran,['Argania Spinosa (Argan) Kernel Oil.'],argania spinosa (argan) kernel oil,1
P448443,Discipline Oleo-Relax Anti-Frizz Shampoo,Kérastase,['Aqua/Water. Sodium Laureth Sulfate. Coco-Betaine. Laureth-5 Carboxylic Acid. Cocamide Mipa. Imodimethicone. Sodium Chloride. Polyquaternium-10. Ppg-5-Ceteth-20. Sodium Benzoate. Benzophenone-4. Peg-55 Propylene Glycol Oleate. Propylene Glycol. Salicylic Acid. Sodium Hydroxide. Benzyl Salicylate. Benzyl Alcohol. Citronellol. Linalool. Methyl Cocoate. Geraniol. Sodium Cocoate. Shorea Robusta Butter. Shorea Robusta Seed Butter. Ci 19140/Yellow 5. Ci 14700/Red 4. Citric Acid. Parfum/Fragrance.'],aqua/water. sodium laureth sulfate. coco-betaine. laureth-5 carboxylic acid. cocamide mipa. imodimethicone. sodium chloride. polyquaternium-10. ppg-5-ceteth-20. sodium benzoate. benzophenone-4. peg-55 propylene glycol oleate. propylene glycol. salicylic acid. sodium hydroxide. benzyl salicylate. benzyl alcohol. citronellol. linalool. methyl cocoate. geraniol. sodium cocoate. shorea robusta butter. shorea robusta seed butter. ci 19140/yellow 5. ci 14700/red 4. citric acid. parfum/fragrance,1
P427529,Powerful-Strength Vitamin C Serum,Kiehl's Since 1851,['Propylene Glycol Dimethicone Glycerin Ascorbic Acid Ethylhexyl Palmitate Cetyl Peg/Ppg-10/1 Dimethicone Dimethicone Crosspolymer Ascorbyl Glucoside Cyclohexasiloxane Hydroxyethylpiperazine Ethane Sulfonic Acid Lauroyl Lysine Acrylonitrile/Methyl Methacrylate/Vinylidene Chloride Copolymer Polysilicone-11 Adenosine Hydrolyzed Hyaluronic Acid Limonene Isobutane Citrus Aurantium Dulcis (Orange) Peel Oil Citrus Limon Peel Oil / Lemon Peel Oil Citral Pentaerythrityl Tetra-Di-T-Butyl Hydroxyhydrocinnamate.'],propylene glycol dimethicone glycerin ascorbic acid ethylhexyl palmitate cetyl peg/ppg-10/1 dimethicone dimethicone crosspolymer ascorbyl glucoside cyclohexasiloxane hydroxyethylpiperazine ethane sulfonic acid lauroyl lysine acrylonitrile/methyl methacrylate/vinylidene chloride copolymer polysilicone-11 adenosine hydrolyzed hyaluronic acid limonene isobutane citrus aurantium dulcis (orange) peel oil citrus limon peel oil / lemon peel oil citral pentaerythrityl tetra-di-t-butyl hydroxyhydrocinnamate,1
P505614,Ultra Facial Cream Refill Bundle,Kiehl's Since 1851,['Aqua / Water Glycerin Dimethicone Squalane Bis-Peg-18 Methyl Ether Dimethyl Silane Sucrose Stearate Stearyl Alcohol Peg-8 Stearate Myristyl Myristate Prunus Armeniaca Kernel Oil / Apricot Kernel Oil Phenoxyethanol Persea Gratissima Oil / Avocado Oil Glyceryl Stearate Cetyl Alcohol Oryza Sativa Bran Oil / Rice Bran Oil Olea Europaea Fruit Oil / Olive Fruit Oil Chlorphenesin Stearic Acid Palmitic Acid Carbomer Acrylates/C10-30 Alkyl Acrylate Crosspolymer Trisodium Ethylenediamine Disuccinate Prunus Amygdalus Dulcis Oil / Sweet Almond Oil Xanthan Gum Ethylhexylglycerin Sodium Hydroxide Tocopherol C1 - Internal Use Glycine Soja Oil / Soybean Oil Pseudoalteromonas Ferment Extract Myristic Acid Hydroxypalmitoyl Sphinganine Salicylic Acid Helianthus Annuus Seed Oil / Sunflower Seed Oil Rosmarinus Officinalis Leaf Extract / Rosemary Leaf Extract Citric Acid.'],aqua / water glycerin dimethicone squalane bis-peg-18 methyl ether dimethyl silane sucrose stearate stearyl alcohol peg-8 stearate myristyl myristate prunus armeniaca kernel oil / apricot kernel oil phenoxyethanol persea gratissima oil / avocado oil glyceryl stearate cetyl alcohol oryza sativa bran oil / rice bran oil olea europaea fruit oil / olive fruit oil chlorphenesin stearic acid palmitic acid carbomer acrylates/c10-30 alkyl acrylate crosspolymer trisodium ethylenediamine disuccinate prunus amygdalus dulcis oil / sweet almond oil xanthan gum ethylhexylglycerin sodium hydroxide tocopherol c1 - internal use glycine soja oil / soybean oil pseudoalteromonas ferment extract myristic acid hydroxypalmitoyl sphinganine salicylic acid helianthus annuus seed oil / sunflower seed oil rosmarinus officinalis leaf extract / rosemary leaf extract citric acid,1
P480321,Tropical Cocount Melt,Kopari,"['Cocos Nucifera (Coconut) Oil*, Fragrance (Parfum).']",cocos nucifera (coconut) oil* | fragrance (parfum),2
P502288,Revealer Dual-Ended Makeup Blender Sponge,Kosas,['Latex-free Polyurethane Foam'],latex-free polyurethane foam,1
P39675,100 percent Pure Shea Butter,L'Occitane,['Organic Butyrospermum Parkii (Shea Butter) Fruit.'],organic butyrospermum parkii (shea butter) fruit,1
P219008,La Base Pro Perfecting and Smoothing Makeup Primer,Lancôme,"['Cyclopentasiloxane, Dimethicone Crosspolymer.']",cyclopentasiloxane | dimethicone crosspolymer,2
P471255,Lilly Lashes 3D Faux Mink Lashes,Lilly Lashes,"['Synthetic Fibers, 100% Cotton Lash Band.']",synthetic fibers | 100% cotton lash band,2
P479331,Click Magnetic Faux Mink Eyelashes,Lilly Lashes,['Synthetic Fibers.'],synthetic fibers,1
P501299,Click Magnetic Faux Mink False Lash Collection,Lilly Lashes,['Synthetic Fibers.'],synthetic fibers,1
P504914,3D Faux Mink Butterfl'eye Half Eyelashes,Lilly Lashes,['Synthetic Fibers On A Cotton Lash Band.'],synthetic fibers on a cotton lash band,1
P481826,Click Magnetic Value Set,Lilly Lashes,['Synthetic Fibers.'],synthetic fibers,1
P431159,No.04 Bois de Balincourt Candle,Maison Louis Marie,"['Soy Wax Blend, Fragrance,']",soy wax blend | fragrance,2
P431165,No.05 Kandilli Candle,Maison Louis Marie,"['Soy Wax Blend, Fragrance.']",soy wax blend | fragrance,2
P447751,Antidris Cassis Candle,Maison Louis Marie,"['Soy Wax Blend, Fragrance.']",soy wax blend | fragrance,2
P447752,No. 09 Vallee de Farney Candle,Maison Louis Marie,"['Soy Wax Blend, Fragrance.']",soy wax blend | fragrance,2
P447749,Antidris Lavender Candle,Maison Louis Marie,"['Soy Wax Blend, Fragrance.']",soy wax blend | fragrance,2
P469492,No.12 Bousval Candle,Maison Louis Marie,"['Soy Wax Blend, Fragrance.']",soy wax blend | fragrance,2
P502411,REPLICA' Lazy Sunday Morning Diffuser,Maison Margiela,"['3,7-Dimethyl-1,6- Nonadien-3-Ol.']",7-dimethyl-1 | 6- nonadien-3-ol,2
P481120,"Wipe - water-activated, biodegradable wipes",maude,['100% OEKO-TEX 100 Certified Viscose Rayon.'],100% oeko-tex 100 certified viscose rayon,1
P412114,Pure Argan Oil,Moroccanoil,['Argania Spinosa (Argan) Kernel Oil.'],argania spinosa (argan) kernel oil,1
P432824,De-Puffing Jade Facial Roller,Mount Lai,"['Xiyuan Jade, Silver-Plated Iron.']",xiyuan jade | silver-plated iron,2
P434340,De-Puffing Rose Quartz Facial Roller,Mount Lai,"['Rose Quartz, Silver Plated Iron.']",rose quartz | silver plated iron,2
P481728,I Need A Rose Cream Lipstick,Natasha Denona,['Triisodecyl Trimellitate Trimethylolpropane Triisostearate Polybutene Octyldodecanol Titanium Dioxide (Ci 77891) Microcrystalline Wax (Cera Microcristallina) Hydrogenated Polyisobutene Caprylic/Capric Triglyceride Vp/Eicosene Copolymer Polyethylene Mica Iron Oxides (Ci 77491) Iron Oxides (Ci 77492) Stearalkonium Bentonite Methyl Methacrylate Crosspolymer Red 7 Lake (Ci 15850) Hydrogenated Styrene/Butadiene Copolymer Phytosteryl Isostearate Propylene Carbonate Blue 1 Lake (Ci 42090) Pentaerythrityl Tetra-Di-T- Butyl Hydroxyhydrocinnamate Ethyl Vanillin Dicalcium Phosphate Bht Rubus Idaeus (Raspberry) Leaf Extract [Rubus Idaeus Leaf Extract] Yellow 5 Lake (Ci 19140) Tin Oxide.'],triisodecyl trimellitate trimethylolpropane triisostearate polybutene octyldodecanol titanium dioxide (ci 77891) microcrystalline wax (cera microcristallina) hydrogenated polyisobutene caprylic/capric triglyceride vp/eicosene copolymer polyethylene mica iron oxides (ci 77491) iron oxides (ci 77492) stearalkonium bentonite methyl methacrylate crosspolymer red 7 lake (ci 15850) hydrogenated styrene/butadiene copolymer phytosteryl isostearate propylene carbonate blue 1 lake (ci 42090) pentaerythrityl tetra-di-t- butyl hydroxyhydrocinnamate ethyl vanillin dicalcium phosphate bht rubus idaeus (raspberry) leaf extract rubus idaeus leaf extract yellow 5 lake (ci 19140) tin oxide,1
P502442,My Dream Lipstick - Creamy Lip Color,Natasha Denona,['Ridecyl Trimellitate Trimethylolpropane Triisostearate Polybutene Octyldodecanol Microcrystalline Wax (Cera Microcristallina) Hydrogenated Polyisobutene Vp/Eicosene Copolymer Caprylic/Capric Triglyceride Polyethylene Mica Stearalkonium Bentonite Silica Hydrogenated Styrene/Butadiene Copolymer Phytosteryl Isostearate Propylene Carbonate Pentaerythrityl Tetra-Di-T-Butyl Hydroxyhydrocinnamate Ethyl Vanillin Dicalcium Phosphate Rubus Idaeus (Raspberry) Leaf Extract [Rubus Idaeus Leaf Extract] Calcium Aluminum Borosilicate Aluminum Calcium Sodium Silicate Calcium Titanium Borosilicate Alumina Calcium Sodium Borosilicate Synthetic Fluorphlogopite Tin Oxide Titanium Dioxide (Ci 77891) Iron Oxides (Ci 77491) Iron Oxides (Ci 77492) Blue 1 Lake (Ci 42090) Yellow 5 Lake (Ci 19140) Red 6 (Ci 15850) Red 7 Lake (Ci 15850).'],ridecyl trimellitate trimethylolpropane triisostearate polybutene octyldodecanol microcrystalline wax (cera microcristallina) hydrogenated polyisobutene vp/eicosene copolymer caprylic/capric triglyceride polyethylene mica stearalkonium bentonite silica hydrogenated styrene/butadiene copolymer phytosteryl isostearate propylene carbonate pentaerythrityl tetra-di-t-butyl hydroxyhydrocinnamate ethyl vanillin dicalcium phosphate rubus idaeus (raspberry) leaf extract rubus idaeus leaf extract calcium aluminum borosilicate aluminum calcium sodium silicate calcium titanium borosilicate alumina calcium sodium borosilicate synthetic fluorphlogopite tin oxide titanium dioxide (ci 77891) iron oxides (ci 77491) iron oxides (ci 77492) blue 1 lake (ci 42090) yellow 5 lake (ci 19140) red 6 (ci 15850) red 7 lake (ci 15850),1
P475141,Macro Tech Eyeliner Crayon,Natasha Denona,['Iron Oxides Ci 77499 Black 2 Ci 77266 (Nano) Ferric Ammonium Ferrocyanide Ci 77510 (The Allergen Substances Are Not Present Corporate - Regulatory Affairs Office) Ascorbyl Palmitate Citric Acid Lecithin Tocopherol Disteardimonium Hectorite Propylene Carbonate Caprylyl Methicone Dicalcium Phosphate Disiloxane Mica Phenylpropyldimethylsiloxysilicate Polyhydroxystearic Acid Bis-Diglyceryl Polyacyladipate-2 Polyethylene Trimethylsiloxysilicate Synthetic Wax Dimethicone.'],iron oxides ci 77499 black 2 ci 77266 (nano) ferric ammonium ferrocyanide ci 77510 (the allergen substances are not present corporate - regulatory affairs office) ascorbyl palmitate citric acid lecithin tocopherol disteardimonium hectorite propylene carbonate caprylyl methicone dicalcium phosphate disiloxane mica phenylpropyldimethylsiloxysilicate polyhydroxystearic acid bis-diglyceryl polyacyladipate-2 polyethylene trimethylsiloxysilicate synthetic wax dimethicone,1
P502350,Travel Brush Set & Makeup Pouch,Natasha Denona,"['Brushes:', 'Aluminum Synthetic Hair.', 'Travel Makeup Pouch:', 'PU Leather.']",aluminum synthetic hair | pu leather,2
P451939,Monochrome Moment - Blush Brush #1,PATRICK TA,['100% Cruelty-free Synthetic Bristles.'],100% cruelty-free synthetic bristles,1
P481401,Hydrating Jasmine Mist - Royal Refresh,RANAVAT,['Jasmine Officinale (100%).'],jasmine officinale (100%),1
P454095,Perfect Canvas Clean Jelly Oil Cleanser,REN Clean Skincare,"['Sunflower Seed Extract, Meadowfoam Seed Oil']",sunflower seed extract | meadowfoam seed oil,2
P501801,The Essential Refillable Travel Container,RIES,['Recycled Plastic.'],recycled plastic,1
P481160,Number 3 Foundation Brush,ROSE INC,"['Vegan Bristles, 25% PCR Handle.']",vegan bristles | 25% pcr handle,2
P500325,No. 5 Bronzer Brush,ROSE INC,"['Vegan Bristles, 25% Post-Consumer Recycled Plastic and Aluminum Handle.']",vegan bristles | 25% post-consumer recycled plastic and aluminum handle,2
P500333,No. 6 Highlighter Brush,ROSE INC,"['Vegan Bristles, 25% Post-Consumer Recycled Plastic And Aluminum Handle.']",vegan bristles | 25% post-consumer recycled plastic and aluminum handle,2
P446621,Organic Cotton Pads,SEPHORA COLLECTION,['100% Cotton Fiber.'],100% cotton fiber,1
P471278,Lilly Lashes x Sephora Collection Faux 3D Lashes,SEPHORA COLLECTION,['Synthetic Lashes.'],synthetic lashes,1
P439036,One Two Lash Magnetic Lashes,SEPHORA COLLECTION,"['Cruelty-free Synthetic Eyelashes, Micro-magnets']",cruelty-free synthetic eyelashes | micro-magnets,2
P173726,Facial Cotton,Shiseido,['100% Cotton.'],100% cotton,1
P503310,Eye Play Gem Sticker Pack,SIMIHAZE BEAUTY,['Acrylate Copolymer.'],acrylate copolymer,1
P402944,Silk Pillowcase - Standard/Queen,Slip,['100% high-grade (6A) long-fiber mulberry silk with a thickness of 22 momme.'],100% high-grade (6a) long-fiber mulberry silk with a thickness of 22 momme,1
P402943,Silk Pillowcase - King,Slip,['100% high-grade (6A) long-fiber mulberry silk with a thickness of 22 momme.'],100% high-grade (6a) long-fiber mulberry silk with a thickness of 22 momme,1
P477242,Starlet Crystal Scrunchie Set,Slip,"['100% Slipsilk (Exclusive of Elastic and Crystals), Made from 100% Highest Grade (6A) Long Fiber Mulberry Silk with a Thickness of 22 Momme.']",100% slipsilk (exclusive of elastic and crystals) | made from 100% highest grade (6a) long fiber mulberry silk with a thickness of 22 momme,2
P477761,Lovely Lashes Contour Sleep Mask,Slip,"['Outer 100% silk (exclusive of elastic and piping), 100% PU foam (exclusive of silk liner).']",outer 100% silk (exclusive of elastic and piping) | 100% pu foam (exclusive of silk liner),2
P472340,Tea Tree Essential Oil,SUNDAY II SUNDAY,['100% Pure Tea Tree Oil.'],100% pure tea tree oil,1
P472339,Peppermint Essential Oil,SUNDAY II SUNDAY,"['MCT (100% pure Fractionated Coconut oil), Mentha Piperita (100% Pure Peppermint Oil).']",mct (100% pure fractionated coconut oil) | mentha piperita (100% pure peppermint oil),2
P472338,Argan Essential Oil,SUNDAY II SUNDAY,['Argania Spinosa (100% Pure Argan Oil).'],argania spinosa (100% pure argan oil),1
P443834,Rosehip Nourishing Night Oil,The INKEY List,['Rosa Canina Fruit Oil.'],rosa canina fruit oil,1
P505436,Spiritus Candle,The Maker,['100% Pure Soy Wax with a Cotton Wick.'],100% pure soy wax with a cotton wick,1
P505463,Artist Candle,The Maker,['100% Pure Soy Wax with a Cotton Wick.'],100% pure soy wax with a cotton wick,1
P505472,Gardener Candle,The Maker,['100% Pure Soy Wax with a Cotton Wick.'],100% pure soy wax with a cotton wick,1
P427415,100% Organic Cold-Pressed Rose Hip Seed Oil,The Ordinary,['Rosa Canina Seed Oil.'],rosa canina seed oil,1
P447596,100% Organic Cold-Pressed Moroccan Argan Oil,The Ordinary,['Argania Spinosa Kernel Oil.'],argania spinosa kernel oil,1
P455900,100% Plant-Derived Hemi-Squalane,The Ordinary,['C13-16 Isoparaffin.'],c13-16 isoparaffin,1
P455898,Pycnogenol 5%,The Ordinary,"['Propanediol, Pinus Pinaster Bark Extract.']",propanediol | pinus pinaster bark extract,2
P455338,100% L-Ascorbic Acid Powder,The Ordinary,['Ascorbic Acid.'],ascorbic acid,1
P442833,EUK 134 0.1%,The Ordinary,"['Propanediol, Ethylbisiminomethylguaiacol manganese chloride.']",propanediol | ethylbisiminomethylguaiacol manganese chloride,2
P468709,100% Niacinamide Powder,The Ordinary,['Niacinamide.'],niacinamide,1
P447597,100% Organic Virgin Chia Seed Oil,The Ordinary,['Salvia Hispanica Seed Oil.'],salvia hispanica seed oil,1
P455897,Ethylated Ascorbic Acid 15% Solution,The Ordinary,"['Propanediol, Ethyl Ascorbic Acid.']",propanediol | ethyl ascorbic acid,2
P474845,THE PUFF 5 Piece Set: Tone & Deeply Exfoliate,The Original MakeUp Eraser,"['80% Cotton, 20% Polyester.']",80% cotton | 20% polyester,2
P504702,Juicy Optimism 7 Piece MakeUp Eraser Set,The Original MakeUp Eraser,['100% Polyester.'],100% polyester,1
P483475,Earth Day Set,The Original MakeUp Eraser,['100% Polyester.'],100% polyester,1
P500018,Smiley MakeUp Eraser 7-Day Set,The Original MakeUp Eraser,['100% Polyester.'],100% polyester,1
P504898,Mini Pink Reusable MakeUp Eraser,The Original MakeUp Eraser,['100% Polyester.'],100% polyester,1
P481356,Eye Color Crème Eyeshadow Quad,TOM FORD,"['Matte:', 'Mica  Caprylic/Capric Triglyceride  Dimethicone  Diisostearyl Malate  Silica  Zinc Stearate  Caprylyl Glycol  Ethylhexylglycerin  Alumina  Tocopheryl Acetate  Synthetic Fluorphlogopite  Triethoxycaprylylsilane  C20-24 Olefin  [+/- Titanium Dioxide (Ci 77891)  Iron Oxides (Ci 77491)  Iron Oxides (Ci 77492)  Iron Oxides (Ci 77499)  Carmine (Ci 75470)  Ferric Ammonium Ferrocyanide (Ci 77510)  Ferric Ferrocyanide (Ci 77510)  Ultramarines (Ci 77007)  Blue 1 Lake (Ci 42090)  Yellow 5 Lake (Ci 19140)  Manganese Violet (Ci 77742)  Copper Powder (Ci 77400)  Chromium Hydroxide Green (Ci 77289)  Chromium Oxide Greens (Ci 77288)  Bronze Powder (Ci 77400)  Aluminum Powder (Ci 77000)  Bismuth Oxychloride (Ci 77163)].', 'Shimmer:', 'Synthetic Fluorphlogopite  Calcium Aluminum Borosilicate  Caprylic/Capric Triglyceride  Squalane  Dimethicone  Silica  Dicalcium Phosphate  Zinc Stearate  Calcium Sodium Borosilicate  Trimethylsiloxysilicate  Dimethicone/Vinyl Dimethicone Crosspolymer  Hydrogenated Styrene/ Isoprene Copolymer  Tocopheryl Acetate  Zea Mays (Corn) Starch  Glycerin  Ethylhexylglycerin  Caprylyl Glycol  C20-24 Olefin  Calcium Titanium Borosilicate  Tin Oxide  Alumina  Triethoxycaprylylsilane  Laureth-4  Pentaerythrityl Tetra-Di-T-Butyl Hydroxyhydrocinnamate  [+/- Mica  Titanium Dioxide (Ci 77891)  Iron Oxides (Ci 77491)  Iron Oxides (Ci 77492)  Iron Oxides (Ci 77499)  Aluminum Powder (Ci 77000)  Bismuth Oxychloride (Ci 77163)  Bronze Powder (Ci 77400)  Carmine (Ci 75470)  Chromium Hydroxide Green (Ci 77289)  Chromium Oxide Greens (Ci 77288)  Copper Powder (Ci 77400)  Ferric Ammonium Ferrocyanide (Ci 77510)  Ferric Ferrocyanide (Ci 77510)  Manganese Violet (Ci 77742)  Ultramarines (Ci 77007)  Blue 1 Lake (Ci 42090)  Yellow 5 Lake (Ci 19140)].']",mica  caprylic/capric triglyceride  dimethicone  diisostearyl malate  silica  zinc stearate  caprylyl glycol  ethylhexylglycerin  alumina  tocopheryl acetate  synthetic fluorphlogopite  triethoxycaprylylsilane  c20-24 olefin  +/- titanium dioxide (ci 77891)  iron oxides (ci 77491)  iron oxides (ci 77492)  iron oxides (ci 77499)  carmine (ci 75470)  ferric ammonium ferrocyanide (ci 77510)  ferric ferrocyanide (ci 77510)  ultramarines (ci 77007)  blue 1 lake (ci 42090)  yellow 5 lake (ci 19140)  manganese violet (ci 77742)  copper powder (ci 77400)  chromium hydroxide green (ci 77289)  chromium oxide greens (ci 77288)  bronze powder (ci 77400)  aluminum powder (ci 77000)  bismuth oxychloride (ci 77163) | synthetic fluorphlogopite  calcium aluminum borosilicate  caprylic/capric triglyceride  squalane  dimethicone  silica  dicalcium phosphate  zinc stearate  calcium sodium borosilicate  trimethylsiloxysilicate  dimethicone/vinyl dimethicone crosspolymer  hydrogenated styrene/ isoprene copolymer  tocopheryl acetate  zea mays (corn) starch  glycerin  ethylhexylglycerin  caprylyl glycol  c20-24 olefin  calcium titanium borosilicate  tin oxide  alumina  triethoxycaprylylsilane  laureth-4  pentaerythrityl tetra-di-t-butyl hydroxyhydrocinnamate  +/- mica  titanium dioxide (ci 77891)  iron oxides (ci 77491)  iron oxides (ci 77492)  iron oxides (ci 77499)  aluminum powder (ci 77000)  bismuth oxychloride (ci 77163)  bronze powder (ci 77400)  carmine (ci 75470)  chromium hydroxide green (ci 77289)  chromium oxide greens (ci 77288)  copper powder (ci 77400)  ferric ammonium ferrocyanide (ci 77510)  ferric ferrocyanide (ci 77510)  manganese violet (ci 77742)  ultramarines (ci 77007)  blue 1 lake (ci 42090)  yellow 5 lake (ci 19140),2
P480194,Bitter Peach Candle,TOM FORD,['Contains ethyl linalool. May produce an allergic reaction.'],contains ethyl linalool. may produce an allergic reaction,1
P429277,Effortless - No Trim - Natural Lash Collection,Velour Lashes,"['Cruelty-free, Synthetic-Silk Material.']",cruelty-free | synthetic-silk material,2
P429278,Effortless Kit - No Trim No Measure Natural Lash Kit,Velour Lashes,"['False Lashes:', 'Cruelty Free, Synthetic Silk Material on an invisible band.', 'Lash Adhesive:']",cruelty free | synthetic silk material on an invisible band,2
P468423,Vegan Mink Luxe Lash Collection,Velour Lashes,['Vegan Mink Fiber.'],vegan mink fiber,1
P501532,Plant Fibre Lash Collection,Velour Lashes,"['Hemp-Derived Fibers, Cotton-Thread Band.']",hemp-derived fibers | cotton-thread band,2
