canonical_name,risk_level,sub_weight,source,health_concern,products_containing,top_primary_categories
butylphenyl methylpropional,High,3.0,EU Annex II / Reg. 2021/1902,Reproductive toxin; BANNED in EU since 1 March 2022,387,Hair (145); Fragrance (141); Skincare (38)
hydroxyisohexyl 3-cyclohexene carboxaldehyde,High,3.0,EU Annex II / 2017/1410,Extreme skin sensitizer; BANNED in EU since August 2021,88,Hair (35); Fragrance (27); Bath & Body (9)
parfum (fragrance),Medium,2.0,Cosing EU,Undisclosed allergen mixture; declaration required,3566,Fragrance (1112); Hair (1080); Skincare (738)
geraniol,Medium,2.0,EU SCCS; FDA,Recognized fragrance allergen; may cause skin reactions,1527,Fragrance (821); Skincare (298); Hair (224)
citral,Medium,2.0,EU SCCS; FDA,Recognized fragrance allergen; may cause skin reactions,1360,Fragrance (800); Skincare (222); Hair (179)
benzyl alcohol,Medium,2.0,EU SCCS; FDA,Recognized fragrance allergen; may cause skin reactions,1265,Fragrance (497); Hair (374); Skincare (211)
bht,Medium,2.0,Cosing EU,Antioxidant reviewed for EDC; safe at ≤0.8 %,1015,Fragrance (322); Skincare (225); Makeup (205)
benzyl salicylate,Medium,2.0,EU SCCS; FDA,Recognized fragrance allergen; may cause skin reactions,1000,Fragrance (567); Hair (217); Skincare (84)
coumarin,Medium,2.0,EU SCCS; FDA,Recognized fragrance allergen; may cause skin reactions,858,Fragrance (564); Hair (160); Bath & Body (67)
hydroxycitronellal,Medium,2.0,EU SCCS; FDA,Recognized fragrance allergen; may cause skin reactions,833,Fragrance (515); Hair (178); Bath & Body (52)
eugenol,Medium,2.0,EU SCCS; FDA,Recognized fragrance allergen; may cause skin reactions,539,Fragrance (399); Hair (44); Skincare (43)
octinoxate,Medium,2.0,EU Annex VI; SCCS,UV filter; permitted with concentration limits; SCCS reviewed endocrine-related concern,521,Fragrance (362); Hair (107); Makeup (25)
farnesol,Medium,2.0,EU SCCS; FDA,Fragrance allergen; may cause skin reactions,433,Fragrance (376); Skincare (28); Bath & Body (8)
salicylic acid,Medium,2.0,EU Annex III,Restricted active ingredient; may irritate skin at higher concentrations,370,Skincare (230); Hair (107); Makeup (16)
cetrimonium chloride,Medium,2.0,EU Annex V,Conditioning antistatic quaternary ammonium compound; irritation potential,355,Hair (336); Mini Size (12); Skincare (3)
isoeugenol,Medium,2.0,EU SCCS; FDA,Recognized fragrance allergen; may cause skin reactions,349,Fragrance (310); Hair (21); Bath & Body (10)
behentrimonium chloride,Medium,2.0,EU Annex V,Conditioning antistatic quaternary ammonium compound; irritation potential,327,Hair (315); Mini Size (10); Men (1)
cocamidopropyl betaine,Medium,2.0,Cosing EU;  PubMed,Cleanser; ACDS 2004 Allergen of the Year; manufacturing impurities may cause allergic contact dermatitis,305,Hair (174); Skincare (86); Bath & Body (34)
aminomethyl propanol,Medium,2.0,Cosing EU; IARC,pH adjuster; formulation-related nitrosamine concern and possible irritation,262,Hair (110); Skincare (73); Makeup (56)
cinnamyl alcohol,Medium,2.0,EU SCCS; FDA,Recognized fragrance allergen; may cause skin reactions,247,Fragrance (209); Makeup (10); Skincare (8)
polyquaternium-7,Medium,2.0,Cosing EU; IARC,Conditioning polymer; residual impurity concern and generally low direct topical risk,219,Hair (166); Skincare (23); Bath & Body (14)
tromethamine,Medium,2.0,Cosing EU; IARC,pH adjuster; formulation-related nitrosamine concern and possible irritation,215,Skincare (146); Makeup (40); Bath & Body (17)
cinnamal,Medium,2.0,EU SCCS; FDA,Recognized fragrance allergen; may cause skin reactions,173,Fragrance (153); Skincare (7); Mini Size (5)
triethanolamine,Medium,2.0,Cosing EU; IARC,pH adjuster; restricted ≤2.5% due to risk of forming cancer-causing nitrosamines,167,Skincare (62); Makeup (49); Hair (16)
citrus limon (lemon) fruit extract,Medium,2.0,Cosing EU,Lemon extract; contains furocoumarins; allowed only at natural levels; may cause skin burns with sun exposure,164,Skincare (95); Hair (31); Bath & Body (15)
methylparaben,Medium,2.0,EU Annex V; SCCS,"Preservative;
permitted with concentration limits; SCCS
reviewed endocrine-related concerns",149,Skincare (59); Makeup (49); Hair (22)
amyl cinnamal,Medium,2.0,EU SCCS; FDA,Recognized fragrance allergen; may cause skin reactions,135,Fragrance (69); Hair (39); Skincare (10)
benzophenone-4,Medium,2.0,EU Annex VI; SCCS,UV filter; permitted with concentration limits; SCCS reviewed endocrine-related concern,123,Hair (84); Skincare (23); Bath & Body (11)
retinyl palmitate,Medium,2.0,Cosing EU,Restricted to 0.05 % RE body lotion / 0.3 % other,123,Skincare (43); Makeup (42); Hair (18)
citrus limon (lemon) peel oil,Medium,2.0,Cosing EU,Lemon peel essential oil; may cause skin burns with sun exposure,114,Skincare (73); Hair (12); Bath & Body (11)
menthol,Medium,2.0,EU Annex III,Cooling agents; may sensitize/ irritate sensitive skin or eyes,102,Hair (37); Skincare (34); Makeup (12)
pelargonium graveolens flower oil,Medium,2.0,Cosing EU,Geranium essential oil; fragrance allergens; may cause skin reactions,102,Skincare (65); Hair (15); Bath & Body (9)
retinol,Medium,2.0,Cosing EU; SCCS,Vitamin A; SCCS permitted with concentration limits; pregnancy precaution,100,Skincare (93); Mini Size (4); Makeup (2)
propylparaben,Medium,2.0,Cosing EU,"Potential endocrine disruptor,may interfere with hormone balance",90,Makeup (48); Skincare (27); Mini Size (7)
phenoxyethanol,Low-Medium,1.5,EU Annex V / SCCS,"Preservative;
permitted with concentration limits; mild irritation/sensitization",3327,Skincare (1246); Makeup (905); Hair (788)
linalool,Low-Medium,1.5,EU SCCS; FDA,Fragrance allergen; may cause skin reactions,2551,Fragrance (974); Hair (666); Skincare (536)
limonene,Low-Medium,1.5,EU SCCS; FDA,Fragrance allergen; may cause skin reactions,2518,Fragrance (928); Hair (640); Skincare (558)
citronellol,Low-Medium,1.5,EU SCCS; FDA,Fragrance allergen; may cause skin reactions,1615,Fragrance (822); Hair (292); Skincare (291)
alcohol denat,Low-Medium,1.5,Cosing EU,Drying with prolonged use,1209,Fragrance (695); Skincare (202); Hair (159)
benzyl benzoate,Low-Medium,1.5,EU SCCS; FDA,Fragrance allergen; may cause skin reactions,874,Fragrance (531); Hair (116); Skincare (96)
hexyl cinnamal,Low-Medium,1.5,EU SCCS; FDA,Fragrance allergen; may cause skin reactions,861,Hair (330); Fragrance (327); Skincare (87)
alcohol,Low-Medium,1.5,Cosing EU,Ethanol solvent; barrier-disruption potential,860,Fragrance (364); Skincare (230); Makeup (136)
alpha-isomethyl ionone,Low-Medium,1.5,Cosing EU,Recognized fragrance allergen; may cause skin reactions,765,Fragrance (474); Hair (146); Skincare (57)
propylene glycol,Low-Medium,1.5,Cosing EU,Solvent / humectant; may cause minor irritation,753,Hair (344); Skincare (225); Makeup (123)
ci 42090 (blue 1),Low-Medium,1.5,EU Annex IV; EU Annex III,Approved colorant; concentration restricted ,649,Makeup (432); Fragrance (106); Skincare (82)
butyl methoxydibenzoylmethane,Low-Medium,1.5,EU Annex VI,UV filter; permitted with concentration limits,641,Fragrance (515); Hair (59); Skincare (43)
chlorphenesin,Low-Medium,1.5,EU Annex V,Preservative; permitted with concentration on limits,637,Skincare (268); Hair (184); Makeup (102)
lactic acid,Low-Medium,1.5,Cosing EU,Exfoliant and moisturizer; may irritate skin,509,Skincare (301); Hair (121); Makeup (41)
cyclopentasiloxane,Low-Medium,1.5,Cosing EU,Volatile silicone; safe at cosmetic levels,442,Makeup (200); Skincare (110); Hair (86)
ethylhexyl salicylate,Low-Medium,1.5,EU Annex VI,UV filter; permitted with concentration limits,441,Fragrance (354); Hair (53); Skincare (10)
isopropyl alcohol,Low-Medium,1.5,Cosing EU,Solvent; may cause mild skin drying and irritation,334,Hair (272); Makeup (27); Skincare (16)
ci 60730 (ext violet 2),Low-Medium,1.5,EU Annex IV,Synthetic colorant; restricted from lips and eye area,327,Fragrance (261); Hair (34); Skincare (19)
glycolic acid,Low-Medium,1.5,Cosing EU,Chemical peels and anti-aging skin products; can irritate skin,253,Skincare (183); Hair (34); Bath & Body (18)
ci 17200 (red 33),Low-Medium,1.5,EU Annex IV,Approved colorant; concentration restricted ,252,Fragrance (115); Makeup (64); Skincare (40)
potassium hydroxide,Low-Medium,1.5,Cosing EU,pH adjuster; restricted due to strong alkalinity; concentration limits apply,233,Skincare (150); Hair (41); Makeup (19)
ci 45410 (red 28),Low-Medium,1.5,EU Annex IV,Approved colorant; concentration restricted ,226,Makeup (270); Skincare (9); Mini Size (8)
sodium metabisulfite,Low-Medium,1.5,Cosing EU,Antioxidant preservative; may cause reactions in sulfite-sensitive individuals,200,Skincare (127); Hair (41); Makeup (18)
phenethyl alcohol,Low-Medium,1.5,Cosing EU,Recognized fragrance allergen; may cause skin reactions,170,Skincare (92); Makeup (32); Hair (23)
lavandula angustifolia (lavender) oil,Low-Medium,1.5,Cosing EU,Lavender oil; contains linalool which may cause skin allergy,152,Skincare (101); Makeup (17); Bath & Body (14)
citrus aurantium dulcis (orange) peel oil,Low-Medium,1.5,Cosing EU,Citrus oil; may cause skin sensitivity to sunlight; contains limonene,125,Skincare (66); Hair (28); Bath & Body (13)
mentha piperita (peppermint) oil,Low-Medium,1.5,Cosing EU,Peppermint oil; menthol can sensitize / irritate skin,122,Hair (52); Skincare (41); Makeup (14)
benzyl cinnamate,Low-Medium,1.5,EU SCCS; FDA,Fragrance allergen; may cause skin reactions,115,Fragrance (91); Hair (16); Mini Size (3)
sorbitan sesquioleate,Low-Medium,1.5,Cosing EU,Emulsifier; documented potential for contact allergy,113,Makeup (77); Skincare (19); Mini Size (15)
sodium c14-16 olefin sulfonate,Low-Medium,1.5,"Cosing EU, CIR",Anionic surfactant; potential mild irritant at higher concentrations,110,Hair (65); Skincare (26); Bath & Body (12)
sodium laureth sulfate,Low-Medium,1.5,Cosing EU,"Mild anionic surfactant; potential 1,4-dioxane manufacturing impurity",106,Hair (48); Skincare (21); Bath & Body (15)
citrus aurantium bergamia (bergamot) fruit oil,Low-Medium,1.5,Cosing EU,Bergamot oil; potentially phototoxic (bergapten); may cause skin sensitization,105,Skincare (68); Hair (13); Bath & Body (8)
cyclohexasiloxane,Low-Medium,1.5,Cosing EU,Volatile silicone (D5); EU environmental review for PBT properties; safe for topical use,103,Makeup (44); Skincare (41); Hair (13)
vanillin,Low-Medium,1.5,Cosing EU,Recognized fragrance allergen; may cause skin reactions,71,Makeup (33); Skincare (18); Fragrance (13)
ptfe,Low-Medium,1.5,EU Reach 2023/2055,Microplastic polymer (Teflon); targeted for phase-outs in the EU,52,Makeup (48); Mini Size (2); Men (2)
water,Low,1.0,Cosing EU,Universal solvent; safe,5559,Skincare (2167); Hair (1216); Fragrance (1047)
glycerin,Low,1.0,Cosing EU,Solvent; skin conditioning; moisturizer; safe,3766,Skincare (1788); Hair (905); Makeup (644)
tocopherol,Low,1.0,Cosing EU,Vitamin E antioxidant; safe,2549,Skincare (1009); Makeup (748); Hair (446)
citric acid,Low,1.0,Cosing EU,pH adjuster; safe,2221,Skincare (956); Hair (723); Makeup (271)
butylene glycol,Low,1.0,Cosing EU,Humectant / solvent; safe at cosmetic concentration,2146,Skincare (1080); Makeup (516); Hair (384)
caprylyl glycol,Low,1.0,Cosing EU,Humectant /preservative booster; safe,2122,Skincare (798); Makeup (741); Hair (369)
dimethicone,Low,1.0,Cosing EU,Skin-protectant silicone; non-irritating,2064,Makeup (1756); Skincare (1036); Hair (373)
ethylhexylglycerin,Low,1.0,Cosing EU,Skin conditioning; low irritation,1925,Skincare (836); Makeup (483); Hair (414)
titanium dioxide (ci 77891),Low,1.0,EU Annex IV; EU Annex VI,UV filter and colorant; safe,1876,Makeup (1391); Skincare (343); Mini Size (89)
potassium sorbate,Low,1.0,EU Annex V,Preservative; safe at cosmetic levels,1730,Skincare (682); Hair (553); Makeup (346)
sodium hyaluronate,Low,1.0,Cosing EU,Humectant; safe,1693,Skincare (1290); Makeup (436); Hair (165)
silica,Low,1.0,Cosing EU,Absorbent / anti caking; safe topically,1678,Makeup (1199); Skincare (425); Mini Size (96)
sodium benzoate,Low,1.0,EU Annex V,Preservative; safe at cosmetic levels,1613,Skincare (701); Hair (570); Makeup (198)
iron oxides (ci 77491),Low,1.0,EU Annex IV,Approved colorant; safe,1553,Makeup (1368); Skincare (160); Mini Size (85)
caprylic/capric triglyceride,Low,1.0,Cosing EU,Coconut-derived moisturizer; safe,1552,Skincare (709); Makeup (499); Hair (144)
disodium edta,Low,1.0,Cosing EU,Chelating agent; safe at cosmetic levels,1545,Skincare (784); Hair (385); Makeup (287)
propanediol,Low,1.0,Cosing EU,Humectant/solvent; well tolerated,1519,Skincare (866); Hair (286); Makeup (261)
tocopheryl acetate,Low,1.0,Cosing EU,Vitamin E ester antioxidant; safe,1486,Skincare (605); Makeup (556); Hair (177)
iron oxides (ci 77499),Low,1.0,EU Annex IV,Approved colorant; safe,1391,Makeup (1283); Mini Size (89); Skincare (48)
mica (ci 77019),Low,1.0,EU Annex IV,Approved colorant; safe,1342,Makeup (1006); Skincare (217); Mini Size (68)
iron oxides (ci 77492),Low,1.0,EU Annex IV,Approved colorant; safe,1330,Makeup (1206); Skincare (94); Mini Size (73)
xanthan gum,Low,1.0,Cosing EU,Hydration and conditioning; safe,1265,Skincare (832); Makeup (186); Hair (97)
sodium hydroxide,Low,1.0,Cosing EU,pH adjuster; safe,1248,Skincare (688); Hair (293); Makeup (118)
helianthus annuus seed oil,Low,1.0,Cosing EU,Sunflower oil moisturizer; safe,1197,Skincare (567); Hair (373); Makeup (221)
cetearyl alcohol,Low,1.0,Cosing EU,Fatty alcohol emulsifier; safe,1103,Hair (466); Skincare (442); Bath & Body (112)
panthenol,Low,1.0,Cosing EU,Pro-Vvitamin B5 humectant; safe,1064,Hair (465); Skincare (339); Makeup (160)
ci 19140 (yellow 5),Low,1.0,EU Annex IV,Approved colorant; safe,1000,Makeup (579); Fragrance (238); Skincare (122)
jojoba oil,Low,1.0,Cosing EU,Liquid wax ester emollient; safe,946,Skincare (382); Makeup (256); Hair (224)
pentylene glycol,Low,1.0,Cosing EU,Humectant/solvent; low irritation,940,Skincare (515); Makeup (216); Hair (140)
squalane,Low,1.0,Cosing EU,Saturated emollient; safe,931,Skincare (538); Makeup (208); Hair (85)
shea butter,Low,1.0,Cosing EU,Plant butter emollient; safe,912,Skincare (376); Hair (242); Makeup (195)
aloe barbadensis,Low,1.0,Cosing EU,Plant extract soothing; safe,904,Skincare (441); Hair (236); Makeup (93)
ascorbic acid,Low,1.0,Cosing EU,Vitamin C antioxidant; safe,898,Skincare (586); Makeup (255); Hair (107)
glyceryl stearate,Low,1.0,Cosing EU,Emulsifier; safe,832,Skincare (440); Makeup (154); Hair (114)
sodium chloride,Low,1.0,Cosing EU,Salt; safe,832,Skincare (303); Hair (245); Makeup (178)
2-hexanediol,Low,1.0,Cosing EU,Solvent/preservative-booster; safe at cosmetic levels,809,Skincare (477); Makeup (258); Mini Size (28)
carbomer,Low,1.0,Cosing EU,Polyacrylic acid thickener; safe,714,Skincare (486); Hair (89); Makeup (69)
cetyl alcohol,Low,1.0,Cosing EU,Fatty alcohol emollient; safe,684,Skincare (281); Hair (238); Makeup (67)
pentaerythrityl tetra-di-t-butyl hydroxyhydrocinnamate,Low,1.0,Cosing EU,Antioxidant; safe,679,Makeup (381); Skincare (98); Hair (91)
tin oxide (ci 77861),Low,1.0,EU Annex IV,Approved colorant; safe,668,Makeup (492); Skincare (99); Mini Size (40)
stearic acid,Low,1.0,Cosing EU,Fatty acid emulsifier; safe,629,Skincare (254); Makeup (235); Hair (44)
synthetic fluorphlogopite,Low,1.0,Cosing EU,Skin tone enhancer; safe,628,Makeup (503); Skincare (68); Mini Size (35)
camellia sinensis leaf extract,Low,1.0,Cosing EU,Green tea polyphenol antioxidant; safe,622,Skincare (372); Hair (107); Makeup (87)
lecithin,Low,1.0,Cosing EU,Phospholipid emulsifier; safe,589,Skincare (350); Makeup (167); Hair (25)
cocos nucifera oil,Low,1.0,Cosing EU,Coconut oil moisturizer; safe,576,Hair (258); Skincare (131); Makeup (89)
sodium citrate,Low,1.0,Cosing EU,pH buffer; safe,573,Skincare (360); Makeup (99); Hair (62)
isododecane,Low,1.0,Cosing EU,Volatile hydrocarbon solvent; safe,545,Makeup (327); Skincare (97); Hair (79)
hexylene glycol,Low,1.0,Cosing EU,Solvent / humectant; safe,531,Skincare (209); Makeup (186); Hair (82)
polysorbate 20,Low,1.0,Cosing EU,Non-ionic emulsifier; safe,526,Skincare (309); Hair (112); Makeup (73)
niacinamide,Low,1.0,Cosing EU,Vitamin B3; well tolerated,505,Skincare (342); Makeup (70); Hair (51)
rosmarinus officinalis extract,Low,1.0,Cosing EU,Rosemary antioxidant extract; safe,497,Skincare (206); Hair (176); Makeup (50)
polyethylene,Low,1.0,Cosing EU,Synthetic polymer; safe,464,Makeup (390); Skincare (48); Mini Size (17)
octyldodecanol,Low,1.0,Cosing EU,Fatty alcohol emollient; safe,460,Makeup (328); Skincare (87); Hair (18)
disteardimonium hectorite,Low,1.0,Cosing EU,Rheology modifier; safe,455,Makeup (354); Skincare (63); Mini Size (19)
caffeine,Low,1.0,Cosing EU,Antioxidant; safe,454,Skincare (280); Makeup (67); Hair (48)
ci 15850 (red 7),Low,1.0,EU Annex IV,Approved colorant; safe,442,Makeup (652); Mini Size (25); Skincare (22)
hydroxyethylcellulose,Low,1.0,Cosing EU,Plant-based thickener; controls product texture; safe,440,Hair (148); Skincare (133); Makeup (120)
maltodextrin,Low,1.0,Cosing EU,Starch-based binder; helps hold product together; safe,437,Skincare (260); Makeup (70); Hair (69)
talc,Low,1.0,Cosing EU,Moisture absorption; texture enhancement; safe,416,Makeup (356); Mini Size (32); Skincare (22)
sodium pca,Low,1.0,Cosing EU,Natural skin moisturizing factor; safe,414,Skincare (229); Hair (110); Makeup (30)
polysorbate 60,Low,1.0,Cosing EU,Blends oil and water in formulas; safe,409,Skincare (198); Hair (83); Makeup (80)
ethylhexyl palmitate,Low,1.0,Cosing EU,Emollient ester; safe,398,Makeup (252); Skincare (96); Mini Size (18)
acrylates/c10-30 alkyl acrylate crosspolymer,Low,1.0,Cosing EU,Thickener; controls product texture; safe,392,Skincare (284); Hair (40); Makeup (28)
triethoxycaprylylsilane,Low,1.0,Cosing EU,Pigment surface coating; safe,390,Makeup (299); Skincare (53); Mini Size (27)
dipropylene glycol,Low,1.0,Cosing EU,Moisturizer/solvent; safe,389,Skincare (157); Makeup (79); Hair (66)
sorbitan isostearate,Low,1.0,Cosing EU,Blends oil and water in formulas; safe,389,Skincare (188); Makeup (152); Bath & Body (29)
hydrogenated polyisobutene,Low,1.0,Cosing EU,Synthetic emollient; safe,386,Makeup (261); Skincare (89); Bath & Body (15)
hydroxyacetophenone,Low,1.0,Cosing EU,Antioxidant and preservative booster; safe,380,Skincare (194); Hair (73); Makeup (69)
ultramarines (ci 77007),Low,1.0,EU Annex IV,Approved colorant; safe,380,Makeup (333); Mini Size (37); Skincare (8)
sodium dehydroacetate,Low,1.0,EU Annex V,Preservative; safe at cosmetic levels,377,Makeup (270); Skincare (47); Mini Size (34)
leuconostoc/radish root ferment filtrate,Low,1.0,Cosing EU,Natural preservative from radish fermentation; safe,372,Skincare (228); Hair (83); Makeup (35)
sodium phytate,Low,1.0,Cosing EU,Preservative booster (binds metals); safe,357,Skincare (239); Hair (47); Bath & Body (38)
persea gratissima oil,Low,1.0,Cosing EU,Avocado oil moisturizer; safe,356,Hair (121); Skincare (112); Makeup (83)
trimethylsiloxysilicate,Low,1.0,Cosing EU,Silicone resin; helps product stay on skin; safe,354,Makeup (312); Skincare (24); Mini Size (17)
polybutene,Low,1.0,Cosing EU,Thickener; controls product consistency; safe,352,Makeup (300); Skincare (29); Mini Size (20)
glyceryl caprylate,Low,1.0,Cosing EU,Moisturizer and preservative booster; safe,351,Skincare (184); Makeup (103); Hair (30)
propylene carbonate,Low,1.0,Cosing EU,Solvent; helps dissolve other ingredients; safe,346,Makeup (276); Skincare (48); Mini Size (15)
diisostearyl malate,Low,1.0,Cosing EU,Emollient; texture enhancer; safe,342,Makeup (254); Skincare (54); Hair (15)
benzoic acid,Low,1.0,EU Annex V,Preservative; safe at cosmetic levels,339,Hair (120); Skincare (110); Makeup (54)
ci 14700 (red 4),Low,1.0,EU Annex IV,Approved colorant; safe,336,Fragrance (220); Skincare (67); Hair (22)
argania spinosa kernel oil,Low,1.0,Cosing EU,Argan oil moisturizer; safe,333,Hair (187); Skincare (55); Makeup (38)
arginine,Low,1.0,Cosing EU,Naturally occurring amino acid; safe,324,Skincare (154); Hair (122); Makeup (29)
trehalose,Low,1.0,Cosing EU,Natural sugar moisturizer; safe,324,Skincare (216); Makeup (44); Hair (44)
phenyl trimethicone,Low,1.0,Cosing EU,Silicone; gives shine and smooth feel; safe,322,Makeup (175); Hair (61); Skincare (54)
bismuth oxychloride (ci 77163),Low,1.0,EU Annex IV,Approved colorant; safe,320,Makeup (279); Mini Size (26); Skincare (12)
peg-40 hydrogenated castor oil,Low,1.0,Cosing EU,Helps dissolve oils in water-based formulas; safe,319,Hair (136); Skincare (95); Makeup (46)
kaolin,Low,1.0,Cosing EU,Clay absorbent; safe,313,Makeup (176); Skincare (104); Mini Size (16)
palmitic acid,Low,1.0,Cosing EU,Natural fatty acid; safe,313,Skincare (141); Makeup (117); Mini Size (21)
allantoin,Low,1.0,Cosing EU,Soothes and calms skin; safe,311,Skincare (223); Bath & Body (34); Makeup (23)
polymethylsilsesquioxane,Low,1.0,Cosing EU,Silicone powder; gives smooth finish; safe,309,Makeup (181); Skincare (105); Mini Size (14)
acrylates copolymer,Low,1.0,Cosing EU,Film-former; keeps product on skin/hair; safe,308,Makeup (128); Hair (94); Skincare (53)
peg-100 stearate,Low,1.0,Cosing EU,Blends oil and water in formulas; safe,304,Skincare (212); Hair (38); Bath & Body (20)
betaine,Low,1.0,Cosing EU,Natural moisturizer from sugar beet; safe,300,Skincare (230); Hair (32); Makeup (21)
aluminum hydroxide,Low,1.0,Cosing EU,Pigment base material; safe,297,Makeup (242); Skincare (36); Mini Size (16)
zinc stearate,Low,1.0,"Cosing EU, FDA",Anti-caking; safe,297,Makeup (276); Mini Size (14); Skincare (6)
carmine (ci 75470),Low,1.0,EU Annex IV,Approved colorant; safe,296,Makeup (260); Mini Size (25); Skincare (12)
coco-caprylate/caprate,Low,1.0,Cosing EU,Lightweight coconut-derived moisturizer; safe,295,Skincare (182); Makeup (52); Hair (36)
sorbic acid,Low,1.0,EU Annex V,Preservative; safe at cosmetic levels,294,Hair (102); Skincare (79); Makeup (73)
synthetic wax,Low,1.0,Cosing EU,Man-made wax; texture agent; safe,294,Makeup (252); Skincare (22); Mini Size (13)
manganese violet (ci 77742),Low,1.0,EU Annex IV,Approved colorant; safe,293,Makeup (269); Mini Size (21); Skincare (2)
trisodium ethylenediamine disuccinate,Low,1.0,Cosing EU,Preservative booster (binds metals); safe,293,Skincare (154); Hair (78); Makeup (32)
hydrogenated lecithin,Low,1.0,Cosing EU,Natural lipid; helps product absorb into skin; safe,285,Skincare (185); Makeup (73); Mini Size (7)
hydroxyethyl acrylate/sodium acryloyldimethyl taurate copolymer,Low,1.0,Cosing EU,Thickener; controls product texture; safe,283,Skincare (191); Bath & Body (38); Makeup (36)
ci 15985 (yellow 6),Low,1.0,EU Annex IV,Approved colorant; safe,280,Makeup (169); Fragrance (50); Skincare (47)
ricinus communis (castor) seed oil,Low,1.0,Cosing EU,Castor oil emollient; safe,272,Makeup (142); Hair (58); Skincare (55)
dimethiconol,Low,1.0,Cosing EU,Silicone conditioner; safe,269,Hair (123); Makeup (65); Skincare (63)
stearyl alcohol,Low,1.0,Cosing EU,Natural fatty alcohol; moisturizer; safe,268,Skincare (129); Hair (93); Bath & Body (29)
nylon-12,Low,1.0,Cosing EU,Synthetic powder; safe,265,Makeup (212); Skincare (28); Mini Size (18)
bis-diglyceryl polyacyladipate-2,Low,1.0,Cosing EU,Moisturizer; safe,262,Makeup (192); Skincare (46); Mini Size (15)
isohexadecane,Low,1.0,Cosing EU,Lightweight synthetic moisturizer; safe,262,Skincare (133); Makeup (79); Hair (28)
guar hydroxypropyltrimonium chloride,Low,1.0,Cosing EU,Natural hair conditioner from guar bean; safe,257,Hair (243); Mini Size (6); Bath & Body (4)
alumina,Low,1.0,Cosing EU,Lightweight coconut-derived moisturizer; safe,255,Makeup (203); Skincare (34); Mini Size (11)
calcium sodium borosilicate,Low,1.0,Cosing EU,Sparkle/glitter effect pigment; safe,253,Makeup (224); Mini Size (12); Bath & Body (6)
behenyl alcohol,Low,1.0,Cosing EU,Natural fatty alcohol; moisturizer; safe,251,Skincare (187); Hair (23); Makeup (16)
decyl glucoside,Low,1.0,Cosing EU,Gentle sugar-based cleanser; safe,251,Skincare (120); Hair (98); Bath & Body (15)
c12-15 alkyl benzoate,Low,1.0,Cosing EU,Lightweight moisturizer; safe,247,Skincare (116); Makeup (67); Hair (33)
lauroyl lysine,Low,1.0,Cosing EU,Amino-acid lipid; safe,247,Makeup (192); Skincare (40); Mini Size (14)
dehydroacetic acid,Low,1.0,EU Annex V,Preservative; safe at cosmetic levels,246,Skincare (88); Makeup (68); Hair (66)
gluconolactone,Low,1.0,Cosing EU,Gentle exfoliant (PHA); less irritating than AHAs; safe,244,Skincare (124); Hair (90); Makeup (12)
isononyl isononanoate,Low,1.0,Cosing EU,Lightweight moisturizer; safe,244,Makeup (136); Skincare (91); Mini Size (7)
bisabolol,Low,1.0,Cosing EU,Chamomile-derived; soothes skin; safe,243,Skincare (169); Bath & Body (31); Makeup (19)
adenosine,Low,1.0,Cosing EU,Naturally occurring skin conditioner; safe,242,Skincare (217); Makeup (14); Mini Size (4)
ceramide np,Low,1.0,Cosing EU,Skin barrier lipid; repairs and strengthens skin; safe,238,Skincare (185); Bath & Body (18); Hair (17)
prunus amygdalus dulcis (sweet almond) oil,Low,1.0,Cosing EU,Sweet almond oil; safe,238,Hair (102); Skincare (54); Bath & Body (50)
sodium lactate,Low,1.0,Cosing EU,Natural skin moisturizing factor; safe,236,Skincare (131); Hair (63); Makeup (27)
octyldodecyl stearoyl stearate,Low,1.0,Cosing EU,Emollient ester; safe,235,Makeup (213); Skincare (11); Mini Size (10)
amodimethicone,Low,1.0,Cosing EU,Silicone hair conditioner; safe,234,Hair (211); Skincare (13); Makeup (5)
sorbitol,Low,1.0,Cosing EU,Sugar-based moisturizer; safe,232,Skincare (140); Makeup (40); Hair (30)
boron nitride,Low,1.0,Cosing EU,Optical-finish powder; safe,223,Makeup (172); Skincare (31); Mini Size (18)
polysilicone-11,Low,1.0,Cosing EU,Silicone elastomer; gives bouncy texture; safe,221,Skincare (123); Makeup (83); Mini Size (8)
chamomilla recutita (matricaria) flower extract,Low,1.0,Cosing EU,Chamomile extract; soothes skin; safe,220,Skincare (115); Hair (58); Makeup (27)
glycine soja (soybean) oil,Low,1.0,Cosing EU,Soybean oil moisturizer; safe,218,Skincare (74); Makeup (58); Hair (54)
calcium aluminum borosilicate,Low,1.0,Cosing EU,Sparkle/glitter effect pigment; safe,211,Makeup (189); Mini Size (15); Skincare (4)
sucrose,Low,1.0,Cosing EU,Sugar; moisturizer; safe,210,Skincare (149); Makeup (19); Bath & Body (17)
tetrahexyldecyl ascorbate,Low,1.0,Cosing EU,Stable vitamin C derivative; antioxidant; safe,206,Skincare (134); Makeup (51); Bath & Body (9)
polysorbate 80,Low,1.0,Cosing EU,Blends oil and water in formulas; safe,205,Skincare (113); Makeup (50); Hair (22)
biotin,Low,1.0,Cosing EU,Vitamin B7; supports hair and nail health; safe,204,Hair (131); Skincare (37); Makeup (28)
phospholipids,Low,1.0,Cosing EU,Natural cell membrane lipids; helps product absorb into skin; safe,204,Skincare (117); Hair (54); Makeup (17)
polyhydroxystearic acid,Low,1.0,Cosing EU,Helps distribute pigments evenly; safe,204,Makeup (131); Skincare (63); Mini Size (6)
ferric ferrocyanide (ci 77510),Low,1.0,EU Annex IV,Approved colorant; safe,203,Makeup (229); Mini Size (17); Skincare (2)
cucumis sativus (cucumber) fruit extract,Low,1.0,Cosing EU,Cucumber extract; soothing and hydrating; safe,202,Skincare (143); Makeup (19); Fragrance (14)
polyquaternium-10,Low,1.0,Cosing EU,Hair conditioner; reduces static; safe,200,Hair (157); Skincare (18); Makeup (13)
ammonium acryloyldimethyltaurate/vp copolymer,Low,1.0,Cosing EU,Thickener; controls product texture; safe,199,Skincare (151); Makeup (28); Bath & Body (8)
sorbitan olivate,Low,1.0,Cosing EU,Olive-derived emulsifier; safe,199,Skincare (136); Bath & Body (26); Makeup (23)
pyrus malus (apple) fruit extract,Low,1.0,Cosing EU,Apple-derived skin conditioner; safe,198,Skincare (140); Hair (20); Makeup (19)
vitis vinifera (grape) seed oil,Low,1.0,Cosing EU,Grapeseed oil; safe,198,Skincare (77); Hair (41); Bath & Body (37)
disodium phosphate,Low,1.0,Cosing EU,pH adjuster; safe,195,Hair (78); Skincare (66); Makeup (40)
oryza sativa (rice) bran extract,Low,1.0,Cosing EU,Rice bran antioxidant; brightening; safe,194,Skincare (103); Hair (51); Makeup (19)
sodium cocoyl isethionate,Low,1.0,Cosing EU,Gentle coconut-based cleanser; safe,194,Hair (118); Skincare (56); Bath & Body (13)
glucose,Low,1.0,Cosing EU,Natural sugar; moisturizer; safe,193,Skincare (130); Hair (25); Makeup (18)
carthamus tinctorius (safflower) seed oil,Low,1.0,Cosing EU,Safflower oil; safe,191,Skincare (74); Hair (47); Makeup (40)
pvp,Low,1.0,Cosing EU,Film-forming polymer; holds product on skin/hair; safe,188,Makeup (97); Hair (51); Skincare (20)
paraffin,Low,1.0,Cosing EU,Refined mineral wax; seals in moisture; safe,185,Makeup (141); Skincare (19); Mini Size (18)
pentaerythrityl tetraisostearate,Low,1.0,Cosing EU,Moisturizer; safe,184,Makeup (139); Skincare (31); Mini Size (9)
glycyrrhiza glabra (licorice) root extract,Low,1.0,Cosing EU,Licorice extract; soothes skin; safe,183,Skincare (136); Makeup (21); Bath & Body (10)
olea europaea (olive) fruit oil,Low,1.0,Cosing EU,Olive oil; safe,183,Skincare (65); Hair (45); Makeup (36)
sorbitan oleate,Low,1.0,Cosing EU,Blends oil and water in formulas; safe,182,Skincare (78); Hair (57); Makeup (35)
cetearyl glucoside,Low,1.0,Cosing EU,Sugar-based emulsifier; safe,181,Skincare (128); Bath & Body (27); Hair (14)
glycine,Low,1.0,Cosing EU,Naturally occurring amino acid; safe,181,Hair (90); Skincare (74); Makeup (8)
tetrasodium glutamate diacetate,Low,1.0,Cosing EU,Preservative booster (binds metals); safe,181,Skincare (99); Hair (71); Bath & Body (8)
hdi/trimethylol hexyllactone crosspolymer,Low,1.0,Cosing EU,Film-former; keeps product on skin; safe,180,Makeup (124); Skincare (39); Mini Size (15)
linoleic acid,Low,1.0,Cosing EU,Natural skin-repairing fatty acid; safe,180,Skincare (138); Bath & Body (15); Makeup (13)
serine,Low,1.0,Cosing EU,Naturally occurring amino acid; safe,180,Hair (89); Skincare (68); Makeup (15)
acacia senegal gum,Low,1.0,Cosing EU,Natural plant gum thickener; safe,179,Makeup (91); Skincare (55); Mini Size (19)
glycol distearate,Low,1.0,Cosing EU,Gives pearly appearance to products; moisturizer; safe,175,Hair (125); Skincare (35); Bath & Body (5)
rosa canina fruit oil,Low,1.0,Cosing EU,Rosehip oil; safe,175,Skincare (67); Hair (41); Makeup (35)
cetearyl olivate,Low,1.0,Cosing EU,Olive-derived emulsifier; safe,174,Skincare (124); Bath & Body (26); Makeup (10)
cholesterol,Low,1.0,Cosing EU,Natural skin lipid; strengthens skin barrier; safe,174,Skincare (128); Makeup (27); Bath & Body (10)
xylitol,Low,1.0,Cosing EU,Sugar-based moisturizer; safe,174,Skincare (97); Hair (58); Makeup (10)
hydrolyzed vegetable protein pg-propyl silanetriol,Low,1.0,Cosing EU,Hair and skin conditioner; safe,173,Hair (165); Mini Size (7); Men (1)
saccharide isomerate,Low,1.0,Cosing EU,Plant-derived moisturizer; safe,171,Skincare (125); Makeup (15); Bath & Body (14)
synthetic beeswax,Low,1.0,Cosing EU,Man-made wax; texture agent; safe,171,Makeup (148); Mini Size (14); Skincare (5)
dicaprylyl carbonate,Low,1.0,Cosing EU,Lightweight moisturizer; safe,168,Skincare (105); Hair (31); Makeup (18)
palmitoyl tripeptide-1,Low,1.0,Cosing EU,Anti-aging peptide; safe,166,Skincare (99); Makeup (60); Mini Size (5)
coco-glucoside,Low,1.0,Cosing EU,Gentle coconut-based cleanser; safe,163,Skincare (85); Hair (42); Makeup (14)
trideceth-12,Low,1.0,Cosing EU,Cleansing/emulsifying agent; safe,163,Hair (152); Mini Size (7); Skincare (2)
calcium gluconate,Low,1.0,Cosing EU,Mineral salt; skin conditioner; safe,162,Hair (79); Skincare (62); Makeup (12)
limnanthes alba (meadowfoam) seed oil,Low,1.0,Cosing EU,Meadowfoam oil moistrurizer; safe,161,Skincare (77); Makeup (31); Hair (28)
polymethyl methacrylate,Low,1.0,Cosing EU,Synthetic polymer powder; safe,160,Makeup (106); Skincare (35); Mini Size (15)
cellulose,Low,1.0,Cosing EU,Natural plant fibre; thickener; safe,159,Skincare (71); Makeup (56); Hair (18)
cetyl esters,Low,1.0,Cosing EU,Emollient wax; safe,159,Hair (129); Skincare (20); Makeup (4)
caprylhydroxamic acid,Low,1.0,Cosing EU,Preservative booster (binds metals); safe,158,Skincare (93); Makeup (26); Hair (22)
lactobacillus ferment,Low,1.0,Cosing EU,Probiotic-derived skin conditioner; safe,158,Skincare (99); Makeup (23); Hair (13)
melia azadirachta leaf extract,Low,1.0,Cosing EU,Neem leaf extract; skin conditioner; safe,158,Skincare (101); Hair (31); Makeup (10)
moringa oleifera seed oil,Low,1.0,Cosing EU,Moringa oil moisturizer; safe,157,Hair (70); Skincare (59); Makeup (12)
curcuma longa (turmeric) root extract,Low,1.0,Cosing EU,Turmeric extract; antioxidant; safe,155,Skincare (111); Hair (19); Makeup (13)
polyacrylate crosspolymer-6,Low,1.0,Cosing EU,Thickener; controls product texture; safe,155,Skincare (126); Bath & Body (10); Hair (7)
hydrogenated vegetable oil,Low,1.0,Cosing EU,Vegetable-based wax; safe,153,Makeup (79); Skincare (55); Hair (8)
magnesium sulfate,Low,1.0,Cosing EU,Mineral salt (Epsom salt); safe,152,Makeup (80); Skincare (45); Hair (15)
triethyl citrate,Low,1.0,Cosing EU,Solvent; helps other ingredients dissolve; safe,149,Skincare (66); Fragrance (27); Makeup (24)
behentrimonium methosulfate,Low,1.0,Cosing EU,Gentle hair conditioner; safe,147,Hair (141); Mini Size (3); Men (3)
proline,Low,1.0,Cosing EU,Naturally occurring amino acid; safe,147,Skincare (66); Hair (62); Makeup (10)
glyceryl stearate se,Low,1.0,Cosing EU,Blends oil and water in formulas; safe,146,Skincare (93); Hair (22); Makeup (14)
tribehenin,Low,1.0,Cosing EU,Plant-based moisturizer; safe,146,Makeup (97); Skincare (34); Hair (8)
urea,Low,1.0,Cosing EU,Moisturizer; softens rough skin; safe,146,Skincare (95); Makeup (19); Hair (17)
algae extract,Low,1.0,Cosing EU,Seaweed-derived skin conditioner; safe,145,Skincare (92); Makeup (26); Hair (16)
polyglyceryl-2 triisostearate,Low,1.0,Cosing EU,Blends oil and water in formulas; safe,145,Makeup (128); Skincare (13); Mini Size (3)
sodium phosphate,Low,1.0,Cosing EU,pH adjuster; safe,145,Hair (67); Skincare (45); Makeup (25)
zea mays (corn) starch,Low,1.0,Cosing EU,Corn starch; absorbs oil; safe,145,Makeup (77); Skincare (27); Hair (17)
ci 77288 (chromium oxide green),Low,1.0,EU Annex IV,Approved colorant; safe,144,Makeup (124); Mini Size (12); Skincare (5)
palmitoyl tetrapeptide-7,Low,1.0,Cosing EU,Anti-aging peptide; safe,144,Skincare (111); Makeup (26); Mini Size (5)
methicone,Low,1.0,Cosing EU,Silicone coating for pigments; safe,143,Makeup (104); Skincare (22); Mini Size (13)
potassium cetyl phosphate,Low,1.0,Cosing EU,Blends oil and water in formulas; safe,143,Skincare (87); Makeup (25); Bath & Body (21)
polyquaternium-37,Low,1.0,Cosing EU,Hair/skin conditioner; safe,139,Hair (137); Mini Size (2)
sodium methyl cocoyl taurate,Low,1.0,Cosing EU,Gentle coconut-based cleanser; safe,139,Hair (74); Skincare (46); Bath & Body (13)
sodium stearoyl glutamate,Low,1.0,Cosing EU,Gentle amino acid-based emulsifier; safe,138,Skincare (106); Bath & Body (21); Hair (4)
dicalcium phosphate,Low,1.0,Cosing EU,Mineral; safe,136,Makeup (127); Mini Size (4); Skincare (3)
isopropyl myristate,Low,1.0,Cosing EU,Moisturizer; helps product absorb into skin; safe,136,Hair (51); Makeup (41); Skincare (26)
methyl methacrylate crosspolymer,Low,1.0,Cosing EU,Synthetic polymer; safe,136,Makeup (89); Skincare (37); Mini Size (8)
vp/va copolymer,Low,1.0,Cosing EU,Film-former; holds product on hair/skin; safe,135,Hair (78); Makeup (44); Mini Size (10)
citrullus lanatus (watermelon) fruit extract,Low,1.0,Cosing EU,Watermelon extract; hydrating; safe,134,Hair (63); Skincare (53); Makeup (12)
triethylhexanoin,Low,1.0,Cosing EU,Lightweight moisturizer; safe,134,Makeup (79); Skincare (45); Mini Size (9)
hydrolyzed rice protein,Low,1.0,Cosing EU,Rice protein; strengthens hair; safe,132,Hair (74); Skincare (48); Makeup (5)
vp/eicosene copolymer,Low,1.0,Cosing EU,Film-former; keeps product on skin; safe,132,Makeup (109); Mini Size (15); Skincare (6)
hydrogenated polydecene,Low,1.0,Cosing EU,Synthetic moisturizer; safe,131,Makeup (63); Skincare (50); Hair (7)
alanine,Low,1.0,Cosing EU,Naturally occurring amino acid; safe,130,Hair (60); Skincare (51); Makeup (12)
threonine,Low,1.0,Cosing EU,Naturally occurring amino acid; safe,130,Hair (61); Skincare (51); Makeup (11)
caprylyl methicone,Low,1.0,Cosing EU,Lightweight silicone; safe,128,Makeup (76); Skincare (36); Hair (10)
dipotassium glycyrrhizate,Low,1.0,Cosing EU,Soothing skin; Anti-inflammatory; safe,128,Skincare (115); Makeup (6); Mini Size (3)
phytic acid,Low,1.0,Cosing EU,Natural preservative booster from plants; safe,128,Skincare (72); Hair (44); Mini Size (3)
polyisobutene,Low,1.0,Cosing EU,Moisturizer/film-former; safe,128,Makeup (52); Skincare (50); Hair (17)
sodium polyacrylate,Low,1.0,Cosing EU,Thickener; controls product texture; safe,127,Skincare (80); Makeup (24); Bath & Body (9)
glycereth-26,Low,1.0,Cosing EU,Moisturizer; safe,126,Skincare (76); Hair (34); Makeup (6)
sodium lauroyl sarcosinate,Low,1.0,Cosing EU,Gentle cleanser; safe,126,Hair (87); Skincare (25); Men (5)
trideceth-6,Low,1.0,Cosing EU,Cleansing/emulsifying agent; safe,124,Hair (107); Skincare (14); Bath & Body (3)
acetyl hexapeptide-8,Low,1.0,Cosing EU,Anti-wrinkle peptide; safe,123,Skincare (103); Makeup (12); Men (3)
ci 77289 (chromium hydroxide green),Low,1.0,EU Annex IV,Approved colorant; safe,123,Makeup (105); Mini Size (11); Skincare (6)
methyl trimethicone,Low,1.0,Cosing EU,Lightweight silicone; safe,123,Makeup (64); Skincare (48); Mini Size (7)
sodium gluconate,Low,1.0,Cosing EU,Preservative booster (binds metals); safe,122,Skincare (69); Hair (25); Makeup (15)
ceteareth-20,Low,1.0,Cosing EU,PEG-based emulsifier; safe at cosmetic levels,121,Skincare (64); Hair (39); Bath & Body (10)
phenylalanine,Low,1.0,Cosing EU,Naturally occurring amino acid; safe,121,Hair (59); Skincare (47); Makeup (8)
hydrogenated castor oil,Low,1.0,Cosing EU,Castor-based wax; safe,120,Makeup (84); Skincare (20); Bath & Body (8)
sclerotium gum,Low,1.0,Cosing EU,Natural thickener from fungi; safe,120,Skincare (99); Hair (9); Bath & Body (8)
phytosphingosine,Low,1.0,Cosing EU,Skin lipid; supports barrier function; safe,119,Skincare (100); Makeup (8); Bath & Body (4)
cellulose gum,Low,1.0,Cosing EU,Plant-derived thickener; safe,118,Skincare (89); Makeup (18); Hair (7)
isostearic acid,Low,1.0,Cosing EU,Fatty acid emollient; safe,118,Makeup (60); Skincare (49); Mini Size (7)
citrus aurantium dulcis (orange) fruit extract,Low,1.0,Cosing EU,Orange fruit pulp extract; mild antioxidant; safe,117,Skincare (79); Bath & Body (15); Hair (13)
melia azadirachta flower extract,Low,1.0,Cosing EU,Neem flower extract; skin conditioner; safe,117,Skincare (81); Hair (15); Makeup (9)
ozokerite,Low,1.0,Cosing EU,Mineral wax; structurant; safe,117,Makeup (103); Skincare (7); Mini Size (5)
prunus armeniaca (apricot) kernel oil,Low,1.0,Cosing EU,Plant-derived emollient/extract; safe at cosmetic levels,117,Skincare (43); Hair (28); Makeup (22)
zingiber officinale (ginger) root extract,Low,1.0,Cosing EU,Plant-derived emollient/extract; safe at cosmetic levels,117,Skincare (69); Hair (28); Makeup (11)
aspartic acid,Low,1.0,Cosing EU,Amino acid; safe building block,116,Hair (62); Skincare (37); Makeup (10)
coconut acid,Low,1.0,Cosing EU,Fatty acid mix from coconut; safe,116,Hair (69); Skincare (24); Bath & Body (10)
c11-15 pareth-7,Low,1.0,Cosing EU,Surfactant/emulsifier; safe at cosmetic levels,114,Hair (96); Makeup (12); Mini Size (4)
cocamidopropyl hydroxysultaine,Low,1.0,Cosing EU,Surfactant; safe,113,Hair (60); Skincare (44); Men (5)
corallina officinalis extract,Low,1.0,Cosing EU,Plant-derived emollient/extract; safe at cosmetic levels,113,Skincare (77); Hair (15); Makeup (11)
algin,Low,1.0,Cosing EU,Sugar-derived humectant; safe,112,Skincare (66); Hair (29); Makeup (9)
theobroma cacao (cocoa) seed butter,Low,1.0,Cosing EU,Plant-derived emollient/extract; safe at cosmetic levels,111,Skincare (28); Hair (28); Bath & Body (26)
valine,Low,1.0,Cosing EU,Amino acid; safe building block,111,Hair (58); Skincare (38); Makeup (8)
caramel,Low,1.0,EU Annex IV,Sugar-derived natural colorant; safe,110,Skincare (61); Hair (32); Bath & Body (9)
hydrolyzed soy protein,Low,1.0,Cosing EU,Soy-derived film-former; safe at topical use,110,Hair (58); Skincare (34); Makeup (10)
lauryl glucoside,Low,1.0,Cosing EU,Plant-derived mild surfactant; safe,110,Skincare (49); Hair (47); Bath & Body (6)
methylpropanediol,Low,1.0,Cosing EU,Sugar-derived humectant; safe,110,Skincare (56); Makeup (37); Hair (8)
pca,Low,1.0,Cosing EU,Natural moisturizing factor; safe,110,Hair (54); Skincare (43); Makeup (7)
cetearyl ethylhexanoate,Low,1.0,Cosing EU,Lightweight moisturizer; safe,109,Makeup (79); Skincare (23); Mini Size (4)
cetyl ethylhexanoate,Low,1.0,Cosing EU,Emollient ester; safe,109,Skincare (74); Makeup (18); Bath & Body (8)
laureth-7,Low,1.0,Cosing EU,Surfactant/emulsifier; safe at cosmetic levels,109,Makeup (44); Skincare (32); Hair (15)
magnesium aluminum silicate,Low,1.0,Cosing EU,Clay-based absorbent/thickener; safe at cosmetic levels,109,Makeup (45); Skincare (43); Mini Size (9)
sclerocarya birrea seed oil,Low,1.0,Cosing EU,Plant-derived emollient/extract; safe at cosmetic levels,109,Skincare (45); Hair (36); Bath & Body (16)
isoleucine,Low,1.0,Cosing EU,Amino acid; safe building block,108,Hair (56); Skincare (37); Makeup (8)
pullulan,Low,1.0,Cosing EU,Sugar-derived humectant; safe,108,Skincare (70); Makeup (20); Hair (11)
ethylene/propylene/styrene copolymer,Low,1.0,Cosing EU,Synthetic polymer; safe,107,Makeup (76); Skincare (23); Hair (3)
histidine,Low,1.0,Cosing EU,Amino acid; safe building block,107,Hair (57); Skincare (35); Makeup (8)
sorbitan stearate,Low,1.0,Cosing EU,Emulsifier; safe,107,Skincare (61); Makeup (24); Bath & Body (15)
aluminum starch octenylsuccinate,Low,1.0,Cosing EU,Starch-based absorbent; safe,106,Makeup (50); Hair (32); Mini Size (9)
isopropyl palmitate,Low,1.0,Cosing EU,Fatty ester emollient; safe,106,Hair (28); Makeup (26); Skincare (22)
ppg-26-buteth-26,Low,1.0,Cosing EU,PPG-based solubilizer/emulsifier; safe at cosmetic levels,106,Hair (35); Skincare (31); Makeup (21)
sodium lauroyl methyl isethionate,Low,1.0,Cosing EU,Mild anionic surfactant; safe,106,Hair (76); Skincare (16); Bath & Body (8)
butylene/ethylene/styrene copolymer,Low,1.0,Cosing EU,Synthetic polymer; safe,105,Makeup (74); Skincare (24); Hair (3)
stearamidopropyl dimethylamine,Low,1.0,Cosing EU,Hair-conditioning agents; safe at cosmetic levels,105,Hair (96); Skincare (5); Mini Size (4)
dextrin,Low,1.0,Cosing EU,Sugar-derived humectant; safe,104,Skincare (84); Makeup (8); Hair (5)
mangifera indica (mango) seed butter,Low,1.0,Cosing EU,Plant-derived emollient/extract; safe at cosmetic levels,103,Skincare (37); Makeup (30); Bath & Body (17)
myristic acid,Low,1.0,Cosing EU,Fatty acid; emollient/foaming agent; safe,103,Skincare (63); Makeup (27); Mini Size (4)
panax ginseng root extract,Low,1.0,Cosing EU,Plant-derived emollient/extract; safe at cosmetic levels,103,Skincare (47); Hair (28); Makeup (18)
steareth-20,Low,1.0,Cosing EU,PEG-based nonionic emulsifier; safe at cosmetic levels,103,Skincare (55); Makeup (31); Hair (10)
copernicia cerifera (carnauba) wax,Low,1.0,Cosing EU,Plant-derived wax; structuring; safe,102,Makeup (80); Skincare (13); Mini Size (5)
trihydroxystearin,Low,1.0,Cosing EU,Thickener/gelling agent; skin-conditioning; safe,102,Makeup (72); Skincare (20); Mini Size (5)
hydrogenated olive oil unsaponifiables,Low,1.0,Cosing EU,Olive-derived emollient; safe,101,Hair (49); Skincare (28); Makeup (13)
peg-8,Low,1.0,Cosing EU,Humectant/solvent; safe at cosmetic levels,101,Skincare (72); Makeup (13); Men (6)
polyglycerin-3,Low,1.0,Cosing EU,Plant-derived humectant; safe,100,Skincare (51); Makeup (23); Hair (22)
acetic acid,Low,1.0,Cosing EU,pH adjuster; safe,99,Hair (82); Skincare (8); Fragrance (7)
acetyl glucosamine,Low,1.0,Cosing EU,Sugar derivatives; skin-conditioning; safe,99,Skincare (82); Makeup (8); Hair (3)
magnesium myristate,Low,1.0,Cosing EU,Prevents clumping in powders; safe,98,Makeup (88); Mini Size (8); Skincare (2)
ocimum sanctum leaf extract,Low,1.0,Cosing EU,Holy basil extract; antioxidant; safe,98,Skincare (73); Hair (7); Makeup (7)
dimethyl isosorbide,Low,1.0,Cosing EU,Penetration enhancer/solvent; safe at typical use levels,97,Skincare (84); Hair (6); Makeup (4)
myristyl myristate,Low,1.0,Cosing EU,Wax ester emollient; safe,97,Skincare (65); Hair (12); Bath & Body (10)
centella asiatica extract,Low,1.0,Cosing EU,Plant-derived emollient/extract; safe at cosmetic levels,96,Skincare (62); Hair (14); Makeup (10)
hydrolyzed collagen,Low,1.0,Cosing EU,Protein-derived film-former; safe,96,Skincare (67); Makeup (35); Mini Size (2)
laureth-4,Low,1.0,Cosing EU,Emulsifying agent; safe,96,Hair (40); Makeup (30); Skincare (19)
chondrus crispus extract,Low,1.0,Cosing EU,Thickener; controls product consistency; safe,95,Skincare (54); Hair (26); Makeup (11)
hydrogenated ethylhexyl olivate,Low,1.0,Cosing EU,Olive-derived emollient ester; safe,95,Hair (50); Skincare (29); Makeup (6)
butyloctyl salicylate,Low,1.0,Cosing EU,UV booster/solvent; safe,94,Skincare (65); Makeup (22); Bath & Body (5)
dicaprylyl ether,Low,1.0,Cosing EU,Emollient ester; safe,94,Skincare (56); Makeup (17); Hair (14)
coconut alkanes,Low,1.0,Cosing EU,Plant-derived emollient; silicone alternative; safe,93,Skincare (47); Hair (23); Makeup (16)
anhydroxylitol,Low,1.0,Cosing EU,Sugar-derived humectant; safe,92,Skincare (56); Hair (26); Bath & Body (5)
glyceryl stearate citrate,Low,1.0,Cosing EU,Plant-based emulsifier; safe,91,Skincare (66); Bath & Body (16); Makeup (7)
xylitylglucoside,Low,1.0,Cosing EU,Sugar-derived humectant; safe,91,Skincare (53); Hair (28); Bath & Body (5)
astrocaryum murumuru seed butter,Low,1.0,Cosing EU,Plant-derived emollient/extract; safe at cosmetic levels,89,Hair (37); Skincare (25); Makeup (18)
c13-15 alkane,Low,1.0,Cosing EU,Plant-derived emollient; silicone alternative; safe,89,Hair (30); Skincare (28); Makeup (21)
coco-betaine,Low,1.0,Cosing EU,Plant-derived amphoteric surfactant (a cleansing agent); mild; safe,89,Hair (53); Skincare (24); Bath & Body (5)
hydrolyzed quinoa,Low,1.0,Cosing EU,Plant protein film-former; safe,89,Hair (83); Makeup (3); Skincare (2)
ppg-5-ceteth-20,Low,1.0,Cosing EU,Emulsifier/solubilizer; safe at cosmetic levels,89,Hair (51); Skincare (21); Bath & Body (12)
sodium isethionate,Low,1.0,Cosing EU,Mild surfactant; safe,89,Hair (60); Skincare (19); Bath & Body (6)
vp/hexadecene copolymer,Low,1.0,Cosing EU,Synthetic film-former; safe,89,Makeup (79); Mini Size (6); Skincare (3)
oryza sativa (rice) extract,Low,1.0,Cosing EU,Rice extract; skin brightening; safe,88,Hair (47); Makeup (20); Skincare (12)
petrolatum,Low,1.0,Cosing EU,Cosmetic-grade refined petrolatum; safe occlusive moisturizer,88,Skincare (44); Makeup (19); Hair (7)
hydrolyzed wheat protein,Low,1.0,Cosing EU,Wheat-derived film-former; safe at cosmetic levels,87,Hair (63); Skincare (16); Mini Size (3)
yeast extract/faex/extrait de levure,Low,1.0,Cosing EU,Yeast extract; conditioning; safe,87,Skincare (48); Makeup (18); Hair (12)
c10-18 triglycerides,Low,1.0,Cosing EU,Fatty emollient; safe,86,Makeup (39); Skincare (37); Bath & Body (5)
capryloyl glycerin/sebacic acid copolymer,Low,1.0,Cosing EU,Glycerin-based preservative bosses; safe,86,Skincare (49); Hair (25); Makeup (6)
euphorbia cerifera (candelilla) wax,Low,1.0,Cosing EU,Plant-derived wax; structuring; safe,86,Makeup (69); Skincare (10); Mini Size (3)
laminaria saccharina extract,Low,1.0,Cosing EU,Plant-derived emollient/extract; safe at cosmetic levels,86,Skincare (53); Makeup (20); Hair (9)
avena sativa (oat) kernel extract,Low,1.0,Cosing EU,Plant-derived emollient/extract; safe at cosmetic levels,85,Skincare (69); Bath & Body (8); Hair (4)
magnesium stearate,Low,1.0,Cosing EU,Anti-caking; safe,85,Makeup (56); Skincare (16); Hair (7)
polyglyceryl-3 diisostearate,Low,1.0,Cosing EU,Plant-based emulsifier; safe,85,Makeup (59); Skincare (24); Hair (1)
stearalkonium hectorite,Low,1.0,Cosing EU,Modified clay gellant; safe at cosmetic levels,84,Makeup (59); Skincare (16); Hair (5)
red 30 lake (ci 73360),Low,1.0,EU Annex IV,Approved colorant; safe,83,Makeup (77); Mini Size (4); Skincare (2)
diheptyl succinate,Low,1.0,Cosing EU,Plant-based moisturizer; safe,82,Skincare (45); Hair (31); Mini Size (3)
tridecyl trimellitate,Low,1.0,Cosing EU,Fatty ester emollient; safe,82,Makeup (55); Skincare (20); Hair (2)
coccinia indica fruit extract,Low,1.0,Cosing EU,Plant-derived emollient/extract; safe at cosmetic levels,81,Skincare (57); Hair (9); Makeup (8)
cetyl palmitate,Low,1.0,Cosing EU,Wax ester emollient; safe,79,Skincare (50); Hair (12); Makeup (8)
microcrystalline wax/cera microcristallina/cire microcristalline,Low,1.0,Cosing EU,Petroleum-derived wax; structurant; safe,79,Makeup (61); Skincare (12); Hair (3)
salix alba (willow) bark extract,Low,1.0,Cosing EU,Plant-derived emollient/extract; safe at cosmetic levels,77,Skincare (69); Bath & Body (6); Makeup (1)
ci 16035 (red 40),Low,1.0,EU Annex IV,Approved colorant; safe,73,Makeup (46); Skincare (25); Mini Size (7)
cera alba (beeswax),Low,1.0,Cosing EU,Natural beeswax; emollient/structurant; safe,70,Makeup (53); Skincare (13); Mini Size (4)
isopentyldiol,Low,1.0,Cosing EU,Moisturizer/solvent; safe,70,Makeup (25); Skincare (25); Hair (11)
aluminum powder (ci 77000),Low,1.0,EU Annex IV,Approved colorant; safe,67,Makeup (59); Mini Size (6); Men (1)
vanilla planifolia fruit extract,Low,1.0,Cosing EU,Plant-derived emollient/extract; safe at cosmetic levels,61,Skincare (36); Makeup (13); Bath & Body (8)
disodium stearoyl glutamate,Low,1.0,Cosing EU,Amino-acid surfactant; mild safe,58,Makeup (46); Skincare (6); Mini Size (4)
ethylene/acrylic acid copolymer,Low,1.0,Cosing EU,Synthetic polymer; safe,55,Makeup (33); Skincare (18); Mini Size (4)
decylene glycol,Low,1.0,Cosing EU,Skin-conditioning;  safe,18,Makeup (9); Skincare (3); Hair (2)
