canonical_name,primary_category,n_products_in_category
2-hexanediol,Skincare,477
2-hexanediol,Makeup,258
2-hexanediol,Mini Size,28
2-hexanediol,Hair,27
2-hexanediol,Bath & Body,15
acacia senegal gum,Makeup,91
acacia senegal gum,Skincare,55
acacia senegal gum,Mini Size,19
acacia senegal gum,Hair,7
acacia senegal gum,Bath & Body,6
acetic acid,Hair,82
acetic acid,Skincare,8
acetic acid,Fragrance,7
acetic acid,Bath & Body,1
acetic acid,Mini Size,1
acetyl glucosamine,Skincare,82
acetyl glucosamine,Makeup,8
acetyl glucosamine,Hair,3
acetyl glucosamine,Men,3
acetyl glucosamine,Bath & Body,2
acetyl hexapeptide-8,Skincare,103
acetyl hexapeptide-8,Makeup,12
acetyl hexapeptide-8,Men,3
acetyl hexapeptide-8,Mini Size,3
acetyl hexapeptide-8,Bath & Body,2
acrylates copolymer,Makeup,128
acrylates copolymer,Hair,94
acrylates copolymer,Skincare,53
acrylates copolymer,Bath & Body,14
acrylates copolymer,Mini Size,12
acrylates/c10-30 alkyl acrylate crosspolymer,Skincare,284
acrylates/c10-30 alkyl acrylate crosspolymer,Hair,40
acrylates/c10-30 alkyl acrylate crosspolymer,Makeup,28
acrylates/c10-30 alkyl acrylate crosspolymer,Bath & Body,26
acrylates/c10-30 alkyl acrylate crosspolymer,Mini Size,7
adenosine,Skincare,217
adenosine,Makeup,14
adenosine,Mini Size,4
adenosine,Bath & Body,2
adenosine,Hair,2
alanine,Hair,60
alanine,Skincare,51
alanine,Makeup,12
alanine,Bath & Body,4
alanine,Mini Size,3
alcohol,Fragrance,364
alcohol,Skincare,230
alcohol,Makeup,136
alcohol,Hair,82
alcohol,Bath & Body,27
alcohol denat,Fragrance,695
alcohol denat,Skincare,202
alcohol denat,Hair,159
alcohol denat,Makeup,98
alcohol denat,Mini Size,42
algae extract,Skincare,92
algae extract,Makeup,26
algae extract,Hair,16
algae extract,Mini Size,6
algae extract,Men,3
algin,Skincare,66
algin,Hair,29
algin,Makeup,9
algin,Mini Size,6
algin,Men,2
allantoin,Skincare,223
allantoin,Bath & Body,34
allantoin,Makeup,23
allantoin,Mini Size,12
allantoin,Hair,11
aloe barbadensis,Skincare,441
aloe barbadensis,Hair,236
aloe barbadensis,Makeup,93
aloe barbadensis,Bath & Body,82
aloe barbadensis,Fragrance,40
alpha-isomethyl ionone,Fragrance,474
alpha-isomethyl ionone,Hair,146
alpha-isomethyl ionone,Skincare,57
alpha-isomethyl ionone,Bath & Body,43
alpha-isomethyl ionone,Makeup,26
alumina,Makeup,203
alumina,Skincare,34
alumina,Mini Size,11
alumina,Bath & Body,3
alumina,Fragrance,3
aluminum hydroxide,Makeup,242
aluminum hydroxide,Skincare,36
aluminum hydroxide,Mini Size,16
aluminum hydroxide,Fragrance,2
aluminum hydroxide,Bath & Body,1
aluminum powder (ci 77000),Makeup,59
aluminum powder (ci 77000),Mini Size,6
aluminum powder (ci 77000),Men,1
aluminum powder (ci 77000),Skincare,1
aluminum starch octenylsuccinate,Makeup,50
aluminum starch octenylsuccinate,Hair,32
aluminum starch octenylsuccinate,Mini Size,9
aluminum starch octenylsuccinate,Skincare,9
aluminum starch octenylsuccinate,Bath & Body,5
aminomethyl propanol,Hair,110
aminomethyl propanol,Skincare,73
aminomethyl propanol,Makeup,56
aminomethyl propanol,Mini Size,13
aminomethyl propanol,Bath & Body,7
ammonium acryloyldimethyltaurate/vp copolymer,Skincare,151
ammonium acryloyldimethyltaurate/vp copolymer,Makeup,28
ammonium acryloyldimethyltaurate/vp copolymer,Bath & Body,8
ammonium acryloyldimethyltaurate/vp copolymer,Mini Size,5
ammonium acryloyldimethyltaurate/vp copolymer,Hair,3
amodimethicone,Hair,211
amodimethicone,Skincare,13
amodimethicone,Makeup,5
amodimethicone,Mini Size,4
amodimethicone,Men,1
amyl cinnamal,Fragrance,69
amyl cinnamal,Hair,39
amyl cinnamal,Skincare,10
amyl cinnamal,Bath & Body,8
amyl cinnamal,Makeup,6
anhydroxylitol,Skincare,56
anhydroxylitol,Hair,26
anhydroxylitol,Bath & Body,5
anhydroxylitol,Makeup,4
anhydroxylitol,Mini Size,1
argania spinosa kernel oil,Hair,187
argania spinosa kernel oil,Skincare,55
argania spinosa kernel oil,Makeup,38
argania spinosa kernel oil,Bath & Body,27
argania spinosa kernel oil,Mini Size,22
arginine,Skincare,154
arginine,Hair,122
arginine,Makeup,29
arginine,Bath & Body,9
arginine,Mini Size,9
ascorbic acid,Skincare,586
ascorbic acid,Makeup,255
ascorbic acid,Hair,107
ascorbic acid,Bath & Body,35
ascorbic acid,Mini Size,26
aspartic acid,Hair,62
aspartic acid,Skincare,37
aspartic acid,Makeup,10
aspartic acid,Bath & Body,4
aspartic acid,Mini Size,3
astrocaryum murumuru seed butter,Hair,37
astrocaryum murumuru seed butter,Skincare,25
astrocaryum murumuru seed butter,Makeup,18
astrocaryum murumuru seed butter,Bath & Body,6
astrocaryum murumuru seed butter,Fragrance,1
avena sativa (oat) kernel extract,Skincare,69
avena sativa (oat) kernel extract,Bath & Body,8
avena sativa (oat) kernel extract,Hair,4
avena sativa (oat) kernel extract,Makeup,2
avena sativa (oat) kernel extract,Fragrance,1
behentrimonium chloride,Hair,315
behentrimonium chloride,Mini Size,10
behentrimonium chloride,Men,1
behentrimonium chloride,Skincare,1
behentrimonium methosulfate,Hair,141
behentrimonium methosulfate,Men,3
behentrimonium methosulfate,Mini Size,3
behenyl alcohol,Skincare,187
behenyl alcohol,Hair,23
behenyl alcohol,Makeup,16
behenyl alcohol,Bath & Body,15
behenyl alcohol,Mini Size,8
benzoic acid,Hair,120
benzoic acid,Skincare,110
benzoic acid,Makeup,54
benzoic acid,Fragrance,20
benzoic acid,Bath & Body,19
benzophenone-4,Hair,84
benzophenone-4,Skincare,23
benzophenone-4,Bath & Body,11
benzophenone-4,Mini Size,3
benzophenone-4,Men,2
benzyl alcohol,Fragrance,497
benzyl alcohol,Hair,374
benzyl alcohol,Skincare,211
benzyl alcohol,Makeup,104
benzyl alcohol,Bath & Body,47
benzyl benzoate,Fragrance,531
benzyl benzoate,Hair,116
benzyl benzoate,Skincare,96
benzyl benzoate,Makeup,73
benzyl benzoate,Bath & Body,38
benzyl cinnamate,Fragrance,91
benzyl cinnamate,Hair,16
benzyl cinnamate,Mini Size,3
benzyl cinnamate,Bath & Body,2
benzyl cinnamate,Makeup,1
benzyl salicylate,Fragrance,567
benzyl salicylate,Hair,217
benzyl salicylate,Skincare,84
benzyl salicylate,Bath & Body,61
benzyl salicylate,Makeup,44
betaine,Skincare,230
betaine,Hair,32
betaine,Makeup,21
betaine,Bath & Body,9
betaine,Mini Size,7
bht,Fragrance,322
bht,Skincare,225
bht,Makeup,205
bht,Hair,189
bht,Mini Size,37
biotin,Hair,131
biotin,Skincare,37
biotin,Makeup,28
biotin,Mini Size,4
biotin,Bath & Body,3
bis-diglyceryl polyacyladipate-2,Makeup,192
bis-diglyceryl polyacyladipate-2,Skincare,46
bis-diglyceryl polyacyladipate-2,Mini Size,15
bis-diglyceryl polyacyladipate-2,Hair,5
bis-diglyceryl polyacyladipate-2,Fragrance,3
bisabolol,Skincare,169
bisabolol,Bath & Body,31
bisabolol,Makeup,19
bisabolol,Hair,12
bisabolol,Mini Size,10
bismuth oxychloride (ci 77163),Makeup,279
bismuth oxychloride (ci 77163),Mini Size,26
bismuth oxychloride (ci 77163),Skincare,12
bismuth oxychloride (ci 77163),Hair,2
bismuth oxychloride (ci 77163),Men,1
boron nitride,Makeup,172
boron nitride,Skincare,31
boron nitride,Mini Size,18
boron nitride,Hair,2
butyl methoxydibenzoylmethane,Fragrance,515
butyl methoxydibenzoylmethane,Hair,59
butyl methoxydibenzoylmethane,Skincare,43
butyl methoxydibenzoylmethane,Mini Size,10
butyl methoxydibenzoylmethane,Bath & Body,9
butylene glycol,Skincare,1080
butylene glycol,Makeup,516
butylene glycol,Hair,384
butylene glycol,Mini Size,80
butylene glycol,Bath & Body,60
butylene/ethylene/styrene copolymer,Makeup,74
butylene/ethylene/styrene copolymer,Skincare,24
butylene/ethylene/styrene copolymer,Hair,3
butylene/ethylene/styrene copolymer,Mini Size,3
butylene/ethylene/styrene copolymer,Bath & Body,1
butyloctyl salicylate,Skincare,65
butyloctyl salicylate,Makeup,22
butyloctyl salicylate,Bath & Body,5
butyloctyl salicylate,Mini Size,2
butylphenyl methylpropional,Hair,145
butylphenyl methylpropional,Fragrance,141
butylphenyl methylpropional,Skincare,38
butylphenyl methylpropional,Bath & Body,29
butylphenyl methylpropional,Mini Size,24
c10-18 triglycerides,Makeup,39
c10-18 triglycerides,Skincare,37
c10-18 triglycerides,Bath & Body,5
c10-18 triglycerides,Hair,3
c10-18 triglycerides,Mini Size,2
c11-15 pareth-7,Hair,96
c11-15 pareth-7,Makeup,12
c11-15 pareth-7,Mini Size,4
c11-15 pareth-7,Men,2
c12-15 alkyl benzoate,Skincare,116
c12-15 alkyl benzoate,Makeup,67
c12-15 alkyl benzoate,Hair,33
c12-15 alkyl benzoate,Bath & Body,18
c12-15 alkyl benzoate,Mini Size,9
c13-15 alkane,Hair,30
c13-15 alkane,Skincare,28
c13-15 alkane,Makeup,21
c13-15 alkane,Bath & Body,6
c13-15 alkane,Mini Size,3
caffeine,Skincare,280
caffeine,Makeup,67
caffeine,Hair,48
caffeine,Bath & Body,31
caffeine,Men,16
calcium aluminum borosilicate,Makeup,189
calcium aluminum borosilicate,Mini Size,15
calcium aluminum borosilicate,Skincare,4
calcium aluminum borosilicate,Fragrance,2
calcium aluminum borosilicate,Bath & Body,1
calcium gluconate,Hair,79
calcium gluconate,Skincare,62
calcium gluconate,Makeup,12
calcium gluconate,Bath & Body,7
calcium gluconate,Mini Size,2
calcium sodium borosilicate,Makeup,224
calcium sodium borosilicate,Mini Size,12
calcium sodium borosilicate,Bath & Body,6
calcium sodium borosilicate,Skincare,6
calcium sodium borosilicate,Fragrance,5
camellia sinensis leaf extract,Skincare,372
camellia sinensis leaf extract,Hair,107
camellia sinensis leaf extract,Makeup,87
camellia sinensis leaf extract,Bath & Body,32
camellia sinensis leaf extract,Fragrance,26
caprylhydroxamic acid,Skincare,93
caprylhydroxamic acid,Makeup,26
caprylhydroxamic acid,Hair,22
caprylhydroxamic acid,Bath & Body,9
caprylhydroxamic acid,Mini Size,5
caprylic/capric triglyceride,Skincare,709
caprylic/capric triglyceride,Makeup,499
caprylic/capric triglyceride,Hair,144
caprylic/capric triglyceride,Bath & Body,117
caprylic/capric triglyceride,Mini Size,58
capryloyl glycerin/sebacic acid copolymer,Skincare,49
capryloyl glycerin/sebacic acid copolymer,Hair,25
capryloyl glycerin/sebacic acid copolymer,Makeup,6
capryloyl glycerin/sebacic acid copolymer,Mini Size,3
capryloyl glycerin/sebacic acid copolymer,Bath & Body,2
caprylyl glycol,Skincare,798
caprylyl glycol,Makeup,741
caprylyl glycol,Hair,369
caprylyl glycol,Bath & Body,91
caprylyl glycol,Mini Size,86
caprylyl methicone,Makeup,76
caprylyl methicone,Skincare,36
caprylyl methicone,Hair,10
caprylyl methicone,Mini Size,4
caprylyl methicone,Bath & Body,2
caramel,Skincare,61
caramel,Hair,32
caramel,Bath & Body,9
caramel,Makeup,4
caramel,Mini Size,3
carbomer,Skincare,486
carbomer,Hair,89
carbomer,Makeup,69
carbomer,Bath & Body,39
carbomer,Mini Size,16
carmine (ci 75470),Makeup,260
carmine (ci 75470),Mini Size,25
carmine (ci 75470),Skincare,12
carmine (ci 75470),Men,1
carthamus tinctorius (safflower) seed oil,Skincare,74
carthamus tinctorius (safflower) seed oil,Hair,47
carthamus tinctorius (safflower) seed oil,Makeup,40
carthamus tinctorius (safflower) seed oil,Bath & Body,15
carthamus tinctorius (safflower) seed oil,Mini Size,8
cellulose,Skincare,71
cellulose,Makeup,56
cellulose,Hair,18
cellulose,Mini Size,9
cellulose,Bath & Body,4
cellulose gum,Skincare,89
cellulose gum,Makeup,18
cellulose gum,Hair,7
cellulose gum,Mini Size,3
cellulose gum,Bath & Body,1
centella asiatica extract,Skincare,62
centella asiatica extract,Hair,14
centella asiatica extract,Bath & Body,10
centella asiatica extract,Makeup,10
cera alba (beeswax),Makeup,53
cera alba (beeswax),Skincare,13
cera alba (beeswax),Mini Size,4
ceramide np,Skincare,185
ceramide np,Bath & Body,18
ceramide np,Hair,17
ceramide np,Makeup,13
ceramide np,Mini Size,5
ceteareth-20,Skincare,64
ceteareth-20,Hair,39
ceteareth-20,Bath & Body,10
ceteareth-20,Makeup,5
ceteareth-20,Mini Size,2
cetearyl alcohol,Hair,466
cetearyl alcohol,Skincare,442
cetearyl alcohol,Bath & Body,112
cetearyl alcohol,Makeup,44
cetearyl alcohol,Mini Size,27
cetearyl ethylhexanoate,Makeup,79
cetearyl ethylhexanoate,Skincare,23
cetearyl ethylhexanoate,Mini Size,4
cetearyl ethylhexanoate,Bath & Body,2
cetearyl ethylhexanoate,Hair,1
cetearyl glucoside,Skincare,128
cetearyl glucoside,Bath & Body,27
cetearyl glucoside,Hair,14
cetearyl glucoside,Men,5
cetearyl glucoside,Makeup,4
cetearyl olivate,Skincare,124
cetearyl olivate,Bath & Body,26
cetearyl olivate,Makeup,10
cetearyl olivate,Hair,9
cetearyl olivate,Fragrance,2
cetrimonium chloride,Hair,336
cetrimonium chloride,Mini Size,12
cetrimonium chloride,Skincare,3
cetrimonium chloride,Fragrance,2
cetrimonium chloride,Men,2
cetyl alcohol,Skincare,281
cetyl alcohol,Hair,238
cetyl alcohol,Makeup,67
cetyl alcohol,Bath & Body,57
cetyl alcohol,Mini Size,28
cetyl esters,Hair,129
cetyl esters,Skincare,20
cetyl esters,Makeup,4
cetyl esters,Bath & Body,3
cetyl esters,Mini Size,2
cetyl ethylhexanoate,Skincare,74
cetyl ethylhexanoate,Makeup,18
cetyl ethylhexanoate,Bath & Body,8
cetyl ethylhexanoate,Mini Size,5
cetyl ethylhexanoate,Hair,3
cetyl palmitate,Skincare,50
cetyl palmitate,Hair,12
cetyl palmitate,Makeup,8
cetyl palmitate,Bath & Body,7
cetyl palmitate,Men,1
chamomilla recutita (matricaria) flower extract,Skincare,115
chamomilla recutita (matricaria) flower extract,Hair,58
chamomilla recutita (matricaria) flower extract,Makeup,27
chamomilla recutita (matricaria) flower extract,Mini Size,8
chamomilla recutita (matricaria) flower extract,Bath & Body,7
chlorphenesin,Skincare,268
chlorphenesin,Hair,184
chlorphenesin,Makeup,102
chlorphenesin,Bath & Body,34
chlorphenesin,Mini Size,32
cholesterol,Skincare,128
cholesterol,Makeup,27
cholesterol,Bath & Body,10
cholesterol,Hair,5
cholesterol,Men,3
chondrus crispus extract,Skincare,54
chondrus crispus extract,Hair,26
chondrus crispus extract,Makeup,11
chondrus crispus extract,Mini Size,3
chondrus crispus extract,Bath & Body,1
ci 14700 (red 4),Fragrance,220
ci 14700 (red 4),Skincare,67
ci 14700 (red 4),Hair,22
ci 14700 (red 4),Bath & Body,14
ci 14700 (red 4),Makeup,7
ci 15850 (red 7),Makeup,652
ci 15850 (red 7),Mini Size,25
ci 15850 (red 7),Skincare,22
ci 15850 (red 7),Bath & Body,1
ci 15985 (yellow 6),Makeup,169
ci 15985 (yellow 6),Fragrance,50
ci 15985 (yellow 6),Skincare,47
ci 15985 (yellow 6),Hair,18
ci 15985 (yellow 6),Mini Size,8
ci 16035 (red 40),Makeup,46
ci 16035 (red 40),Skincare,25
ci 16035 (red 40),Mini Size,7
ci 16035 (red 40),Hair,1
ci 17200 (red 33),Fragrance,115
ci 17200 (red 33),Makeup,64
ci 17200 (red 33),Skincare,40
ci 17200 (red 33),Hair,21
ci 17200 (red 33),Mini Size,8
ci 19140 (yellow 5),Makeup,579
ci 19140 (yellow 5),Fragrance,238
ci 19140 (yellow 5),Skincare,122
ci 19140 (yellow 5),Hair,48
ci 19140 (yellow 5),Mini Size,46
ci 42090 (blue 1),Makeup,432
ci 42090 (blue 1),Fragrance,106
ci 42090 (blue 1),Skincare,82
ci 42090 (blue 1),Mini Size,23
ci 42090 (blue 1),Hair,11
ci 45410 (red 28),Makeup,270
ci 45410 (red 28),Skincare,9
ci 45410 (red 28),Mini Size,8
ci 60730 (ext violet 2),Fragrance,261
ci 60730 (ext violet 2),Hair,34
ci 60730 (ext violet 2),Skincare,19
ci 60730 (ext violet 2),Bath & Body,6
ci 60730 (ext violet 2),Mini Size,4
ci 77288 (chromium oxide green),Makeup,124
ci 77288 (chromium oxide green),Mini Size,12
ci 77288 (chromium oxide green),Skincare,5
ci 77288 (chromium oxide green),Bath & Body,2
ci 77288 (chromium oxide green),Men,1
ci 77289 (chromium hydroxide green),Makeup,105
ci 77289 (chromium hydroxide green),Mini Size,11
ci 77289 (chromium hydroxide green),Skincare,6
ci 77289 (chromium hydroxide green),Men,1
cinnamal,Fragrance,153
cinnamal,Skincare,7
cinnamal,Mini Size,5
cinnamal,Bath & Body,4
cinnamal,Makeup,2
cinnamyl alcohol,Fragrance,209
cinnamyl alcohol,Makeup,10
cinnamyl alcohol,Bath & Body,8
cinnamyl alcohol,Skincare,8
cinnamyl alcohol,Hair,7
citral,Fragrance,800
citral,Skincare,222
citral,Hair,179
citral,Bath & Body,82
citral,Makeup,42
citric acid,Skincare,956
citric acid,Hair,723
citric acid,Makeup,271
citric acid,Bath & Body,132
citric acid,Mini Size,66
citronellol,Fragrance,822
citronellol,Hair,292
citronellol,Skincare,291
citronellol,Bath & Body,105
citronellol,Makeup,65
citrullus lanatus (watermelon) fruit extract,Hair,63
citrullus lanatus (watermelon) fruit extract,Skincare,53
citrullus lanatus (watermelon) fruit extract,Makeup,12
citrullus lanatus (watermelon) fruit extract,Mini Size,4
citrullus lanatus (watermelon) fruit extract,Bath & Body,2
citrus aurantium bergamia (bergamot) fruit oil,Skincare,68
citrus aurantium bergamia (bergamot) fruit oil,Hair,13
citrus aurantium bergamia (bergamot) fruit oil,Bath & Body,8
citrus aurantium bergamia (bergamot) fruit oil,Mini Size,7
citrus aurantium bergamia (bergamot) fruit oil,Makeup,5
citrus aurantium dulcis (orange) fruit extract,Skincare,79
citrus aurantium dulcis (orange) fruit extract,Bath & Body,15
citrus aurantium dulcis (orange) fruit extract,Hair,13
citrus aurantium dulcis (orange) fruit extract,Makeup,6
citrus aurantium dulcis (orange) fruit extract,Mini Size,2
citrus aurantium dulcis (orange) peel oil,Skincare,66
citrus aurantium dulcis (orange) peel oil,Hair,28
citrus aurantium dulcis (orange) peel oil,Bath & Body,13
citrus aurantium dulcis (orange) peel oil,Makeup,8
citrus aurantium dulcis (orange) peel oil,Fragrance,6
citrus limon (lemon) fruit extract,Skincare,95
citrus limon (lemon) fruit extract,Hair,31
citrus limon (lemon) fruit extract,Bath & Body,15
citrus limon (lemon) fruit extract,Makeup,13
citrus limon (lemon) fruit extract,Mini Size,7
citrus limon (lemon) peel oil,Skincare,73
citrus limon (lemon) peel oil,Hair,12
citrus limon (lemon) peel oil,Bath & Body,11
citrus limon (lemon) peel oil,Fragrance,8
citrus limon (lemon) peel oil,Makeup,5
cocamidopropyl betaine,Hair,174
cocamidopropyl betaine,Skincare,86
cocamidopropyl betaine,Bath & Body,34
cocamidopropyl betaine,Men,8
cocamidopropyl betaine,Mini Size,3
cocamidopropyl hydroxysultaine,Hair,60
cocamidopropyl hydroxysultaine,Skincare,44
cocamidopropyl hydroxysultaine,Men,5
cocamidopropyl hydroxysultaine,Bath & Body,3
cocamidopropyl hydroxysultaine,Mini Size,1
coccinia indica fruit extract,Skincare,57
coccinia indica fruit extract,Hair,9
coccinia indica fruit extract,Makeup,8
coccinia indica fruit extract,Bath & Body,3
coccinia indica fruit extract,Fragrance,2
coco-betaine,Hair,53
coco-betaine,Skincare,24
coco-betaine,Bath & Body,5
coco-betaine,Men,3
coco-betaine,Mini Size,3
coco-caprylate/caprate,Skincare,182
coco-caprylate/caprate,Makeup,52
coco-caprylate/caprate,Hair,36
coco-caprylate/caprate,Bath & Body,18
coco-caprylate/caprate,Mini Size,6
coco-glucoside,Skincare,85
coco-glucoside,Hair,42
coco-glucoside,Bath & Body,14
coco-glucoside,Makeup,14
coco-glucoside,Mini Size,5
coconut acid,Hair,69
coconut acid,Skincare,24
coconut acid,Bath & Body,10
coconut acid,Makeup,7
coconut acid,Men,3
coconut alkanes,Skincare,47
coconut alkanes,Hair,23
coconut alkanes,Makeup,16
coconut alkanes,Bath & Body,7
cocos nucifera oil,Hair,258
cocos nucifera oil,Skincare,131
cocos nucifera oil,Makeup,89
cocos nucifera oil,Bath & Body,78
cocos nucifera oil,Mini Size,24
copernicia cerifera (carnauba) wax,Makeup,80
copernicia cerifera (carnauba) wax,Skincare,13
copernicia cerifera (carnauba) wax,Mini Size,5
copernicia cerifera (carnauba) wax,Bath & Body,2
copernicia cerifera (carnauba) wax,Fragrance,1
corallina officinalis extract,Skincare,77
corallina officinalis extract,Hair,15
corallina officinalis extract,Makeup,11
corallina officinalis extract,Bath & Body,6
corallina officinalis extract,Fragrance,2
coumarin,Fragrance,564
coumarin,Hair,160
coumarin,Bath & Body,67
coumarin,Skincare,32
coumarin,Mini Size,17
cucumis sativus (cucumber) fruit extract,Skincare,143
cucumis sativus (cucumber) fruit extract,Makeup,19
cucumis sativus (cucumber) fruit extract,Fragrance,14
cucumis sativus (cucumber) fruit extract,Hair,9
cucumis sativus (cucumber) fruit extract,Men,7
curcuma longa (turmeric) root extract,Skincare,111
curcuma longa (turmeric) root extract,Hair,19
curcuma longa (turmeric) root extract,Makeup,13
curcuma longa (turmeric) root extract,Bath & Body,7
curcuma longa (turmeric) root extract,Mini Size,3
cyclohexasiloxane,Makeup,44
cyclohexasiloxane,Skincare,41
cyclohexasiloxane,Hair,13
cyclohexasiloxane,Mini Size,4
cyclohexasiloxane,Men,1
cyclopentasiloxane,Makeup,200
cyclopentasiloxane,Skincare,110
cyclopentasiloxane,Hair,86
cyclopentasiloxane,Mini Size,27
cyclopentasiloxane,Men,10
decyl glucoside,Skincare,120
decyl glucoside,Hair,98
decyl glucoside,Bath & Body,15
decyl glucoside,Makeup,7
decyl glucoside,Mini Size,7
decylene glycol,Makeup,9
decylene glycol,Skincare,3
decylene glycol,Bath & Body,2
decylene glycol,Hair,2
decylene glycol,Men,1
dehydroacetic acid,Skincare,88
dehydroacetic acid,Makeup,68
dehydroacetic acid,Hair,66
dehydroacetic acid,Bath & Body,13
dehydroacetic acid,Mini Size,10
dextrin,Skincare,84
dextrin,Makeup,8
dextrin,Hair,5
dextrin,Mini Size,4
dextrin,Bath & Body,3
dicalcium phosphate,Makeup,127
dicalcium phosphate,Mini Size,4
dicalcium phosphate,Skincare,3
dicalcium phosphate,Hair,2
dicaprylyl carbonate,Skincare,105
dicaprylyl carbonate,Hair,31
dicaprylyl carbonate,Makeup,18
dicaprylyl carbonate,Bath & Body,12
dicaprylyl carbonate,Mini Size,2
dicaprylyl ether,Skincare,56
dicaprylyl ether,Makeup,17
dicaprylyl ether,Hair,14
dicaprylyl ether,Bath & Body,4
dicaprylyl ether,Mini Size,3
diheptyl succinate,Skincare,45
diheptyl succinate,Hair,31
diheptyl succinate,Mini Size,3
diheptyl succinate,Bath & Body,1
diheptyl succinate,Fragrance,1
diisostearyl malate,Makeup,254
diisostearyl malate,Skincare,54
diisostearyl malate,Hair,15
diisostearyl malate,Mini Size,11
diisostearyl malate,Bath & Body,6
dimethicone,Makeup,1756
dimethicone,Skincare,1036
dimethicone,Hair,373
dimethicone,Mini Size,179
dimethicone,Bath & Body,89
dimethiconol,Hair,123
dimethiconol,Makeup,65
dimethiconol,Skincare,63
dimethiconol,Mini Size,8
dimethiconol,Men,6
dimethyl isosorbide,Skincare,84
dimethyl isosorbide,Hair,6
dimethyl isosorbide,Makeup,4
dimethyl isosorbide,Mini Size,2
dimethyl isosorbide,Bath & Body,1
dipotassium glycyrrhizate,Skincare,115
dipotassium glycyrrhizate,Makeup,6
dipotassium glycyrrhizate,Mini Size,3
dipotassium glycyrrhizate,Hair,2
dipotassium glycyrrhizate,Bath & Body,1
dipropylene glycol,Skincare,157
dipropylene glycol,Makeup,79
dipropylene glycol,Hair,66
dipropylene glycol,Fragrance,62
dipropylene glycol,Mini Size,15
disodium edta,Skincare,784
disodium edta,Hair,385
disodium edta,Makeup,287
disodium edta,Bath & Body,99
disodium edta,Mini Size,63
disodium phosphate,Hair,78
disodium phosphate,Skincare,66
disodium phosphate,Makeup,40
disodium phosphate,Mini Size,8
disodium phosphate,Bath & Body,2
disodium stearoyl glutamate,Makeup,46
disodium stearoyl glutamate,Skincare,6
disodium stearoyl glutamate,Mini Size,4
disodium stearoyl glutamate,Hair,2
disteardimonium hectorite,Makeup,354
disteardimonium hectorite,Skincare,63
disteardimonium hectorite,Mini Size,19
disteardimonium hectorite,Hair,18
disteardimonium hectorite,Bath & Body,1
ethylene/acrylic acid copolymer,Makeup,33
ethylene/acrylic acid copolymer,Skincare,18
ethylene/acrylic acid copolymer,Mini Size,4
ethylene/propylene/styrene copolymer,Makeup,76
ethylene/propylene/styrene copolymer,Skincare,23
ethylene/propylene/styrene copolymer,Hair,3
ethylene/propylene/styrene copolymer,Mini Size,3
ethylene/propylene/styrene copolymer,Bath & Body,2
ethylhexyl palmitate,Makeup,252
ethylhexyl palmitate,Skincare,96
ethylhexyl palmitate,Mini Size,18
ethylhexyl palmitate,Hair,15
ethylhexyl palmitate,Bath & Body,10
ethylhexyl salicylate,Fragrance,354
ethylhexyl salicylate,Hair,53
ethylhexyl salicylate,Makeup,10
ethylhexyl salicylate,Skincare,10
ethylhexyl salicylate,Mini Size,8
ethylhexylglycerin,Skincare,836
ethylhexylglycerin,Makeup,483
ethylhexylglycerin,Hair,414
ethylhexylglycerin,Bath & Body,106
ethylhexylglycerin,Mini Size,61
eugenol,Fragrance,399
eugenol,Hair,44
eugenol,Skincare,43
eugenol,Bath & Body,29
eugenol,Mini Size,14
euphorbia cerifera (candelilla) wax,Makeup,69
euphorbia cerifera (candelilla) wax,Skincare,10
euphorbia cerifera (candelilla) wax,Hair,3
euphorbia cerifera (candelilla) wax,Mini Size,3
euphorbia cerifera (candelilla) wax,Bath & Body,1
farnesol,Fragrance,376
farnesol,Skincare,28
farnesol,Bath & Body,8
farnesol,Hair,7
farnesol,Mini Size,7
ferric ferrocyanide (ci 77510),Makeup,229
ferric ferrocyanide (ci 77510),Mini Size,17
ferric ferrocyanide (ci 77510),Skincare,2
ferric ferrocyanide (ci 77510),Hair,1
ferric ferrocyanide (ci 77510),Men,1
geraniol,Fragrance,821
geraniol,Skincare,298
geraniol,Hair,224
geraniol,Bath & Body,96
geraniol,Makeup,54
gluconolactone,Skincare,124
gluconolactone,Hair,90
gluconolactone,Makeup,12
gluconolactone,Mini Size,9
gluconolactone,Bath & Body,7
glucose,Skincare,130
glucose,Hair,25
glucose,Makeup,18
glucose,Bath & Body,13
glucose,Mini Size,7
glycereth-26,Skincare,76
glycereth-26,Hair,34
glycereth-26,Makeup,6
glycereth-26,Men,4
glycereth-26,Bath & Body,3
glycerin,Skincare,1788
glycerin,Hair,905
glycerin,Makeup,644
glycerin,Bath & Body,241
glycerin,Mini Size,129
glyceryl caprylate,Skincare,184
glyceryl caprylate,Makeup,103
glyceryl caprylate,Hair,30
glyceryl caprylate,Bath & Body,18
glyceryl caprylate,Mini Size,15
glyceryl stearate,Skincare,440
glyceryl stearate,Makeup,154
glyceryl stearate,Hair,114
glyceryl stearate,Bath & Body,80
glyceryl stearate,Mini Size,30
glyceryl stearate citrate,Skincare,66
glyceryl stearate citrate,Bath & Body,16
glyceryl stearate citrate,Makeup,7
glyceryl stearate citrate,Fragrance,1
glyceryl stearate citrate,Mini Size,1
glyceryl stearate se,Skincare,93
glyceryl stearate se,Hair,22
glyceryl stearate se,Makeup,14
glyceryl stearate se,Mini Size,9
glyceryl stearate se,Bath & Body,8
glycine,Hair,90
glycine,Skincare,74
glycine,Makeup,8
glycine,Bath & Body,4
glycine,Mini Size,4
glycine soja (soybean) oil,Skincare,74
glycine soja (soybean) oil,Makeup,58
glycine soja (soybean) oil,Hair,54
glycine soja (soybean) oil,Bath & Body,19
glycine soja (soybean) oil,Men,7
glycol distearate,Hair,125
glycol distearate,Skincare,35
glycol distearate,Bath & Body,5
glycol distearate,Men,4
glycol distearate,Mini Size,4
glycolic acid,Skincare,183
glycolic acid,Hair,34
glycolic acid,Bath & Body,18
glycolic acid,Mini Size,11
glycolic acid,Men,5
glycyrrhiza glabra (licorice) root extract,Skincare,136
glycyrrhiza glabra (licorice) root extract,Makeup,21
glycyrrhiza glabra (licorice) root extract,Bath & Body,10
glycyrrhiza glabra (licorice) root extract,Hair,6
glycyrrhiza glabra (licorice) root extract,Mini Size,5
guar hydroxypropyltrimonium chloride,Hair,243
guar hydroxypropyltrimonium chloride,Mini Size,6
guar hydroxypropyltrimonium chloride,Bath & Body,4
guar hydroxypropyltrimonium chloride,Skincare,3
guar hydroxypropyltrimonium chloride,Men,1
hdi/trimethylol hexyllactone crosspolymer,Makeup,124
hdi/trimethylol hexyllactone crosspolymer,Skincare,39
hdi/trimethylol hexyllactone crosspolymer,Mini Size,15
hdi/trimethylol hexyllactone crosspolymer,Fragrance,2
helianthus annuus seed oil,Skincare,567
helianthus annuus seed oil,Hair,373
helianthus annuus seed oil,Makeup,221
helianthus annuus seed oil,Bath & Body,105
helianthus annuus seed oil,Mini Size,41
hexyl cinnamal,Hair,330
hexyl cinnamal,Fragrance,327
hexyl cinnamal,Skincare,87
hexyl cinnamal,Bath & Body,52
hexyl cinnamal,Makeup,39
hexylene glycol,Skincare,209
hexylene glycol,Makeup,186
hexylene glycol,Hair,82
hexylene glycol,Bath & Body,28
hexylene glycol,Men,13
histidine,Hair,57
histidine,Skincare,35
histidine,Makeup,8
histidine,Bath & Body,4
histidine,Mini Size,3
hydrogenated castor oil,Makeup,84
hydrogenated castor oil,Skincare,20
hydrogenated castor oil,Bath & Body,8
hydrogenated castor oil,Hair,5
hydrogenated castor oil,Mini Size,2
hydrogenated ethylhexyl olivate,Hair,50
hydrogenated ethylhexyl olivate,Skincare,29
hydrogenated ethylhexyl olivate,Bath & Body,6
hydrogenated ethylhexyl olivate,Makeup,6
hydrogenated ethylhexyl olivate,Men,2
hydrogenated lecithin,Skincare,185
hydrogenated lecithin,Makeup,73
hydrogenated lecithin,Bath & Body,7
hydrogenated lecithin,Mini Size,7
hydrogenated lecithin,Hair,6
hydrogenated olive oil unsaponifiables,Hair,49
hydrogenated olive oil unsaponifiables,Skincare,28
hydrogenated olive oil unsaponifiables,Makeup,13
hydrogenated olive oil unsaponifiables,Bath & Body,6
hydrogenated olive oil unsaponifiables,Mini Size,3
hydrogenated polydecene,Makeup,63
hydrogenated polydecene,Skincare,50
hydrogenated polydecene,Hair,7
hydrogenated polydecene,Mini Size,6
hydrogenated polydecene,Bath & Body,5
hydrogenated polyisobutene,Makeup,261
hydrogenated polyisobutene,Skincare,89
hydrogenated polyisobutene,Bath & Body,15
hydrogenated polyisobutene,Mini Size,10
hydrogenated polyisobutene,Fragrance,4
hydrogenated vegetable oil,Makeup,79
hydrogenated vegetable oil,Skincare,55
hydrogenated vegetable oil,Hair,8
hydrogenated vegetable oil,Mini Size,6
hydrogenated vegetable oil,Bath & Body,5
hydrolyzed collagen,Skincare,67
hydrolyzed collagen,Makeup,35
hydrolyzed collagen,Mini Size,2
hydrolyzed collagen,Hair,1
hydrolyzed quinoa,Hair,83
hydrolyzed quinoa,Makeup,3
hydrolyzed quinoa,Skincare,2
hydrolyzed quinoa,Bath & Body,1
hydrolyzed rice protein,Hair,74
hydrolyzed rice protein,Skincare,48
hydrolyzed rice protein,Makeup,5
hydrolyzed rice protein,Men,2
hydrolyzed rice protein,Mini Size,2
hydrolyzed soy protein,Hair,58
hydrolyzed soy protein,Skincare,34
hydrolyzed soy protein,Makeup,10
hydrolyzed soy protein,Men,6
hydrolyzed soy protein,Mini Size,2
hydrolyzed vegetable protein pg-propyl silanetriol,Hair,165
hydrolyzed vegetable protein pg-propyl silanetriol,Mini Size,7
hydrolyzed vegetable protein pg-propyl silanetriol,Men,1
hydrolyzed wheat protein,Hair,63
hydrolyzed wheat protein,Skincare,16
hydrolyzed wheat protein,Men,3
hydrolyzed wheat protein,Mini Size,3
hydrolyzed wheat protein,Makeup,2
hydroxyacetophenone,Skincare,194
hydroxyacetophenone,Hair,73
hydroxyacetophenone,Makeup,69
hydroxyacetophenone,Mini Size,23
hydroxyacetophenone,Bath & Body,19
hydroxycitronellal,Fragrance,515
hydroxycitronellal,Hair,178
hydroxycitronellal,Bath & Body,52
hydroxycitronellal,Skincare,40
hydroxycitronellal,Makeup,28
hydroxyethyl acrylate/sodium acryloyldimethyl taurate copolymer,Skincare,191
hydroxyethyl acrylate/sodium acryloyldimethyl taurate copolymer,Bath & Body,38
hydroxyethyl acrylate/sodium acryloyldimethyl taurate copolymer,Makeup,36
hydroxyethyl acrylate/sodium acryloyldimethyl taurate copolymer,Hair,8
hydroxyethyl acrylate/sodium acryloyldimethyl taurate copolymer,Mini Size,6
hydroxyethylcellulose,Hair,148
hydroxyethylcellulose,Skincare,133
hydroxyethylcellulose,Makeup,120
hydroxyethylcellulose,Mini Size,27
hydroxyethylcellulose,Bath & Body,7
hydroxyisohexyl 3-cyclohexene carboxaldehyde,Hair,35
hydroxyisohexyl 3-cyclohexene carboxaldehyde,Fragrance,27
hydroxyisohexyl 3-cyclohexene carboxaldehyde,Bath & Body,9
hydroxyisohexyl 3-cyclohexene carboxaldehyde,Mini Size,8
hydroxyisohexyl 3-cyclohexene carboxaldehyde,Skincare,7
iron oxides (ci 77491),Makeup,1368
iron oxides (ci 77491),Skincare,160
iron oxides (ci 77491),Mini Size,85
iron oxides (ci 77491),Hair,19
iron oxides (ci 77491),Bath & Body,14
iron oxides (ci 77492),Makeup,1206
iron oxides (ci 77492),Skincare,94
iron oxides (ci 77492),Mini Size,73
iron oxides (ci 77492),Hair,11
iron oxides (ci 77492),Bath & Body,7
iron oxides (ci 77499),Makeup,1283
iron oxides (ci 77499),Mini Size,89
iron oxides (ci 77499),Skincare,48
iron oxides (ci 77499),Hair,11
iron oxides (ci 77499),Bath & Body,4
isododecane,Makeup,327
isododecane,Skincare,97
isododecane,Hair,79
isododecane,Mini Size,30
isododecane,Bath & Body,9
isoeugenol,Fragrance,310
isoeugenol,Hair,21
isoeugenol,Bath & Body,10
isoeugenol,Makeup,4
isoeugenol,Mini Size,4
isohexadecane,Skincare,133
isohexadecane,Makeup,79
isohexadecane,Hair,28
isohexadecane,Mini Size,10
isohexadecane,Bath & Body,7
isoleucine,Hair,56
isoleucine,Skincare,37
isoleucine,Makeup,8
isoleucine,Bath & Body,4
isoleucine,Mini Size,3
isononyl isononanoate,Makeup,136
isononyl isononanoate,Skincare,91
isononyl isononanoate,Mini Size,7
isononyl isononanoate,Bath & Body,4
isononyl isononanoate,Hair,4
isopentyldiol,Makeup,25
isopentyldiol,Skincare,25
isopentyldiol,Hair,11
isopentyldiol,Mini Size,5
isopentyldiol,Bath & Body,3
isopropyl alcohol,Hair,272
isopropyl alcohol,Makeup,27
isopropyl alcohol,Skincare,16
isopropyl alcohol,Mini Size,13
isopropyl alcohol,Bath & Body,5
isopropyl myristate,Hair,51
isopropyl myristate,Makeup,41
isopropyl myristate,Skincare,26
isopropyl myristate,Fragrance,10
isopropyl myristate,Mini Size,4
isopropyl palmitate,Hair,28
isopropyl palmitate,Makeup,26
isopropyl palmitate,Skincare,22
isopropyl palmitate,Bath & Body,21
isopropyl palmitate,Fragrance,6
isostearic acid,Makeup,60
isostearic acid,Skincare,49
isostearic acid,Mini Size,7
isostearic acid,Bath & Body,2
jojoba oil,Skincare,382
jojoba oil,Makeup,256
jojoba oil,Hair,224
jojoba oil,Bath & Body,90
jojoba oil,Fragrance,39
kaolin,Makeup,176
kaolin,Skincare,104
kaolin,Mini Size,16
kaolin,Hair,8
kaolin,Fragrance,4
lactic acid,Skincare,301
lactic acid,Hair,121
lactic acid,Makeup,41
lactic acid,Bath & Body,32
lactic acid,Mini Size,12
lactobacillus ferment,Skincare,99
lactobacillus ferment,Makeup,23
lactobacillus ferment,Hair,13
lactobacillus ferment,Bath & Body,12
lactobacillus ferment,Mini Size,8
laminaria saccharina extract,Skincare,53
laminaria saccharina extract,Makeup,20
laminaria saccharina extract,Hair,9
laminaria saccharina extract,Mini Size,3
laminaria saccharina extract,Men,1
laureth-4,Hair,40
laureth-4,Makeup,30
laureth-4,Skincare,19
laureth-4,Men,3
laureth-4,Mini Size,3
laureth-7,Makeup,44
laureth-7,Skincare,32
laureth-7,Hair,15
laureth-7,Bath & Body,9
laureth-7,Mini Size,6
lauroyl lysine,Makeup,192
lauroyl lysine,Skincare,40
lauroyl lysine,Mini Size,14
lauroyl lysine,Bath & Body,1
lauryl glucoside,Skincare,49
lauryl glucoside,Hair,47
lauryl glucoside,Bath & Body,6
lauryl glucoside,Men,5
lauryl glucoside,Mini Size,2
lavandula angustifolia (lavender) oil,Skincare,101
lavandula angustifolia (lavender) oil,Makeup,17
lavandula angustifolia (lavender) oil,Bath & Body,14
lavandula angustifolia (lavender) oil,Hair,7
lavandula angustifolia (lavender) oil,Mini Size,7
lecithin,Skincare,350
lecithin,Makeup,167
lecithin,Hair,25
lecithin,Mini Size,21
lecithin,Bath & Body,19
leuconostoc/radish root ferment filtrate,Skincare,228
leuconostoc/radish root ferment filtrate,Hair,83
leuconostoc/radish root ferment filtrate,Makeup,35
leuconostoc/radish root ferment filtrate,Bath & Body,15
leuconostoc/radish root ferment filtrate,Mini Size,9
limnanthes alba (meadowfoam) seed oil,Skincare,77
limnanthes alba (meadowfoam) seed oil,Makeup,31
limnanthes alba (meadowfoam) seed oil,Hair,28
limnanthes alba (meadowfoam) seed oil,Bath & Body,21
limnanthes alba (meadowfoam) seed oil,Fragrance,3
limonene,Fragrance,928
limonene,Hair,640
limonene,Skincare,558
limonene,Bath & Body,155
limonene,Makeup,153
linalool,Fragrance,974
linalool,Hair,666
linalool,Skincare,536
linalool,Bath & Body,150
linalool,Makeup,143
linoleic acid,Skincare,138
linoleic acid,Bath & Body,15
linoleic acid,Makeup,13
linoleic acid,Hair,10
linoleic acid,Men,2
magnesium aluminum silicate,Makeup,45
magnesium aluminum silicate,Skincare,43
magnesium aluminum silicate,Mini Size,9
magnesium aluminum silicate,Hair,5
magnesium aluminum silicate,Men,5
magnesium myristate,Makeup,88
magnesium myristate,Mini Size,8
magnesium myristate,Skincare,2
magnesium stearate,Makeup,56
magnesium stearate,Skincare,16
magnesium stearate,Hair,7
magnesium stearate,Mini Size,6
magnesium sulfate,Makeup,80
magnesium sulfate,Skincare,45
magnesium sulfate,Hair,15
magnesium sulfate,Mini Size,10
magnesium sulfate,Bath & Body,2
maltodextrin,Skincare,260
maltodextrin,Makeup,70
maltodextrin,Hair,69
maltodextrin,Bath & Body,20
maltodextrin,Mini Size,18
manganese violet (ci 77742),Makeup,269
manganese violet (ci 77742),Mini Size,21
manganese violet (ci 77742),Skincare,2
manganese violet (ci 77742),Men,1
mangifera indica (mango) seed butter,Skincare,37
mangifera indica (mango) seed butter,Makeup,30
mangifera indica (mango) seed butter,Bath & Body,17
mangifera indica (mango) seed butter,Hair,16
mangifera indica (mango) seed butter,Mini Size,3
melia azadirachta flower extract,Skincare,81
melia azadirachta flower extract,Hair,15
melia azadirachta flower extract,Makeup,9
melia azadirachta flower extract,Bath & Body,7
melia azadirachta flower extract,Mini Size,3
melia azadirachta leaf extract,Skincare,101
melia azadirachta leaf extract,Hair,31
melia azadirachta leaf extract,Makeup,10
melia azadirachta leaf extract,Bath & Body,8
melia azadirachta leaf extract,Mini Size,6
mentha piperita (peppermint) oil,Hair,52
mentha piperita (peppermint) oil,Skincare,41
mentha piperita (peppermint) oil,Makeup,14
mentha piperita (peppermint) oil,Bath & Body,8
mentha piperita (peppermint) oil,Men,5
menthol,Hair,37
menthol,Skincare,34
menthol,Makeup,12
menthol,Men,12
menthol,Bath & Body,5
methicone,Makeup,104
methicone,Skincare,22
methicone,Mini Size,13
methicone,Fragrance,2
methicone,Hair,2
methyl methacrylate crosspolymer,Makeup,89
methyl methacrylate crosspolymer,Skincare,37
methyl methacrylate crosspolymer,Mini Size,8
methyl methacrylate crosspolymer,Hair,2
methyl trimethicone,Makeup,64
methyl trimethicone,Skincare,48
methyl trimethicone,Mini Size,7
methyl trimethicone,Bath & Body,3
methyl trimethicone,Hair,1
methylparaben,Skincare,59
methylparaben,Makeup,49
methylparaben,Hair,22
methylparaben,Mini Size,12
methylparaben,Bath & Body,5
methylpropanediol,Skincare,56
methylpropanediol,Makeup,37
methylpropanediol,Hair,8
methylpropanediol,Mini Size,6
methylpropanediol,Bath & Body,3
mica (ci 77019),Makeup,1006
mica (ci 77019),Skincare,217
mica (ci 77019),Mini Size,68
mica (ci 77019),Hair,26
mica (ci 77019),Bath & Body,25
microcrystalline wax/cera microcristallina/cire microcristalline,Makeup,61
microcrystalline wax/cera microcristallina/cire microcristalline,Skincare,12
microcrystalline wax/cera microcristallina/cire microcristalline,Hair,3
microcrystalline wax/cera microcristallina/cire microcristalline,Mini Size,3
moringa oleifera seed oil,Hair,70
moringa oleifera seed oil,Skincare,59
moringa oleifera seed oil,Makeup,12
moringa oleifera seed oil,Bath & Body,10
moringa oleifera seed oil,Mini Size,4
myristic acid,Skincare,63
myristic acid,Makeup,27
myristic acid,Men,4
myristic acid,Mini Size,4
myristic acid,Bath & Body,3
myristyl myristate,Skincare,65
myristyl myristate,Hair,12
myristyl myristate,Bath & Body,10
myristyl myristate,Makeup,4
myristyl myristate,Men,3
niacinamide,Skincare,342
niacinamide,Makeup,70
niacinamide,Hair,51
niacinamide,Bath & Body,26
niacinamide,Mini Size,13
nylon-12,Makeup,212
nylon-12,Skincare,28
nylon-12,Mini Size,18
nylon-12,Fragrance,4
nylon-12,Bath & Body,2
ocimum sanctum leaf extract,Skincare,73
ocimum sanctum leaf extract,Hair,7
ocimum sanctum leaf extract,Makeup,7
ocimum sanctum leaf extract,Bath & Body,6
ocimum sanctum leaf extract,Fragrance,2
octinoxate,Fragrance,362
octinoxate,Hair,107
octinoxate,Makeup,25
octinoxate,Mini Size,14
octinoxate,Bath & Body,6
octyldodecanol,Makeup,328
octyldodecanol,Skincare,87
octyldodecanol,Hair,18
octyldodecanol,Mini Size,17
octyldodecanol,Bath & Body,9
octyldodecyl stearoyl stearate,Makeup,213
octyldodecyl stearoyl stearate,Skincare,11
octyldodecyl stearoyl stearate,Mini Size,10
octyldodecyl stearoyl stearate,Hair,1
olea europaea (olive) fruit oil,Skincare,65
olea europaea (olive) fruit oil,Hair,45
olea europaea (olive) fruit oil,Makeup,36
olea europaea (olive) fruit oil,Bath & Body,25
olea europaea (olive) fruit oil,Mini Size,5
oryza sativa (rice) bran extract,Skincare,103
oryza sativa (rice) bran extract,Hair,51
oryza sativa (rice) bran extract,Makeup,19
oryza sativa (rice) bran extract,Bath & Body,14
oryza sativa (rice) bran extract,Men,3
oryza sativa (rice) extract,Hair,47
oryza sativa (rice) extract,Makeup,20
oryza sativa (rice) extract,Skincare,12
oryza sativa (rice) extract,Mini Size,6
oryza sativa (rice) extract,Men,2
ozokerite,Makeup,103
ozokerite,Skincare,7
ozokerite,Mini Size,5
ozokerite,Bath & Body,1
ozokerite,Hair,1
palmitic acid,Skincare,141
palmitic acid,Makeup,117
palmitic acid,Mini Size,21
palmitic acid,Bath & Body,20
palmitic acid,Hair,9
palmitoyl tetrapeptide-7,Skincare,111
palmitoyl tetrapeptide-7,Makeup,26
palmitoyl tetrapeptide-7,Mini Size,5
palmitoyl tetrapeptide-7,Bath & Body,1
palmitoyl tetrapeptide-7,Men,1
palmitoyl tripeptide-1,Skincare,99
palmitoyl tripeptide-1,Makeup,60
palmitoyl tripeptide-1,Mini Size,5
palmitoyl tripeptide-1,Bath & Body,2
panax ginseng root extract,Skincare,47
panax ginseng root extract,Hair,28
panax ginseng root extract,Makeup,18
panax ginseng root extract,Mini Size,5
panax ginseng root extract,Fragrance,3
panthenol,Hair,465
panthenol,Skincare,339
panthenol,Makeup,160
panthenol,Bath & Body,45
panthenol,Mini Size,34
paraffin,Makeup,141
paraffin,Skincare,19
paraffin,Mini Size,18
paraffin,Hair,3
paraffin,Bath & Body,2
parfum (fragrance),Fragrance,1112
parfum (fragrance),Hair,1080
parfum (fragrance),Skincare,738
parfum (fragrance),Makeup,349
parfum (fragrance),Bath & Body,220
pca,Hair,54
pca,Skincare,43
pca,Makeup,7
pca,Bath & Body,4
pca,Mini Size,2
peg-100 stearate,Skincare,212
peg-100 stearate,Hair,38
peg-100 stearate,Bath & Body,20
peg-100 stearate,Makeup,20
peg-100 stearate,Men,8
peg-40 hydrogenated castor oil,Hair,136
peg-40 hydrogenated castor oil,Skincare,95
peg-40 hydrogenated castor oil,Makeup,46
peg-40 hydrogenated castor oil,Bath & Body,15
peg-40 hydrogenated castor oil,Fragrance,13
peg-8,Skincare,72
peg-8,Makeup,13
peg-8,Men,6
peg-8,Hair,5
peg-8,Bath & Body,3
pelargonium graveolens flower oil,Skincare,65
pelargonium graveolens flower oil,Hair,15
pelargonium graveolens flower oil,Bath & Body,9
pelargonium graveolens flower oil,Makeup,5
pelargonium graveolens flower oil,Men,4
pentaerythrityl tetra-di-t-butyl hydroxyhydrocinnamate,Makeup,381
pentaerythrityl tetra-di-t-butyl hydroxyhydrocinnamate,Skincare,98
pentaerythrityl tetra-di-t-butyl hydroxyhydrocinnamate,Hair,91
pentaerythrityl tetra-di-t-butyl hydroxyhydrocinnamate,Fragrance,67
pentaerythrityl tetra-di-t-butyl hydroxyhydrocinnamate,Mini Size,23
pentaerythrityl tetraisostearate,Makeup,139
pentaerythrityl tetraisostearate,Skincare,31
pentaerythrityl tetraisostearate,Mini Size,9
pentaerythrityl tetraisostearate,Bath & Body,3
pentaerythrityl tetraisostearate,Hair,2
pentylene glycol,Skincare,515
pentylene glycol,Makeup,216
pentylene glycol,Hair,140
pentylene glycol,Mini Size,38
pentylene glycol,Bath & Body,19
persea gratissima oil,Hair,121
persea gratissima oil,Skincare,112
persea gratissima oil,Makeup,83
persea gratissima oil,Bath & Body,39
persea gratissima oil,Mini Size,7
petrolatum,Skincare,44
petrolatum,Makeup,19
petrolatum,Fragrance,7
petrolatum,Hair,7
petrolatum,Bath & Body,4
phenethyl alcohol,Skincare,92
phenethyl alcohol,Makeup,32
phenethyl alcohol,Hair,23
phenethyl alcohol,Fragrance,12
phenethyl alcohol,Bath & Body,5
phenoxyethanol,Skincare,1246
phenoxyethanol,Makeup,905
phenoxyethanol,Hair,788
phenoxyethanol,Bath & Body,157
phenoxyethanol,Mini Size,148
phenyl trimethicone,Makeup,175
phenyl trimethicone,Hair,61
phenyl trimethicone,Skincare,54
phenyl trimethicone,Bath & Body,11
phenyl trimethicone,Mini Size,11
phenylalanine,Hair,59
phenylalanine,Skincare,47
phenylalanine,Makeup,8
phenylalanine,Bath & Body,4
phenylalanine,Mini Size,3
phospholipids,Skincare,117
phospholipids,Hair,54
phospholipids,Makeup,17
phospholipids,Bath & Body,9
phospholipids,Mini Size,5
phytic acid,Skincare,72
phytic acid,Hair,44
phytic acid,Makeup,3
phytic acid,Mini Size,3
phytic acid,Bath & Body,2
phytosphingosine,Skincare,100
phytosphingosine,Makeup,8
phytosphingosine,Bath & Body,4
phytosphingosine,Hair,3
phytosphingosine,Mini Size,3
polyacrylate crosspolymer-6,Skincare,126
polyacrylate crosspolymer-6,Bath & Body,10
polyacrylate crosspolymer-6,Hair,7
polyacrylate crosspolymer-6,Makeup,7
polyacrylate crosspolymer-6,Mini Size,4
polybutene,Makeup,300
polybutene,Skincare,29
polybutene,Mini Size,20
polybutene,Fragrance,1
polybutene,Hair,1
polyethylene,Makeup,390
polyethylene,Skincare,48
polyethylene,Mini Size,17
polyethylene,Fragrance,4
polyethylene,Men,3
polyglycerin-3,Skincare,51
polyglycerin-3,Makeup,23
polyglycerin-3,Hair,22
polyglycerin-3,Mini Size,3
polyglycerin-3,Bath & Body,1
polyglyceryl-2 triisostearate,Makeup,128
polyglyceryl-2 triisostearate,Skincare,13
polyglyceryl-2 triisostearate,Mini Size,3
polyglyceryl-2 triisostearate,Bath & Body,1
polyglyceryl-3 diisostearate,Makeup,59
polyglyceryl-3 diisostearate,Skincare,24
polyglyceryl-3 diisostearate,Hair,1
polyglyceryl-3 diisostearate,Mini Size,1
polyhydroxystearic acid,Makeup,131
polyhydroxystearic acid,Skincare,63
polyhydroxystearic acid,Mini Size,6
polyhydroxystearic acid,Bath & Body,2
polyhydroxystearic acid,Hair,2
polyisobutene,Makeup,52
polyisobutene,Skincare,50
polyisobutene,Hair,17
polyisobutene,Bath & Body,5
polyisobutene,Mini Size,4
polymethyl methacrylate,Makeup,106
polymethyl methacrylate,Skincare,35
polymethyl methacrylate,Mini Size,15
polymethyl methacrylate,Bath & Body,2
polymethyl methacrylate,Hair,1
polymethylsilsesquioxane,Makeup,181
polymethylsilsesquioxane,Skincare,105
polymethylsilsesquioxane,Mini Size,14
polymethylsilsesquioxane,Hair,6
polymethylsilsesquioxane,Bath & Body,3
polyquaternium-10,Hair,157
polyquaternium-10,Skincare,18
polyquaternium-10,Makeup,13
polyquaternium-10,Mini Size,5
polyquaternium-10,Bath & Body,4
polyquaternium-37,Hair,137
polyquaternium-37,Mini Size,2
polyquaternium-7,Hair,166
polyquaternium-7,Skincare,23
polyquaternium-7,Bath & Body,14
polyquaternium-7,Men,9
polyquaternium-7,Mini Size,5
polysilicone-11,Skincare,123
polysilicone-11,Makeup,83
polysilicone-11,Mini Size,8
polysilicone-11,Bath & Body,4
polysilicone-11,Men,2
polysorbate 20,Skincare,309
polysorbate 20,Hair,112
polysorbate 20,Makeup,73
polysorbate 20,Bath & Body,15
polysorbate 20,Mini Size,11
polysorbate 60,Skincare,198
polysorbate 60,Hair,83
polysorbate 60,Makeup,80
polysorbate 60,Bath & Body,35
polysorbate 60,Mini Size,11
polysorbate 80,Skincare,113
polysorbate 80,Makeup,50
polysorbate 80,Hair,22
polysorbate 80,Mini Size,10
polysorbate 80,Bath & Body,8
potassium cetyl phosphate,Skincare,87
potassium cetyl phosphate,Makeup,25
potassium cetyl phosphate,Bath & Body,21
potassium cetyl phosphate,Hair,4
potassium cetyl phosphate,Mini Size,4
potassium hydroxide,Skincare,150
potassium hydroxide,Hair,41
potassium hydroxide,Makeup,19
potassium hydroxide,Bath & Body,11
potassium hydroxide,Mini Size,8
potassium sorbate,Skincare,682
potassium sorbate,Hair,553
potassium sorbate,Makeup,346
potassium sorbate,Bath & Body,71
potassium sorbate,Mini Size,64
ppg-26-buteth-26,Hair,35
ppg-26-buteth-26,Skincare,31
ppg-26-buteth-26,Makeup,21
ppg-26-buteth-26,Mini Size,9
ppg-26-buteth-26,Fragrance,5
ppg-5-ceteth-20,Hair,51
ppg-5-ceteth-20,Skincare,21
ppg-5-ceteth-20,Bath & Body,12
ppg-5-ceteth-20,Mini Size,2
ppg-5-ceteth-20,Fragrance,1
proline,Skincare,66
proline,Hair,62
proline,Makeup,10
proline,Bath & Body,5
proline,Mini Size,3
propanediol,Skincare,866
propanediol,Hair,286
propanediol,Makeup,261
propanediol,Bath & Body,66
propanediol,Mini Size,56
propylene carbonate,Makeup,276
propylene carbonate,Skincare,48
propylene carbonate,Mini Size,15
propylene carbonate,Bath & Body,4
propylene carbonate,Hair,2
propylene glycol,Hair,344
propylene glycol,Skincare,225
propylene glycol,Makeup,123
propylene glycol,Fragrance,50
propylene glycol,Bath & Body,33
propylparaben,Makeup,48
propylparaben,Skincare,27
propylparaben,Mini Size,7
propylparaben,Bath & Body,3
propylparaben,Hair,3
prunus amygdalus dulcis (sweet almond) oil,Hair,102
prunus amygdalus dulcis (sweet almond) oil,Skincare,54
prunus amygdalus dulcis (sweet almond) oil,Bath & Body,50
prunus amygdalus dulcis (sweet almond) oil,Makeup,22
prunus amygdalus dulcis (sweet almond) oil,Mini Size,8
prunus armeniaca (apricot) kernel oil,Skincare,43
prunus armeniaca (apricot) kernel oil,Hair,28
prunus armeniaca (apricot) kernel oil,Makeup,22
prunus armeniaca (apricot) kernel oil,Bath & Body,20
prunus armeniaca (apricot) kernel oil,Mini Size,4
ptfe,Makeup,48
ptfe,Men,2
ptfe,Mini Size,2
pullulan,Skincare,70
pullulan,Makeup,20
pullulan,Hair,11
pullulan,Mini Size,5
pullulan,Bath & Body,2
pvp,Makeup,97
pvp,Hair,51
pvp,Skincare,20
pvp,Mini Size,16
pvp,Bath & Body,2
pyrus malus (apple) fruit extract,Skincare,140
pyrus malus (apple) fruit extract,Hair,20
pyrus malus (apple) fruit extract,Makeup,19
pyrus malus (apple) fruit extract,Bath & Body,9
pyrus malus (apple) fruit extract,Mini Size,7
red 30 lake (ci 73360),Makeup,77
red 30 lake (ci 73360),Mini Size,4
red 30 lake (ci 73360),Skincare,2
retinol,Skincare,93
retinol,Mini Size,4
retinol,Makeup,2
retinol,Bath & Body,1
retinyl palmitate,Skincare,43
retinyl palmitate,Makeup,42
retinyl palmitate,Hair,18
retinyl palmitate,Men,10
retinyl palmitate,Bath & Body,5
ricinus communis (castor) seed oil,Makeup,142
ricinus communis (castor) seed oil,Hair,58
ricinus communis (castor) seed oil,Skincare,55
ricinus communis (castor) seed oil,Mini Size,10
ricinus communis (castor) seed oil,Bath & Body,6
rosa canina fruit oil,Skincare,67
rosa canina fruit oil,Hair,41
rosa canina fruit oil,Makeup,35
rosa canina fruit oil,Bath & Body,17
rosa canina fruit oil,Fragrance,14
rosmarinus officinalis extract,Skincare,206
rosmarinus officinalis extract,Hair,176
rosmarinus officinalis extract,Makeup,50
rosmarinus officinalis extract,Bath & Body,41
rosmarinus officinalis extract,Men,13
saccharide isomerate,Skincare,125
saccharide isomerate,Makeup,15
saccharide isomerate,Bath & Body,14
saccharide isomerate,Hair,11
saccharide isomerate,Mini Size,4
salicylic acid,Skincare,230
salicylic acid,Hair,107
salicylic acid,Makeup,16
salicylic acid,Bath & Body,10
salicylic acid,Men,8
salix alba (willow) bark extract,Skincare,69
salix alba (willow) bark extract,Bath & Body,6
salix alba (willow) bark extract,Makeup,1
salix alba (willow) bark extract,Mini Size,1
sclerocarya birrea seed oil,Skincare,45
sclerocarya birrea seed oil,Hair,36
sclerocarya birrea seed oil,Bath & Body,16
sclerocarya birrea seed oil,Makeup,7
sclerocarya birrea seed oil,Mini Size,4
sclerotium gum,Skincare,99
sclerotium gum,Hair,9
sclerotium gum,Bath & Body,8
sclerotium gum,Mini Size,2
sclerotium gum,Fragrance,1
serine,Hair,89
serine,Skincare,68
serine,Makeup,15
serine,Bath & Body,4
serine,Mini Size,4
shea butter,Skincare,376
shea butter,Hair,242
shea butter,Makeup,195
shea butter,Bath & Body,103
shea butter,Mini Size,21
silica,Makeup,1199
silica,Skincare,425
silica,Mini Size,96
silica,Hair,66
silica,Bath & Body,36
sodium benzoate,Skincare,701
sodium benzoate,Hair,570
sodium benzoate,Makeup,198
sodium benzoate,Bath & Body,74
sodium benzoate,Mini Size,53
sodium c14-16 olefin sulfonate,Hair,65
sodium c14-16 olefin sulfonate,Skincare,26
sodium c14-16 olefin sulfonate,Bath & Body,12
sodium c14-16 olefin sulfonate,Men,7
sodium chloride,Skincare,303
sodium chloride,Hair,245
sodium chloride,Makeup,178
sodium chloride,Bath & Body,61
sodium chloride,Mini Size,26
sodium citrate,Skincare,360
sodium citrate,Makeup,99
sodium citrate,Hair,62
sodium citrate,Bath & Body,25
sodium citrate,Mini Size,21
sodium cocoyl isethionate,Hair,118
sodium cocoyl isethionate,Skincare,56
sodium cocoyl isethionate,Bath & Body,13
sodium cocoyl isethionate,Mini Size,6
sodium cocoyl isethionate,Men,1
sodium dehydroacetate,Makeup,270
sodium dehydroacetate,Skincare,47
sodium dehydroacetate,Mini Size,34
sodium dehydroacetate,Bath & Body,11
sodium dehydroacetate,Hair,11
sodium gluconate,Skincare,69
sodium gluconate,Hair,25
sodium gluconate,Makeup,15
sodium gluconate,Bath & Body,11
sodium gluconate,Men,1
sodium hyaluronate,Skincare,1290
sodium hyaluronate,Makeup,436
sodium hyaluronate,Hair,165
sodium hyaluronate,Bath & Body,74
sodium hyaluronate,Mini Size,46
sodium hydroxide,Skincare,688
sodium hydroxide,Hair,293
sodium hydroxide,Makeup,118
sodium hydroxide,Bath & Body,86
sodium hydroxide,Mini Size,34
sodium isethionate,Hair,60
sodium isethionate,Skincare,19
sodium isethionate,Bath & Body,6
sodium isethionate,Mini Size,3
sodium isethionate,Men,1
sodium lactate,Skincare,131
sodium lactate,Hair,63
sodium lactate,Makeup,27
sodium lactate,Bath & Body,7
sodium lactate,Mini Size,7
sodium laureth sulfate,Hair,48
sodium laureth sulfate,Skincare,21
sodium laureth sulfate,Bath & Body,15
sodium laureth sulfate,Makeup,15
sodium laureth sulfate,Mini Size,3
sodium lauroyl methyl isethionate,Hair,76
sodium lauroyl methyl isethionate,Skincare,16
sodium lauroyl methyl isethionate,Bath & Body,8
sodium lauroyl methyl isethionate,Fragrance,3
sodium lauroyl methyl isethionate,Mini Size,3
sodium lauroyl sarcosinate,Hair,87
sodium lauroyl sarcosinate,Skincare,25
sodium lauroyl sarcosinate,Men,5
sodium lauroyl sarcosinate,Bath & Body,4
sodium lauroyl sarcosinate,Mini Size,4
sodium metabisulfite,Skincare,127
sodium metabisulfite,Hair,41
sodium metabisulfite,Makeup,18
sodium metabisulfite,Bath & Body,9
sodium metabisulfite,Mini Size,4
sodium methyl cocoyl taurate,Hair,74
sodium methyl cocoyl taurate,Skincare,46
sodium methyl cocoyl taurate,Bath & Body,13
sodium methyl cocoyl taurate,Men,3
sodium methyl cocoyl taurate,Mini Size,2
sodium pca,Skincare,229
sodium pca,Hair,110
sodium pca,Makeup,30
sodium pca,Bath & Body,24
sodium pca,Mini Size,19
sodium phosphate,Hair,67
sodium phosphate,Skincare,45
sodium phosphate,Makeup,25
sodium phosphate,Mini Size,6
sodium phosphate,Bath & Body,2
sodium phytate,Skincare,239
sodium phytate,Hair,47
sodium phytate,Bath & Body,38
sodium phytate,Makeup,22
sodium phytate,Mini Size,6
sodium polyacrylate,Skincare,80
sodium polyacrylate,Makeup,24
sodium polyacrylate,Bath & Body,9
sodium polyacrylate,Hair,7
sodium polyacrylate,Men,3
sodium stearoyl glutamate,Skincare,106
sodium stearoyl glutamate,Bath & Body,21
sodium stearoyl glutamate,Hair,4
sodium stearoyl glutamate,Mini Size,4
sodium stearoyl glutamate,Makeup,3
sorbic acid,Hair,102
sorbic acid,Skincare,79
sorbic acid,Makeup,73
sorbic acid,Mini Size,21
sorbic acid,Bath & Body,14
sorbitan isostearate,Skincare,188
sorbitan isostearate,Makeup,152
sorbitan isostearate,Bath & Body,29
sorbitan isostearate,Mini Size,10
sorbitan isostearate,Hair,8
sorbitan oleate,Skincare,78
sorbitan oleate,Hair,57
sorbitan oleate,Makeup,35
sorbitan oleate,Bath & Body,7
sorbitan oleate,Mini Size,4
sorbitan olivate,Skincare,136
sorbitan olivate,Bath & Body,26
sorbitan olivate,Makeup,23
sorbitan olivate,Hair,9
sorbitan olivate,Fragrance,2
sorbitan sesquioleate,Makeup,77
sorbitan sesquioleate,Skincare,19
sorbitan sesquioleate,Mini Size,15
sorbitan sesquioleate,Bath & Body,1
sorbitan sesquioleate,Fragrance,1
sorbitan stearate,Skincare,61
sorbitan stearate,Makeup,24
sorbitan stearate,Bath & Body,15
sorbitan stearate,Mini Size,3
sorbitan stearate,Hair,2
sorbitol,Skincare,140
sorbitol,Makeup,40
sorbitol,Hair,30
sorbitol,Bath & Body,12
sorbitol,Mini Size,7
squalane,Skincare,538
squalane,Makeup,208
squalane,Hair,85
squalane,Bath & Body,60
squalane,Mini Size,31
stearalkonium hectorite,Makeup,59
stearalkonium hectorite,Skincare,16
stearalkonium hectorite,Hair,5
stearalkonium hectorite,Bath & Body,2
stearalkonium hectorite,Mini Size,2
stearamidopropyl dimethylamine,Hair,96
stearamidopropyl dimethylamine,Skincare,5
stearamidopropyl dimethylamine,Mini Size,4
steareth-20,Skincare,55
steareth-20,Makeup,31
steareth-20,Hair,10
steareth-20,Bath & Body,4
steareth-20,Mini Size,3
stearic acid,Skincare,254
stearic acid,Makeup,235
stearic acid,Hair,44
stearic acid,Mini Size,42
stearic acid,Bath & Body,41
stearyl alcohol,Skincare,129
stearyl alcohol,Hair,93
stearyl alcohol,Bath & Body,29
stearyl alcohol,Makeup,8
stearyl alcohol,Mini Size,5
sucrose,Skincare,149
sucrose,Makeup,19
sucrose,Bath & Body,17
sucrose,Hair,14
sucrose,Men,7
synthetic beeswax,Makeup,148
synthetic beeswax,Mini Size,14
synthetic beeswax,Skincare,5
synthetic beeswax,Fragrance,2
synthetic beeswax,Hair,2
synthetic fluorphlogopite,Makeup,503
synthetic fluorphlogopite,Skincare,68
synthetic fluorphlogopite,Mini Size,35
synthetic fluorphlogopite,Hair,11
synthetic fluorphlogopite,Bath & Body,9
synthetic wax,Makeup,252
synthetic wax,Skincare,22
synthetic wax,Mini Size,13
synthetic wax,Bath & Body,5
synthetic wax,Fragrance,1
talc,Makeup,356
talc,Mini Size,32
talc,Skincare,22
talc,Hair,5
talc,Bath & Body,1
tetrahexyldecyl ascorbate,Skincare,134
tetrahexyldecyl ascorbate,Makeup,51
tetrahexyldecyl ascorbate,Bath & Body,9
tetrahexyldecyl ascorbate,Hair,6
tetrahexyldecyl ascorbate,Men,4
tetrasodium glutamate diacetate,Skincare,99
tetrasodium glutamate diacetate,Hair,71
tetrasodium glutamate diacetate,Bath & Body,8
tetrasodium glutamate diacetate,Fragrance,1
tetrasodium glutamate diacetate,Makeup,1
theobroma cacao (cocoa) seed butter,Hair,28
theobroma cacao (cocoa) seed butter,Skincare,28
theobroma cacao (cocoa) seed butter,Bath & Body,26
theobroma cacao (cocoa) seed butter,Makeup,25
theobroma cacao (cocoa) seed butter,Mini Size,3
threonine,Hair,61
threonine,Skincare,51
threonine,Makeup,11
threonine,Bath & Body,4
threonine,Mini Size,3
tin oxide (ci 77861),Makeup,492
tin oxide (ci 77861),Skincare,99
tin oxide (ci 77861),Mini Size,40
tin oxide (ci 77861),Bath & Body,17
tin oxide (ci 77861),Hair,15
titanium dioxide (ci 77891),Makeup,1391
titanium dioxide (ci 77891),Skincare,343
titanium dioxide (ci 77891),Mini Size,89
titanium dioxide (ci 77891),Hair,44
titanium dioxide (ci 77891),Bath & Body,31
tocopherol,Skincare,1009
tocopherol,Makeup,748
tocopherol,Hair,446
tocopherol,Bath & Body,163
tocopherol,Fragrance,89
tocopheryl acetate,Skincare,605
tocopheryl acetate,Makeup,556
tocopheryl acetate,Hair,177
tocopheryl acetate,Bath & Body,59
tocopheryl acetate,Mini Size,56
trehalose,Skincare,216
trehalose,Hair,44
trehalose,Makeup,44
trehalose,Mini Size,12
trehalose,Bath & Body,4
tribehenin,Makeup,97
tribehenin,Skincare,34
tribehenin,Hair,8
tribehenin,Mini Size,5
tribehenin,Bath & Body,2
trideceth-12,Hair,152
trideceth-12,Mini Size,7
trideceth-12,Men,2
trideceth-12,Skincare,2
trideceth-6,Hair,107
trideceth-6,Skincare,14
trideceth-6,Bath & Body,3
tridecyl trimellitate,Makeup,55
tridecyl trimellitate,Skincare,20
tridecyl trimellitate,Hair,2
tridecyl trimellitate,Mini Size,2
tridecyl trimellitate,Bath & Body,1
triethanolamine,Skincare,62
triethanolamine,Makeup,49
triethanolamine,Hair,16
triethanolamine,Bath & Body,15
triethanolamine,Mini Size,11
triethoxycaprylylsilane,Makeup,299
triethoxycaprylylsilane,Skincare,53
triethoxycaprylylsilane,Mini Size,27
triethoxycaprylylsilane,Hair,6
triethoxycaprylylsilane,Men,3
triethyl citrate,Skincare,66
triethyl citrate,Fragrance,27
triethyl citrate,Makeup,24
triethyl citrate,Hair,14
triethyl citrate,Bath & Body,11
triethylhexanoin,Makeup,79
triethylhexanoin,Skincare,45
triethylhexanoin,Mini Size,9
triethylhexanoin,Hair,1
trihydroxystearin,Makeup,72
trihydroxystearin,Skincare,20
trihydroxystearin,Bath & Body,5
trihydroxystearin,Mini Size,5
trimethylsiloxysilicate,Makeup,312
trimethylsiloxysilicate,Skincare,24
trimethylsiloxysilicate,Mini Size,17
trimethylsiloxysilicate,Hair,1
trisodium ethylenediamine disuccinate,Skincare,154
trisodium ethylenediamine disuccinate,Hair,78
trisodium ethylenediamine disuccinate,Makeup,32
trisodium ethylenediamine disuccinate,Bath & Body,16
trisodium ethylenediamine disuccinate,Mini Size,12
tromethamine,Skincare,146
tromethamine,Makeup,40
tromethamine,Bath & Body,17
tromethamine,Mini Size,6
tromethamine,Men,3
ultramarines (ci 77007),Makeup,333
ultramarines (ci 77007),Mini Size,37
ultramarines (ci 77007),Skincare,8
ultramarines (ci 77007),Bath & Body,1
ultramarines (ci 77007),Men,1
urea,Skincare,95
urea,Makeup,19
urea,Hair,17
urea,Bath & Body,7
urea,Mini Size,6
valine,Hair,58
valine,Skincare,38
valine,Makeup,8
valine,Bath & Body,4
valine,Mini Size,3
vanilla planifolia fruit extract,Skincare,36
vanilla planifolia fruit extract,Makeup,13
vanilla planifolia fruit extract,Bath & Body,8
vanilla planifolia fruit extract,Hair,3
vanilla planifolia fruit extract,Mini Size,1
vanillin,Makeup,33
vanillin,Skincare,18
vanillin,Fragrance,13
vanillin,Bath & Body,4
vanillin,Hair,2
vitis vinifera (grape) seed oil,Skincare,77
vitis vinifera (grape) seed oil,Hair,41
vitis vinifera (grape) seed oil,Bath & Body,37
vitis vinifera (grape) seed oil,Makeup,27
vitis vinifera (grape) seed oil,Mini Size,11
vp/eicosene copolymer,Makeup,109
vp/eicosene copolymer,Mini Size,15
vp/eicosene copolymer,Skincare,6
vp/eicosene copolymer,Fragrance,2
vp/hexadecene copolymer,Makeup,79
vp/hexadecene copolymer,Mini Size,6
vp/hexadecene copolymer,Skincare,3
vp/hexadecene copolymer,Hair,1
vp/va copolymer,Hair,78
vp/va copolymer,Makeup,44
vp/va copolymer,Mini Size,10
vp/va copolymer,Skincare,3
water,Skincare,2167
water,Hair,1216
water,Fragrance,1047
water,Makeup,986
water,Bath & Body,315
xanthan gum,Skincare,832
xanthan gum,Makeup,186
xanthan gum,Hair,97
xanthan gum,Bath & Body,93
xanthan gum,Mini Size,42
xylitol,Skincare,97
xylitol,Hair,58
xylitol,Makeup,10
xylitol,Bath & Body,7
xylitol,Mini Size,1
xylitylglucoside,Skincare,53
xylitylglucoside,Hair,28
xylitylglucoside,Bath & Body,5
xylitylglucoside,Makeup,4
xylitylglucoside,Mini Size,1
yeast extract/faex/extrait de levure,Skincare,48
yeast extract/faex/extrait de levure,Makeup,18
yeast extract/faex/extrait de levure,Hair,12
yeast extract/faex/extrait de levure,Mini Size,6
yeast extract/faex/extrait de levure,Men,2
zea mays (corn) starch,Makeup,77
zea mays (corn) starch,Skincare,27
zea mays (corn) starch,Hair,17
zea mays (corn) starch,Mini Size,13
zea mays (corn) starch,Bath & Body,10
zinc stearate,Makeup,276
zinc stearate,Mini Size,14
zinc stearate,Skincare,6
zinc stearate,Hair,1
zingiber officinale (ginger) root extract,Skincare,69
zingiber officinale (ginger) root extract,Hair,28
zingiber officinale (ginger) root extract,Makeup,11
zingiber officinale (ginger) root extract,Bath & Body,4
zingiber officinale (ginger) root extract,Mini Size,3
