rank,canonical_name,total_mentions,risk_level,sub_weight,health_concern,function_tag,concern_tag_list,n_concern_tags,products_containing,top_primary_categories,color_group,risk_level_label,function_tag_label,concern_labels
112,butylphenyl methylpropional,408,High,3.0,Reproductive toxin; BANNED in EU since 1 March 2022,other,eu_banned; reproductive_toxin,2,387,Hair (145); Fragrance (141); Skincare (38),Red,High Risk,Other,EU-Banned Ingredient; Reproductive Health Concern
396,hydroxyisohexyl 3-cyclohexene carboxaldehyde,89,High,3.0,Extreme skin sensitizer; BANNED in EU since August 2021,other,eu_banned; sensitizer,2,88,Hair (35); Fragrance (27); Bath & Body (9),Red,High Risk,Other,EU-Banned Ingredient; Allergy Risk
5,parfum (fragrance),4168,Medium,2.0,Undisclosed allergen mixture; declaration required,other,fragrance_allergen,1,3566,Fragrance (1112); Hair (1080); Skincare (738),Yellow,Moderate Risk,Other,Fragrance Allergen
26,geraniol,1739,Medium,2.0,Recognized fragrance allergen; may cause skin reactions,other,fragrance_allergen; irritant,2,1527,Fragrance (821); Skincare (298); Hair (224),Yellow,Moderate Risk,Other,Fragrance Allergen; Skin Irritation Risk
28,citral,1530,Medium,2.0,Recognized fragrance allergen; may cause skin reactions,other,fragrance_allergen; irritant,2,1360,Fragrance (800); Skincare (222); Hair (179),Yellow,Moderate Risk,Other,Fragrance Allergen; Skin Irritation Risk
30,benzyl alcohol,1438,Medium,2.0,Recognized fragrance allergen; may cause skin reactions,other,fragrance_allergen; irritant,2,1265,Fragrance (497); Hair (374); Skincare (211),Yellow,Moderate Risk,Other,Fragrance Allergen; Skin Irritation Risk
39,bht,1107,Medium,2.0,Antioxidant reviewed for EDC; safe at ≤0.8 %,antioxidant,endocrine_disruptor,1,1015,Fragrance (322); Skincare (225); Makeup (205),Yellow,Moderate Risk,Antioxidant,Hormone Disruption Risk
38,benzyl salicylate,1112,Medium,2.0,Recognized fragrance allergen; may cause skin reactions,other,fragrance_allergen; irritant,2,1000,Fragrance (567); Hair (217); Skincare (84),Yellow,Moderate Risk,Other,Fragrance Allergen; Skin Irritation Risk
49,coumarin,946,Medium,2.0,Recognized fragrance allergen; may cause skin reactions,other,fragrance_allergen; irritant,2,858,Fragrance (564); Hair (160); Bath & Body (67),Yellow,Moderate Risk,Other,Fragrance Allergen; Skin Irritation Risk
54,hydroxycitronellal,918,Medium,2.0,Recognized fragrance allergen; may cause skin reactions,other,fragrance_allergen; irritant,2,833,Fragrance (515); Hair (178); Bath & Body (52),Yellow,Moderate Risk,Other,Fragrance Allergen; Skin Irritation Risk
76,eugenol,605,Medium,2.0,Recognized fragrance allergen; may cause skin reactions,other,fragrance_allergen; irritant,2,539,Fragrance (399); Hair (44); Skincare (43),Yellow,Moderate Risk,Other,Fragrance Allergen; Skin Irritation Risk
82,octinoxate,563,Medium,2.0,UV filter; permitted with concentration limits; SCCS reviewed endocrine-related concern,uv_filter,annex_iii_restricted; endocrine_disruptor,2,521,Fragrance (362); Hair (107); Makeup (25),Yellow,Moderate Risk,UV Protection,Restricted Ingredient; Hormone Disruption Risk
96,farnesol,482,Medium,2.0,Fragrance allergen; may cause skin reactions,other,fragrance_allergen; irritant,2,433,Fragrance (376); Skincare (28); Bath & Body (8),Yellow,Moderate Risk,Other,Fragrance Allergen; Skin Irritation Risk
120,salicylic acid,383,Medium,2.0,Restricted active ingredient; may irritate skin at higher concentrations,other,annex_iii_restricted; irritant,2,370,Skincare (230); Hair (107); Makeup (16),Yellow,Moderate Risk,Other,Restricted Ingredient; Skin Irritation Risk
124,cetrimonium chloride,377,Medium,2.0,Conditioning antistatic quaternary ammonium compound; irritation potential,conditioner,irritant,1,355,Hair (336); Mini Size (12); Skincare (3),Yellow,Moderate Risk,Hair Conditioner,Skin Irritation Risk
122,isoeugenol,378,Medium,2.0,Recognized fragrance allergen; may cause skin reactions,other,fragrance_allergen; irritant,2,349,Fragrance (310); Hair (21); Bath & Body (10),Yellow,Moderate Risk,Other,Fragrance Allergen; Skin Irritation Risk
132,behentrimonium chloride,343,Medium,2.0,Conditioning antistatic quaternary ammonium compound; irritation potential,conditioner,irritant,1,327,Hair (315); Mini Size (10); Men (1),Yellow,Moderate Risk,Hair Conditioner,Skin Irritation Risk
149,cocamidopropyl betaine,306,Medium,2.0,Cleanser; ACDS 2004 Allergen of the Year; manufacturing impurities may cause allergic contact dermatitis,surfactant,sensitizer; manufacturing_impurity,2,305,Hair (174); Skincare (86); Bath & Body (34),Yellow,Moderate Risk,Cleanser / Foaming Agent,Allergy Risk; Production Contamination Risk
160,aminomethyl propanol,269,Medium,2.0,pH adjuster; formulation-related nitrosamine concern and possible irritation,ph_adjuster,nitrosamine_concern; irritant,2,262,Hair (110); Skincare (73); Makeup (56),Yellow,Moderate Risk,pH Balancer,Chemical Contamination Risk; Skin Irritation Risk
164,cinnamyl alcohol,258,Medium,2.0,Recognized fragrance allergen; may cause skin reactions,other,fragrance_allergen; irritant,2,247,Fragrance (209); Makeup (10); Skincare (8),Yellow,Moderate Risk,Other,Fragrance Allergen; Skin Irritation Risk
184,polyquaternium-7,221,Medium,2.0,Conditioning polymer; residual impurity concern and generally low direct topical risk,conditioner,manufacturing_impurity,1,219,Hair (166); Skincare (23); Bath & Body (14),Yellow,Moderate Risk,Hair Conditioner,Production Contamination Risk
180,tromethamine,228,Medium,2.0,pH adjuster; formulation-related nitrosamine concern and possible irritation,ph_adjuster,nitrosamine_concern; irritant,2,215,Skincare (146); Makeup (40); Bath & Body (17),Yellow,Moderate Risk,pH Balancer,Chemical Contamination Risk; Skin Irritation Risk
213,cinnamal,186,Medium,2.0,Recognized fragrance allergen; may cause skin reactions,other,fragrance_allergen; irritant,2,173,Fragrance (153); Skincare (7); Mini Size (5),Yellow,Moderate Risk,Other,Fragrance Allergen; Skin Irritation Risk
233,triethanolamine,172,Medium,2.0,pH adjuster; restricted ≤2.5% due to risk of forming cancer-causing nitrosamines,ph_adjuster,annex_iii_restricted; carcinogen_concern; nitrosamine_concern,3,167,Skincare (62); Makeup (49); Hair (16),Yellow,Moderate Risk,pH Balancer,Restricted Ingredient; Cancer Concern; Chemical Contamination Risk
223,citrus limon (lemon) fruit extract,178,Medium,2.0,Lemon extract; contains furocoumarins; allowed only at natural levels; may cause skin burns with sun exposure,plant_extract,photosensitizer; irritant,2,164,Skincare (95); Hair (31); Bath & Body (15),Yellow,Moderate Risk,Plant Extract / Oil,Sun Sensitivity Risk; Skin Irritation Risk
247,methylparaben,162,Medium,2.0,"Preservative;
permitted with concentration limits; SCCS
reviewed endocrine-related concerns",preservative,annex_iii_restricted; endocrine_disruptor,2,149,Skincare (59); Makeup (49); Hair (22),Yellow,Moderate Risk,Preservative,Restricted Ingredient; Hormone Disruption Risk
268,amyl cinnamal,141,Medium,2.0,Recognized fragrance allergen; may cause skin reactions,other,fragrance_allergen; irritant,2,135,Fragrance (69); Hair (39); Skincare (10),Yellow,Moderate Risk,Other,Fragrance Allergen; Skin Irritation Risk
282,benzophenone-4,136,Medium,2.0,UV filter; permitted with concentration limits; SCCS reviewed endocrine-related concern,uv_filter,annex_iii_restricted; endocrine_disruptor,2,123,Hair (84); Skincare (23); Bath & Body (11),Yellow,Moderate Risk,UV Protection,Restricted Ingredient; Hormone Disruption Risk
300,retinyl palmitate,124,Medium,2.0,Restricted to 0.05 % RE body lotion / 0.3 % other,other,annex_iii_restricted,1,123,Skincare (43); Makeup (42); Hair (18),Yellow,Moderate Risk,Other,Restricted Ingredient
318,citrus limon (lemon) peel oil,119,Medium,2.0,Lemon peel essential oil; may cause skin burns with sun exposure,other,photosensitizer; irritant,2,114,Skincare (73); Hair (12); Bath & Body (11),Yellow,Moderate Risk,Other,Sun Sensitivity Risk; Skin Irritation Risk
327,pelargonium graveolens flower oil,115,Medium ,2.0,Geranium essential oil; fragrance allergens; may cause skin reactions,other,fragrance_allergen; irritant,2,102,Skincare (65); Hair (15); Bath & Body (9),,,Other,Fragrance Allergen; Skin Irritation Risk
355,menthol,105,Medium,2.0,Cooling agents; may sensitize/ irritate sensitive skin or eyes,other,sensitizer; irritant,2,102,Hair (37); Skincare (34); Makeup (12),Yellow,Moderate Risk,Other,Allergy Risk; Skin Irritation Risk
358,retinol,104,Medium,2.0,Vitamin A; SCCS permitted with concentration limits; pregnancy precaution,vitamin,annex_iii_restricted; reproductive_toxin,2,100,Skincare (93); Mini Size (4); Makeup (2),Yellow,Moderate Risk,Vitamin,Restricted Ingredient; Reproductive Health Concern
380,propylparaben,94,Medium,2.0,"Potential endocrine disruptor,may interfere with hormone balance",other,endocrine_disruptor,1,90,Makeup (48); Skincare (27); Mini Size (7),Yellow,Moderate Risk,Other,Hormone Disruption Risk
4,phenoxyethanol,4266,Low-Medium,1.5,"Preservative;
permitted with concentration limits; mild irritation/sensitization",preservative,annex_iii_restricted; sensitizer; irritant,3,3327,Skincare (1246); Makeup (905); Hair (788),Yellow-Green,Low-Moderate Risk,Preservative,Restricted Ingredient; Allergy Risk; Skin Irritation Risk
8,linalool,2902,Low-Medium,1.5,Fragrance allergen; may cause skin reactions,other,fragrance_allergen; irritant,2,2551,Fragrance (974); Hair (666); Skincare (536),Yellow-Green,Low-Moderate Risk,Other,Fragrance Allergen; Skin Irritation Risk
9,limonene,2860,Low-Medium,1.5,Fragrance allergen; may cause skin reactions,other,fragrance_allergen; irritant,2,2518,Fragrance (928); Hair (640); Skincare (558),Yellow-Green,Low-Moderate Risk,Other,Fragrance Allergen; Skin Irritation Risk
24,citronellol,1812,Low-Medium,1.5,Fragrance allergen; may cause skin reactions,other,fragrance_allergen; irritant,2,1615,Fragrance (822); Hair (292); Skincare (291),Yellow-Green,Low-Moderate Risk,Other,Fragrance Allergen; Skin Irritation Risk
31,alcohol denat,1412,Low-Medium,1.5,Drying with prolonged use,other,drying,1,1209,Fragrance (695); Skincare (202); Hair (159),Yellow-Green,Low-Moderate Risk,Other,Drying Effect
48,benzyl benzoate,972,Low-Medium,1.5,Fragrance allergen; may cause skin reactions,other,fragrance_allergen; irritant,2,874,Fragrance (531); Hair (116); Skincare (96),Yellow-Green,Low-Moderate Risk,Other,Fragrance Allergen; Skin Irritation Risk
50,hexyl cinnamal,931,Low-Medium,1.5,Fragrance allergen; may cause skin reactions,other,fragrance_allergen; irritant,2,861,Hair (330); Fragrance (327); Skincare (87),Yellow-Green,Low-Moderate Risk,Other,Fragrance Allergen; Skin Irritation Risk
51,alcohol,921,Low-Medium,1.5,Ethanol solvent; barrier-disruption potential,solvent,drying,1,860,Fragrance (364); Skincare (230); Makeup (136),Yellow-Green,Low-Moderate Risk,Solvent,Drying Effect
60,alpha-isomethyl ionone,814,Low-Medium,1.5,Recognized fragrance allergen; may cause skin reactions,other,fragrance_allergen; irritant,2,765,Fragrance (474); Hair (146); Skincare (57),Yellow-Green,Low-Moderate Risk,Other,Fragrance Allergen; Skin Irritation Risk
59,propylene glycol,854,Low-Medium,1.5,Solvent / humectant; may cause minor irritation,humectant,irritant,1,753,Hair (344); Skincare (225); Makeup (123),Yellow-Green,Low-Moderate Risk,Moisture Attractor,Skin Irritation Risk
58,ci 42090 (blue 1),863,Low-Medium,1.5,Approved colorant; concentration restricted ,colorant,annex_iii_restricted,1,649,Makeup (432); Fragrance (106); Skincare (82),Yellow-Green,Low-Moderate Risk,Color / Pigment,Restricted Ingredient
65,butyl methoxydibenzoylmethane,716,Low-Medium,1.5,UV filter; permitted with concentration limits,uv_filter,annex_iii_restricted,1,641,Fragrance (515); Hair (59); Skincare (43),Yellow-Green,Low-Moderate Risk,UV Protection,Restricted Ingredient
66,chlorphenesin,697,Low-Medium,1.5,Preservative; permitted with concentration on limits,preservative,annex_iii_restricted,1,637,Skincare (268); Hair (184); Makeup (102),Yellow-Green,Low-Moderate Risk,Preservative,Restricted Ingredient
84,lactic acid,551,Low-Medium,1.5,Exfoliant and moisturizer; may irritate skin,moisturizer,irritant,1,509,Skincare (301); Hair (121); Makeup (41),Yellow-Green,Low-Moderate Risk,Moisturizer,Skin Irritation Risk
88,cyclopentasiloxane,515,Low-Medium,1.5,Volatile silicone; safe at cosmetic levels,silicone,,0,442,Makeup (200); Skincare (110); Hair (86),Yellow-Green,Low-Moderate Risk,Silicone,
97,ethylhexyl salicylate,480,Low-Medium,1.5,UV filter; permitted with concentration limits,uv_filter,annex_iii_restricted,1,441,Fragrance (354); Hair (53); Skincare (10),Yellow-Green,Low-Moderate Risk,UV Protection,Restricted Ingredient
125,isopropyl alcohol,374,Low-Medium,1.5,Solvent; may cause mild skin drying and irritation,solvent,irritant; drying,2,334,Hair (272); Makeup (27); Skincare (16),Yellow-Green,Low-Moderate Risk,Solvent,Skin Irritation Risk; Drying Effect
137,ci 60730 (ext violet 2),339,Low-Medium,1.5,Synthetic colorant; restricted from lips and eye area,colorant,annex_iii_restricted,1,327,Fragrance (261); Hair (34); Skincare (19),Yellow-Green,Low-Moderate Risk,Color / Pigment,Restricted Ingredient
159,glycolic acid,270,Low-Medium,1.5,Chemical peels and anti-aging skin products; can irritate skin,other,irritant,1,253,Skincare (183); Hair (34); Bath & Body (18),Yellow-Green,Low-Moderate Risk,Other,Skin Irritation Risk
154,ci 17200 (red 33),282,Low-Medium,1.5,Approved colorant; concentration restricted ,colorant,annex_iii_restricted,1,252,Fragrance (115); Makeup (64); Skincare (40),Yellow-Green,Low-Moderate Risk,Color / Pigment,Restricted Ingredient
171,potassium hydroxide,246,Low-Medium,1.5,pH adjuster; restricted due to strong alkalinity; concentration limits apply,ph_adjuster,annex_iii_restricted,1,233,Skincare (150); Hair (41); Makeup (19),Yellow-Green,Low-Moderate Risk,pH Balancer,Restricted Ingredient
126,ci 45410 (red 28),372,Low-Medium,1.5,Approved colorant; concentration restricted ,colorant,annex_iii_restricted,1,226,Makeup (270); Skincare (9); Mini Size (8),Yellow-Green,Low-Moderate Risk,Color / Pigment,Restricted Ingredient
188,sodium metabisulfite,217,Low-Medium,1.5,Antioxidant preservative; may cause reactions in sulfite-sensitive individuals,preservative,sensitizer,1,200,Skincare (127); Hair (41); Makeup (18),Yellow-Green,Low-Moderate Risk,Preservative,Allergy Risk
222,phenethyl alcohol,178,Low-Medium,1.5,Recognized fragrance allergen; may cause skin reactions,other,fragrance_allergen; irritant,2,170,Skincare (92); Makeup (32); Hair (23),Yellow-Green,Low-Moderate Risk,Other,Fragrance Allergen; Skin Irritation Risk
252,lavandula angustifolia (lavender) oil,156,Low-Medium,1.5,Lavender oil; contains linalool which may cause skin allergy,other,sensitizer; irritant,2,152,Skincare (101); Makeup (17); Bath & Body (14),Yellow-Green,Low-Moderate Risk,Other,Allergy Risk; Skin Irritation Risk
284,citrus aurantium dulcis (orange) peel oil,136,Low-Medium,1.5,Citrus oil; may cause skin sensitivity to sunlight; contains limonene,other,photosensitizer; irritant,2,125,Skincare (66); Hair (28); Bath & Body (13),Yellow-Green,Low-Moderate Risk,Other,Sun Sensitivity Risk; Skin Irritation Risk
267,mentha piperita (peppermint) oil,143,Low-Medium,1.5,Peppermint oil; menthol can sensitize / irritate skin,other,sensitizer; irritant,2,122,Hair (52); Skincare (41); Makeup (14),Yellow-Green,Low-Moderate Risk,Other,Allergy Risk; Skin Irritation Risk
319,benzyl cinnamate,118,Low-Medium,1.5,Fragrance allergen; may cause skin reactions,other,fragrance_allergen; irritant,2,115,Fragrance (91); Hair (16); Mini Size (3),Yellow-Green,Low-Moderate Risk,Other,Fragrance Allergen; Skin Irritation Risk
275,sorbitan sesquioleate,139,Low-Medium,1.5,Emulsifier; documented potential for contact allergy,emulsifier,sensitizer,1,113,Makeup (77); Skincare (19); Mini Size (15),Yellow-Green,Low-Moderate Risk,Texture Blender,Allergy Risk
343,sodium c14-16 olefin sulfonate,110,Low-Medium,1.5,Anionic surfactant; potential mild irritant at higher concentrations,surfactant,irritant,1,110,Hair (65); Skincare (26); Bath & Body (12),Yellow-Green,Low-Moderate Risk,Cleanser / Foaming Agent,Skin Irritation Risk
349,sodium laureth sulfate,107,Low-Medium,1.5,"Mild anionic surfactant; potential 1,4-dioxane manufacturing impurity",surfactant,manufacturing_impurity,1,106,Hair (48); Skincare (21); Bath & Body (15),Yellow-Green,Low-Moderate Risk,Cleanser / Foaming Agent,Production Contamination Risk
345,citrus aurantium bergamia (bergamot) fruit oil,110,Low-Medium,1.5,Bergamot oil; potentially phototoxic (bergapten); may cause skin sensitization,other,sensitizer; photosensitizer; irritant,3,105,Skincare (68); Hair (13); Bath & Body (8),Yellow-Green,Low-Moderate Risk,Other,Allergy Risk; Sun Sensitivity Risk; Skin Irritation Risk
347,cyclohexasiloxane,108,Low-Medium,1.5,Volatile silicone (D5); EU environmental review for PBT properties; safe for topical use,silicone,environmental_concern,1,103,Makeup (44); Skincare (41); Hair (13),Yellow-Green,Low-Moderate Risk,Silicone,Environmental Concern
277,vanillin,138,Low-Medium,1.5,Recognized fragrance allergen; may cause skin reactions,other,fragrance_allergen; irritant,2,71,Makeup (33); Skincare (18); Fragrance (13),Yellow-Green,Low-Moderate Risk,Other,Fragrance Allergen; Skin Irritation Risk
228,ptfe,176,Low-Medium,1.5,Microplastic polymer (Teflon); targeted for phase-outs in the EU,other,microplastic; environmental_concern,2,52,Makeup (48); Mini Size (2); Men (2),Yellow-Green,Low-Moderate Risk,Other,Microplastic; Environmental Concern
1,water,6805,Low,1.0,Universal solvent; safe,solvent,,0,5559,Skincare (2167); Hair (1216); Fragrance (1047),Green,Low Risk,Solvent,
3,glycerin,4393,Low,1.0,Solvent; skin conditioning; moisturizer; safe,moisturizer,,0,3766,Skincare (1788); Hair (905); Makeup (644),Green,Low Risk,Moisturizer,
6,tocopherol,3053,Low,1.0,Vitamin E antioxidant; safe,antioxidant,,0,2549,Skincare (1009); Makeup (748); Hair (446),Green,Low Risk,Antioxidant,
14,citric acid,2437,Low,1.0,pH adjuster; safe,ph_adjuster,,0,2221,Skincare (956); Hair (723); Makeup (271),Green,Low Risk,pH Balancer,
15,butylene glycol,2372,Low,1.0,Humectant / solvent; safe at cosmetic concentration,humectant,,0,2146,Skincare (1080); Makeup (516); Hair (384),Green,Low Risk,Moisture Attractor,
11,caprylyl glycol,2835,Low,1.0,Humectant /preservative booster; safe,preservative,,0,2122,Skincare (798); Makeup (741); Hair (369),Green,Low Risk,Preservative,
2,dimethicone,4444,Low,1.0,Skin-protectant silicone; non-irritating,silicone,,0,2064,Makeup (1756); Skincare (1036); Hair (373),Green,Low Risk,Silicone,
12,ethylhexylglycerin,2513,Low,1.0,Skin conditioning; low irritation,conditioner,irritant,1,1925,Skincare (836); Makeup (483); Hair (414),Green,Low Risk,Hair Conditioner,Skin Irritation Risk
7,titanium dioxide (ci 77891),2925,Low,1.0,UV filter and colorant; safe,uv_filter,,0,1876,Makeup (1391); Skincare (343); Mini Size (89),Green,Low Risk,UV Protection,
19,potassium sorbate,1966,Low,1.0,Preservative; safe at cosmetic levels,preservative,,0,1730,Skincare (682); Hair (553); Makeup (346),Green,Low Risk,Preservative,
17,sodium hyaluronate,2215,Low,1.0,Humectant; safe,humectant,,0,1693,Skincare (1290); Makeup (436); Hair (165),Green,Low Risk,Moisture Attractor,
10,silica,2850,Low,1.0,Absorbent / anti caking; safe topically,absorbent,,0,1678,Makeup (1199); Skincare (425); Mini Size (96),Green,Low Risk,Oil Absorber,
23,sodium benzoate,1814,Low,1.0,Preservative; safe at cosmetic levels,preservative,,0,1613,Skincare (701); Hair (570); Makeup (198),Green,Low Risk,Preservative,
13,iron oxides (ci 77491),2486,Low,1.0,Approved colorant; safe,colorant,,0,1553,Makeup (1368); Skincare (160); Mini Size (85),Green,Low Risk,Color / Pigment,
21,caprylic/capric triglyceride,1863,Low,1.0,Coconut-derived moisturizer; safe,moisturizer,,0,1552,Skincare (709); Makeup (499); Hair (144),Green,Low Risk,Moisturizer,
22,disodium edta,1826,Low,1.0,Chelating agent; safe at cosmetic levels,chelator,,0,1545,Skincare (784); Hair (385); Makeup (287),Green,Low Risk,Stability Agent,
25,propanediol,1743,Low,1.0,Humectant/solvent; well tolerated,humectant,,0,1519,Skincare (866); Hair (286); Makeup (261),Green,Low Risk,Moisture Attractor,
27,tocopheryl acetate,1708,Low,1.0,Vitamin E ester antioxidant; safe,antioxidant,,0,1486,Skincare (605); Makeup (556); Hair (177),Green,Low Risk,Antioxidant,
18,iron oxides (ci 77499),2133,Low,1.0,Approved colorant; safe,colorant,,0,1391,Makeup (1283); Mini Size (89); Skincare (48),Green,Low Risk,Color / Pigment,
16,mica (ci 77019),2357,Low,1.0,Approved colorant; safe,colorant,,0,1342,Makeup (1006); Skincare (217); Mini Size (68),Green,Low Risk,Color / Pigment,
20,iron oxides (ci 77492),1956,Low,1.0,Approved colorant; safe,colorant,,0,1330,Makeup (1206); Skincare (94); Mini Size (73),Green,Low Risk,Color / Pigment,
32,xanthan gum,1373,Low,1.0,Hydration and conditioning; safe,conditioner,,0,1265,Skincare (832); Makeup (186); Hair (97),Green,Low Risk,Hair Conditioner,
34,sodium hydroxide,1345,Low,1.0,pH adjuster; safe,ph_adjuster,,0,1248,Skincare (688); Hair (293); Makeup (118),Green,Low Risk,pH Balancer,
29,helianthus annuus seed oil,1461,Low,1.0,Sunflower oil moisturizer; safe,moisturizer,,0,1197,Skincare (567); Hair (373); Makeup (221),Green,Low Risk,Moisturizer,
35,cetearyl alcohol,1189,Low,1.0,Fatty alcohol emulsifier; safe,emulsifier,,0,1103,Hair (466); Skincare (442); Bath & Body (112),Green,Low Risk,Texture Blender,
37,panthenol,1150,Low,1.0,Pro-Vvitamin B5 humectant; safe,humectant,,0,1064,Hair (465); Skincare (339); Makeup (160),Green,Low Risk,Moisture Attractor,
33,ci 19140 (yellow 5),1366,Low,1.0,Approved colorant; safe,colorant,,0,1000,Makeup (579); Fragrance (238); Skincare (122),Green,Low Risk,Color / Pigment,
36,jojoba oil,1163,Low,1.0,Liquid wax ester emollient; safe,emollient,,0,946,Skincare (382); Makeup (256); Hair (224),Green,Low Risk,Skin Softener,
44,pentylene glycol,1037,Low,1.0,Humectant/solvent; low irritation,humectant,irritant,1,940,Skincare (515); Makeup (216); Hair (140),Green,Low Risk,Moisture Attractor,Skin Irritation Risk
43,squalane,1059,Low,1.0,Saturated emollient; safe,emollient,,0,931,Skincare (538); Makeup (208); Hair (85),Green,Low Risk,Skin Softener,
42,shea butter,1072,Low,1.0,Plant butter emollient; safe,emollient,,0,912,Skincare (376); Hair (242); Makeup (195),Green,Low Risk,Skin Softener,
46,aloe barbadensis,1031,Low,1.0,Plant extract soothing; safe,soothing,,0,904,Skincare (441); Hair (236); Makeup (93),Green,Low Risk,Soothing Agent,
40,ascorbic acid,1106,Low,1.0,Vitamin C antioxidant; safe,antioxidant,,0,898,Skincare (586); Makeup (255); Hair (107),Green,Low Risk,Antioxidant,
56,sodium chloride,891,Low,1.0,Salt; safe,salt,,0,832,Skincare (303); Hair (245); Makeup (178),Green,Low Risk,Salt,
57,glyceryl stearate,880,Low,1.0,Emulsifier; safe,emulsifier,,0,832,Skincare (440); Makeup (154); Hair (114),Green,Low Risk,Texture Blender,
52,2-hexanediol,919,Low,1.0,Solvent/preservative-booster; safe at cosmetic levels,preservative,,0,809,Skincare (477); Makeup (258); Mini Size (28),Green,Low Risk,Preservative,
62,carbomer,763,Low,1.0,Polyacrylic acid thickener; safe,thickener,,0,714,Skincare (486); Hair (89); Makeup (69),Green,Low Risk,Thickener,
63,cetyl alcohol,733,Low,1.0,Fatty alcohol emollient; safe,emollient,,0,684,Skincare (281); Hair (238); Makeup (67),Green,Low Risk,Skin Softener,
61,pentaerythrityl tetra-di-t-butyl hydroxyhydrocinnamate,804,Low,1.0,Antioxidant; safe,antioxidant,,0,679,Makeup (381); Skincare (98); Hair (91),Green,Low Risk,Antioxidant,
41,tin oxide (ci 77861),1072,Low,1.0,Approved colorant; safe,colorant,,0,668,Makeup (492); Skincare (99); Mini Size (40),Green,Low Risk,Color / Pigment,
68,stearic acid,685,Low,1.0,Fatty acid emulsifier; safe,emulsifier,,0,629,Skincare (254); Makeup (235); Hair (44),Green,Low Risk,Texture Blender,
47,synthetic fluorphlogopite,976,Low,1.0,Skin tone enhancer; safe,colorant,,0,628,Makeup (503); Skincare (68); Mini Size (35),Green,Low Risk,Color / Pigment,
64,camellia sinensis leaf extract,725,Low,1.0,Green tea polyphenol antioxidant; safe,antioxidant,,0,622,Skincare (372); Hair (107); Makeup (87),Green,Low Risk,Antioxidant,
74,lecithin,619,Low,1.0,Phospholipid emulsifier; safe,emulsifier,,0,589,Skincare (350); Makeup (167); Hair (25),Green,Low Risk,Texture Blender,
71,cocos nucifera oil,673,Low,1.0,Coconut oil moisturizer; safe,moisturizer,,0,576,Hair (258); Skincare (131); Makeup (89),Green,Low Risk,Moisturizer,
77,sodium citrate,599,Low,1.0,pH buffer; safe,ph_adjuster,,0,573,Skincare (360); Makeup (99); Hair (62),Green,Low Risk,pH Balancer,
75,isododecane,607,Low,1.0,Volatile hydrocarbon solvent; safe,solvent,,0,545,Makeup (327); Skincare (97); Hair (79),Green,Low Risk,Solvent,
73,hexylene glycol,633,Low,1.0,Solvent / humectant; safe,humectant,,0,531,Skincare (209); Makeup (186); Hair (82),Green,Low Risk,Moisture Attractor,
79,polysorbate 20,594,Low,1.0,Non-ionic emulsifier; safe,emulsifier,,0,526,Skincare (309); Hair (112); Makeup (73),Green,Low Risk,Texture Blender,
87,niacinamide,529,Low,1.0,Vitamin B3; well tolerated,vitamin,,0,505,Skincare (342); Makeup (70); Hair (51),Green,Low Risk,Vitamin,
83,rosmarinus officinalis extract,562,Low,1.0,Rosemary antioxidant extract; safe,antioxidant,,0,497,Skincare (206); Hair (176); Makeup (50),Green,Low Risk,Antioxidant,
80,polyethylene,590,Low,1.0,Synthetic polymer; safe,polymer,,0,464,Makeup (390); Skincare (48); Mini Size (17),Green,Low Risk,Synthetic Polymer,
72,octyldodecanol,647,Low,1.0,Fatty alcohol emollient; safe,emollient,,0,460,Makeup (328); Skincare (87); Hair (18),Green,Low Risk,Skin Softener,
89,disteardimonium hectorite,505,Low,1.0,Rheology modifier; safe,thickener,,0,455,Makeup (354); Skincare (63); Mini Size (19),Green,Low Risk,Thickener,
98,caffeine,475,Low,1.0,Antioxidant; safe,antioxidant,,0,454,Skincare (280); Makeup (67); Hair (48),Green,Low Risk,Antioxidant,
53,ci 15850 (red 7),919,Low,1.0,Approved colorant; safe,colorant,,0,442,Makeup (652); Mini Size (25); Skincare (22),Green,Low Risk,Color / Pigment,
100,hydroxyethylcellulose,460,Low,1.0,Plant-based thickener; controls product texture; safe,thickener,,0,440,Hair (148); Skincare (133); Makeup (120),Green,Low Risk,Thickener,
99,maltodextrin,467,Low,1.0,Starch-based binder; helps hold product together; safe,thickener,,0,437,Skincare (260); Makeup (70); Hair (69),Green,Low Risk,Thickener,
45,talc,1035,Low,1.0,Moisture absorption; texture enhancement; safe,absorbent,,0,416,Makeup (356); Mini Size (32); Skincare (22),Green,Low Risk,Oil Absorber,
104,sodium pca,437,Low,1.0,Natural skin moisturizing factor; safe,moisturizer,,0,414,Skincare (229); Hair (110); Makeup (30),Green,Low Risk,Moisturizer,
107,polysorbate 60,426,Low,1.0,Blends oil and water in formulas; safe,emulsifier,,0,409,Skincare (198); Hair (83); Makeup (80),Green,Low Risk,Texture Blender,
69,ethylhexyl palmitate,676,Low,1.0,Emollient ester; safe,emollient,,0,398,Makeup (252); Skincare (96); Mini Size (18),Green,Low Risk,Skin Softener,
108,acrylates/c10-30 alkyl acrylate crosspolymer,420,Low,1.0,Thickener; controls product texture; safe,thickener,,0,392,Skincare (284); Hair (40); Makeup (28),Green,Low Risk,Thickener,
67,triethoxycaprylylsilane,686,Low,1.0,Pigment surface coating; safe,colorant,,0,390,Makeup (299); Skincare (53); Mini Size (27),Green,Low Risk,Color / Pigment,
105,dipropylene glycol,433,Low,1.0,Moisturizer/solvent; safe,moisturizer,,0,389,Skincare (157); Makeup (79); Hair (66),Green,Low Risk,Moisturizer,
109,sorbitan isostearate,420,Low,1.0,Blends oil and water in formulas; safe,emulsifier,,0,389,Skincare (188); Makeup (152); Bath & Body (29),Green,Low Risk,Texture Blender,
92,hydrogenated polyisobutene,499,Low,1.0,Synthetic emollient; safe,emollient,,0,386,Makeup (261); Skincare (89); Bath & Body (15),Green,Low Risk,Skin Softener,
78,ultramarines (ci 77007),595,Low,1.0,Approved colorant; safe,colorant,,0,380,Makeup (333); Mini Size (37); Skincare (8),Green,Low Risk,Color / Pigment,
113,hydroxyacetophenone,405,Low,1.0,Antioxidant and preservative booster; safe,preservative,,0,380,Skincare (194); Hair (73); Makeup (69),Green,Low Risk,Preservative,
70,sodium dehydroacetate,674,Low,1.0,Preservative; safe at cosmetic levels,preservative,,0,377,Makeup (270); Skincare (47); Mini Size (34),Green,Low Risk,Preservative,
115,leuconostoc/radish root ferment filtrate,400,Low,1.0,Natural preservative from radish fermentation; safe,preservative,,0,372,Skincare (228); Hair (83); Makeup (35),Green,Low Risk,Preservative,
117,sodium phytate,393,Low,1.0,Preservative booster (binds metals); safe,preservative,,0,357,Skincare (239); Hair (47); Bath & Body (38),Green,Low Risk,Preservative,
114,persea gratissima oil,403,Low,1.0,Avocado oil moisturizer; safe,moisturizer,,0,356,Hair (121); Skincare (112); Makeup (83),Green,Low Risk,Moisturizer,
101,trimethylsiloxysilicate,458,Low,1.0,Silicone resin; helps product stay on skin; safe,silicone,,0,354,Makeup (312); Skincare (24); Mini Size (17),Green,Low Risk,Silicone,
106,polybutene,428,Low,1.0,Thickener; controls product consistency; safe,thickener,,0,352,Makeup (300); Skincare (29); Mini Size (20),Green,Low Risk,Thickener,
102,glyceryl caprylate,446,Low,1.0,Moisturizer and preservative booster; safe,preservative,,0,351,Skincare (184); Makeup (103); Hair (30),Green,Low Risk,Preservative,
118,propylene carbonate,393,Low,1.0,Solvent; helps dissolve other ingredients; safe,emulsifier,,0,346,Makeup (276); Skincare (48); Mini Size (15),Green,Low Risk,Texture Blender,
95,diisostearyl malate,486,Low,1.0,Emollient; texture enhancer; safe,emollient,,0,342,Makeup (254); Skincare (54); Hair (15),Green,Low Risk,Skin Softener,
129,benzoic acid,358,Low,1.0,Preservative; safe at cosmetic levels,preservative,,0,339,Hair (120); Skincare (110); Makeup (54),Green,Low Risk,Preservative,
131,ci 14700 (red 4),352,Low,1.0,Approved colorant; safe,colorant,,0,336,Fragrance (220); Skincare (67); Hair (22),Green,Low Risk,Color / Pigment,
128,argania spinosa kernel oil,366,Low,1.0,Argan oil moisturizer; safe,moisturizer,,0,333,Hair (187); Skincare (55); Makeup (38),Green,Low Risk,Moisturizer,
134,arginine,340,Low,1.0,Naturally occurring amino acid; safe,amino_acid,,0,324,Skincare (154); Hair (122); Makeup (29),Green,Low Risk,Amino Acid,
135,trehalose,340,Low,1.0,Natural sugar moisturizer; safe,moisturizer,,0,324,Skincare (216); Makeup (44); Hair (44),Green,Low Risk,Moisturizer,
127,phenyl trimethicone,371,Low,1.0,Silicone; gives shine and smooth feel; safe,silicone,,0,322,Makeup (175); Hair (61); Skincare (54),Green,Low Risk,Silicone,
116,bismuth oxychloride (ci 77163),399,Low,1.0,Approved colorant; safe,colorant,,0,320,Makeup (279); Mini Size (26); Skincare (12),Green,Low Risk,Color / Pigment,
143,peg-40 hydrogenated castor oil,325,Low,1.0,Helps dissolve oils in water-based formulas; safe,emulsifier,,0,319,Hair (136); Skincare (95); Makeup (46),Green,Low Risk,Texture Blender,
91,kaolin,500,Low,1.0,Clay absorbent; safe,absorbent,,0,313,Makeup (176); Skincare (104); Mini Size (16),Green,Low Risk,Oil Absorber,
142,palmitic acid,327,Low,1.0,Natural fatty acid; safe,fatty_acid,,0,313,Skincare (141); Makeup (117); Mini Size (21),Green,Low Risk,Fatty Acid,
139,allantoin,329,Low,1.0,Soothes and calms skin; safe,soothing,,0,311,Skincare (223); Bath & Body (34); Makeup (23),Green,Low Risk,Soothing Agent,
110,polymethylsilsesquioxane,418,Low,1.0,Silicone powder; gives smooth finish; safe,silicone,,0,309,Makeup (181); Skincare (105); Mini Size (14),Green,Low Risk,Silicone,
136,acrylates copolymer,339,Low,1.0,Film-former; keeps product on skin/hair; safe,film_former,,0,308,Makeup (128); Hair (94); Skincare (53),Green,Low Risk,Film Former,
146,peg-100 stearate,311,Low,1.0,Blends oil and water in formulas; safe,emulsifier,,0,304,Skincare (212); Hair (38); Bath & Body (20),Green,Low Risk,Texture Blender,
144,betaine,318,Low,1.0,Natural moisturizer from sugar beet; safe,moisturizer,,0,300,Skincare (230); Hair (32); Makeup (21),Green,Low Risk,Moisturizer,
55,zinc stearate,909,Low,1.0,Anti-caking; safe,absorbent,,0,297,Makeup (276); Mini Size (14); Skincare (6),Green,Low Risk,Oil Absorber,
121,aluminum hydroxide,379,Low,1.0,Pigment base material; safe,colorant,,0,297,Makeup (242); Skincare (36); Mini Size (16),Green,Low Risk,Color / Pigment,
85,carmine (ci 75470),548,Low,1.0,Approved colorant; safe,colorant,,0,296,Makeup (260); Mini Size (25); Skincare (12),Green,Low Risk,Color / Pigment,
140,coco-caprylate/caprate,328,Low,1.0,Lightweight coconut-derived moisturizer; safe,moisturizer,,0,295,Skincare (182); Makeup (52); Hair (36),Green,Low Risk,Moisturizer,
90,sorbic acid,502,Low,1.0,Preservative; safe at cosmetic levels,preservative,,0,294,Hair (102); Skincare (79); Makeup (73),Green,Low Risk,Preservative,
103,synthetic wax,440,Low,1.0,Man-made wax; texture agent; safe,wax,,0,294,Makeup (252); Skincare (22); Mini Size (13),Green,Low Risk,Wax / Structure,
94,manganese violet (ci 77742),487,Low,1.0,Approved colorant; safe,colorant,,0,293,Makeup (269); Mini Size (21); Skincare (2),Green,Low Risk,Color / Pigment,
148,trisodium ethylenediamine disuccinate,309,Low,1.0,Preservative booster (binds metals); safe,preservative,,0,293,Skincare (154); Hair (78); Makeup (32),Green,Low Risk,Preservative,
119,hydrogenated lecithin,388,Low,1.0,Natural lipid; helps product absorb into skin; safe,skin_barrier,,0,285,Skincare (185); Makeup (73); Mini Size (7),Green,Low Risk,Skin Barrier Support,
151,hydroxyethyl acrylate/sodium acryloyldimethyl taurate copolymer,289,Low,1.0,Thickener; controls product texture; safe,thickener,,0,283,Skincare (191); Bath & Body (38); Makeup (36),Green,Low Risk,Thickener,
130,ci 15985 (yellow 6),353,Low,1.0,Approved colorant; safe,colorant,,0,280,Makeup (169); Fragrance (50); Skincare (47),Green,Low Risk,Color / Pigment,
150,ricinus communis (castor) seed oil,293,Low,1.0,Castor oil emollient; safe,emollient,,0,272,Makeup (142); Hair (58); Skincare (55),Green,Low Risk,Skin Softener,
147,dimethiconol,309,Low,1.0,Silicone conditioner; safe,conditioner,,0,269,Hair (123); Makeup (65); Skincare (63),Green,Low Risk,Hair Conditioner,
157,stearyl alcohol,276,Low,1.0,Natural fatty alcohol; moisturizer; safe,moisturizer,,0,268,Skincare (129); Hair (93); Bath & Body (29),Green,Low Risk,Moisturizer,
111,nylon-12,416,Low,1.0,Synthetic powder; safe,polymer,,0,265,Makeup (212); Skincare (28); Mini Size (18),Green,Low Risk,Synthetic Polymer,
133,bis-diglyceryl polyacyladipate-2,343,Low,1.0,Moisturizer; safe,moisturizer,,0,262,Makeup (192); Skincare (46); Mini Size (15),Green,Low Risk,Moisturizer,
162,isohexadecane,266,Low,1.0,Lightweight synthetic moisturizer; safe,moisturizer,,0,262,Skincare (133); Makeup (79); Hair (28),Green,Low Risk,Moisturizer,
156,guar hydroxypropyltrimonium chloride,280,Low,1.0,Natural hair conditioner from guar bean; safe,conditioner,,0,257,Hair (243); Mini Size (6); Bath & Body (4),Green,Low Risk,Hair Conditioner,
141,alumina,328,Low,1.0,Lightweight coconut-derived moisturizer; safe,moisturizer,,0,255,Makeup (203); Skincare (34); Mini Size (11),Green,Low Risk,Moisturizer,
123,calcium sodium borosilicate,377,Low,1.0,Sparkle/glitter effect pigment; safe,colorant,,0,253,Makeup (224); Mini Size (12); Bath & Body (6),Green,Low Risk,Color / Pigment,
167,behenyl alcohol,252,Low,1.0,Natural fatty alcohol; moisturizer; safe,moisturizer,,0,251,Skincare (187); Hair (23); Makeup (16),Green,Low Risk,Moisturizer,
168,decyl glucoside,251,Low,1.0,Gentle sugar-based cleanser; safe,surfactant,,0,251,Skincare (120); Hair (98); Bath & Body (15),Green,Low Risk,Cleanser / Foaming Agent,
93,lauroyl lysine,490,Low,1.0,Amino-acid lipid; safe,amino_acid,,0,247,Makeup (192); Skincare (40); Mini Size (14),Green,Low Risk,Amino Acid,
161,c12-15 alkyl benzoate,268,Low,1.0,Lightweight moisturizer; safe,moisturizer,,0,247,Skincare (116); Makeup (67); Hair (33),Green,Low Risk,Moisturizer,
153,dehydroacetic acid,283,Low,1.0,Preservative; safe at cosmetic levels,preservative,,0,246,Skincare (88); Makeup (68); Hair (66),Green,Low Risk,Preservative,
155,isononyl isononanoate,281,Low,1.0,Lightweight moisturizer; safe,moisturizer,,0,244,Makeup (136); Skincare (91); Mini Size (7),Green,Low Risk,Moisturizer,
165,gluconolactone,258,Low,1.0,Gentle exfoliant (PHA); less irritating than AHAs; safe,exfoliant,,0,244,Skincare (124); Hair (90); Makeup (12),Green,Low Risk,Exfoliant,
166,bisabolol,256,Low,1.0,Chamomile-derived; soothes skin; safe,soothing,,0,243,Skincare (169); Bath & Body (31); Makeup (19),Green,Low Risk,Soothing Agent,
163,adenosine,264,Low,1.0,Naturally occurring skin conditioner; safe,conditioner,,0,242,Skincare (217); Makeup (14); Mini Size (4),Green,Low Risk,Hair Conditioner,
158,prunus amygdalus dulcis (sweet almond) oil,272,Low,1.0,Sweet almond oil; safe,plant_extract,,0,238,Hair (102); Skincare (54); Bath & Body (50),Green,Low Risk,Plant Extract / Oil,
169,ceramide np,251,Low,1.0,Skin barrier lipid; repairs and strengthens skin; safe,skin_barrier,,0,238,Skincare (185); Bath & Body (18); Hair (17),Green,Low Risk,Skin Barrier Support,
174,sodium lactate,241,Low,1.0,Natural skin moisturizing factor; safe,moisturizer,,0,236,Skincare (131); Hair (63); Makeup (27),Green,Low Risk,Moisturizer,
86,octyldodecyl stearoyl stearate,539,Low,1.0,Emollient ester; safe,emollient,,0,235,Makeup (213); Skincare (11); Mini Size (10),Green,Low Risk,Skin Softener,
170,amodimethicone,248,Low,1.0,Silicone hair conditioner; safe,conditioner,,0,234,Hair (211); Skincare (13); Makeup (5),Green,Low Risk,Hair Conditioner,
175,sorbitol,238,Low,1.0,Sugar-based moisturizer; safe,moisturizer,,0,232,Skincare (140); Makeup (40); Hair (30),Green,Low Risk,Moisturizer,
81,boron nitride,578,Low,1.0,Optical-finish powder; safe,absorbent,,0,223,Makeup (172); Skincare (31); Mini Size (18),Green,Low Risk,Oil Absorber,
152,polysilicone-11,288,Low,1.0,Silicone elastomer; gives bouncy texture; safe,silicone,,0,221,Skincare (123); Makeup (83); Mini Size (8),Green,Low Risk,Silicone,
178,chamomilla recutita (matricaria) flower extract,231,Low,1.0,Chamomile extract; soothes skin; safe,soothing,,0,220,Skincare (115); Hair (58); Makeup (27),Green,Low Risk,Soothing Agent,
181,glycine soja (soybean) oil,226,Low,1.0,Soybean oil moisturizer; safe,moisturizer,,0,218,Skincare (74); Makeup (58); Hair (54),Green,Low Risk,Moisturizer,
138,calcium aluminum borosilicate,333,Low,1.0,Sparkle/glitter effect pigment; safe,colorant,,0,211,Makeup (189); Mini Size (15); Skincare (4),Green,Low Risk,Color / Pigment,
186,sucrose,217,Low,1.0,Sugar; moisturizer; safe,moisturizer,,0,210,Skincare (149); Makeup (19); Bath & Body (17),Green,Low Risk,Moisturizer,
190,tetrahexyldecyl ascorbate,214,Low,1.0,Stable vitamin C derivative; antioxidant; safe,antioxidant,,0,206,Skincare (134); Makeup (51); Bath & Body (9),Green,Low Risk,Antioxidant,
192,polysorbate 80,213,Low,1.0,Blends oil and water in formulas; safe,emulsifier,,0,205,Skincare (113); Makeup (50); Hair (22),Green,Low Risk,Texture Blender,
179,biotin,230,Low,1.0,Vitamin B7; supports hair and nail health; safe,vitamin,,0,204,Hair (131); Skincare (37); Makeup (28),Green,Low Risk,Vitamin,
187,polyhydroxystearic acid,217,Low,1.0,Helps distribute pigments evenly; safe,colorant,,0,204,Makeup (131); Skincare (63); Mini Size (6),Green,Low Risk,Color / Pigment,
191,phospholipids,213,Low,1.0,Natural cell membrane lipids; helps product absorb into skin; safe,skin_barrier,,0,204,Skincare (117); Hair (54); Makeup (17),Green,Low Risk,Skin Barrier Support,
145,ferric ferrocyanide (ci 77510),317,Low,1.0,Approved colorant; safe,colorant,,0,203,Makeup (229); Mini Size (17); Skincare (2),Green,Low Risk,Color / Pigment,
189,cucumis sativus (cucumber) fruit extract,215,Low,1.0,Cucumber extract; soothing and hydrating; safe,soothing,,0,202,Skincare (143); Makeup (19); Fragrance (14),Green,Low Risk,Soothing Agent,
193,polyquaternium-10,211,Low,1.0,Hair conditioner; reduces static; safe,conditioner,,0,200,Hair (157); Skincare (18); Makeup (13),Green,Low Risk,Hair Conditioner,
194,sorbitan olivate,211,Low,1.0,Olive-derived emulsifier; safe,emulsifier,,0,199,Skincare (136); Bath & Body (26); Makeup (23),Green,Low Risk,Texture Blender,
197,ammonium acryloyldimethyltaurate/vp copolymer,202,Low,1.0,Thickener; controls product texture; safe,thickener,,0,199,Skincare (151); Makeup (28); Bath & Body (8),Green,Low Risk,Thickener,
182,vitis vinifera (grape) seed oil,222,Low,1.0,Grapeseed oil; safe,plant_extract,,0,198,Skincare (77); Hair (41); Bath & Body (37),Green,Low Risk,Plant Extract / Oil,
200,pyrus malus (apple) fruit extract,200,Low,1.0,Apple-derived skin conditioner; safe,conditioner,,0,198,Skincare (140); Hair (20); Makeup (19),Green,Low Risk,Hair Conditioner,
198,disodium phosphate,202,Low,1.0,pH adjuster; safe,ph_adjuster,,0,195,Hair (78); Skincare (66); Makeup (40),Green,Low Risk,pH Balancer,
195,oryza sativa (rice) bran extract,208,Low,1.0,Rice bran antioxidant; brightening; safe,antioxidant,,0,194,Skincare (103); Hair (51); Makeup (19),Green,Low Risk,Antioxidant,
201,sodium cocoyl isethionate,195,Low,1.0,Gentle coconut-based cleanser; safe,surfactant,,0,194,Hair (118); Skincare (56); Bath & Body (13),Green,Low Risk,Cleanser / Foaming Agent,
199,glucose,202,Low,1.0,Natural sugar; moisturizer; safe,moisturizer,,0,193,Skincare (130); Hair (25); Makeup (18),Green,Low Risk,Moisturizer,
183,carthamus tinctorius (safflower) seed oil,222,Low,1.0,Safflower oil; safe,plant_extract,,0,191,Skincare (74); Hair (47); Makeup (40),Green,Low Risk,Plant Extract / Oil,
205,pvp,193,Low,1.0,Film-forming polymer; holds product on skin/hair; safe,film_former,,0,188,Makeup (97); Hair (51); Skincare (20),Green,Low Risk,Film Former,
196,paraffin,206,Low,1.0,Refined mineral wax; seals in moisture; safe,wax,,0,185,Makeup (141); Skincare (19); Mini Size (18),Green,Low Risk,Wax / Structure,
172,pentaerythrityl tetraisostearate,245,Low,1.0,Moisturizer; safe,moisturizer,,0,184,Makeup (139); Skincare (31); Mini Size (9),Green,Low Risk,Moisturizer,
202,glycyrrhiza glabra (licorice) root extract,195,Low,1.0,Licorice extract; soothes skin; safe,soothing,,0,183,Skincare (136); Makeup (21); Bath & Body (10),Green,Low Risk,Soothing Agent,
210,olea europaea (olive) fruit oil,188,Low,1.0,Olive oil; safe,plant_extract,,0,183,Skincare (65); Hair (45); Makeup (36),Green,Low Risk,Plant Extract / Oil,
212,sorbitan oleate,188,Low,1.0,Blends oil and water in formulas; safe,emulsifier,,0,182,Skincare (78); Hair (57); Makeup (35),Green,Low Risk,Texture Blender,
203,cetearyl glucoside,194,Low,1.0,Sugar-based emulsifier; safe,emulsifier,,0,181,Skincare (128); Bath & Body (27); Hair (14),Green,Low Risk,Texture Blender,
207,tetrasodium glutamate diacetate,191,Low,1.0,Preservative booster (binds metals); safe,preservative,,0,181,Skincare (99); Hair (71); Bath & Body (8),Green,Low Risk,Preservative,
209,glycine,189,Low,1.0,Naturally occurring amino acid; safe,amino_acid,,0,181,Hair (90); Skincare (74); Makeup (8),Green,Low Risk,Amino Acid,
176,hdi/trimethylol hexyllactone crosspolymer,237,Low,1.0,Film-former; keeps product on skin; safe,film_former,,0,180,Makeup (124); Skincare (39); Mini Size (15),Green,Low Risk,Film Former,
211,linoleic acid,188,Low,1.0,Natural skin-repairing fatty acid; safe,fatty_acid,,0,180,Skincare (138); Bath & Body (15); Makeup (13),Green,Low Risk,Fatty Acid,
219,serine,182,Low,1.0,Naturally occurring amino acid; safe,amino_acid,,0,180,Hair (89); Skincare (68); Makeup (15),Green,Low Risk,Amino Acid,
218,acacia senegal gum,183,Low,1.0,Natural plant gum thickener; safe,thickener,,0,179,Makeup (91); Skincare (55); Mini Size (19),Green,Low Risk,Thickener,
185,rosa canina fruit oil,221,Low,1.0,Rosehip oil; safe,plant_extract,,0,175,Skincare (67); Hair (41); Makeup (35),Green,Low Risk,Plant Extract / Oil,
229,glycol distearate,175,Low,1.0,Gives pearly appearance to products; moisturizer; safe,colorant,,0,175,Hair (125); Skincare (35); Bath & Body (5),Green,Low Risk,Color / Pigment,
217,cetearyl olivate,183,Low,1.0,Olive-derived emulsifier; safe,emulsifier,,0,174,Skincare (124); Bath & Body (26); Makeup (10),Green,Low Risk,Texture Blender,
224,cholesterol,177,Low,1.0,Natural skin lipid; strengthens skin barrier; safe,skin_barrier,,0,174,Skincare (128); Makeup (27); Bath & Body (10),Green,Low Risk,Skin Barrier Support,
226,xylitol,177,Low,1.0,Sugar-based moisturizer; safe,moisturizer,,0,174,Skincare (97); Hair (58); Makeup (10),Green,Low Risk,Moisturizer,
206,hydrolyzed vegetable protein pg-propyl silanetriol,192,Low,1.0,Hair and skin conditioner; safe,conditioner,,0,173,Hair (165); Mini Size (7); Men (1),Green,Low Risk,Hair Conditioner,
204,synthetic beeswax,193,Low,1.0,Man-made wax; texture agent; safe,wax,,0,171,Makeup (148); Mini Size (14); Skincare (5),Green,Low Risk,Wax / Structure,
225,saccharide isomerate,177,Low,1.0,Plant-derived moisturizer; safe,moisturizer,,0,171,Skincare (125); Makeup (15); Bath & Body (14),Green,Low Risk,Moisturizer,
230,dicaprylyl carbonate,174,Low,1.0,Lightweight moisturizer; safe,moisturizer,,0,168,Skincare (105); Hair (31); Makeup (18),Green,Low Risk,Moisturizer,
216,palmitoyl tripeptide-1,183,Low,1.0,Anti-aging peptide; safe,peptide,,0,166,Skincare (99); Makeup (60); Mini Size (5),Green,Low Risk,Peptide (Anti-aging),
238,trideceth-12,167,Low,1.0,Cleansing/emulsifying agent; safe,surfactant,,0,163,Hair (152); Mini Size (7); Skincare (2),Green,Low Risk,Cleanser / Foaming Agent,
243,coco-glucoside,163,Low,1.0,Gentle coconut-based cleanser; safe,surfactant,,0,163,Skincare (85); Hair (42); Makeup (14),Green,Low Risk,Cleanser / Foaming Agent,
234,calcium gluconate,171,Low,1.0,Mineral salt; skin conditioner; safe,conditioner,,0,162,Hair (79); Skincare (62); Makeup (12),Green,Low Risk,Hair Conditioner,
245,limnanthes alba (meadowfoam) seed oil,162,Low,1.0,Meadowfoam oil moistrurizer; safe,moisturizer,,0,161,Skincare (77); Makeup (31); Hair (28),Green,Low Risk,Moisturizer,
214,polymethyl methacrylate,184,Low,1.0,Synthetic polymer powder; safe,polymer,,0,160,Makeup (106); Skincare (35); Mini Size (15),Green,Low Risk,Synthetic Polymer,
227,cellulose,176,Low,1.0,Natural plant fibre; thickener; safe,thickener,,0,159,Skincare (71); Makeup (56); Hair (18),Green,Low Risk,Thickener,
235,cetyl esters,169,Low,1.0,Emollient wax; safe,emollient,,0,159,Hair (129); Skincare (20); Makeup (4),Green,Low Risk,Skin Softener,
220,melia azadirachta leaf extract,181,Low,1.0,Neem leaf extract; skin conditioner; safe,conditioner,,0,158,Skincare (101); Hair (31); Makeup (10),Green,Low Risk,Hair Conditioner,
221,caprylhydroxamic acid,179,Low,1.0,Preservative booster (binds metals); safe,preservative,,0,158,Skincare (93); Makeup (26); Hair (22),Green,Low Risk,Preservative,
241,lactobacillus ferment,164,Low,1.0,Probiotic-derived skin conditioner; safe,conditioner,,0,158,Skincare (99); Makeup (23); Hair (13),Green,Low Risk,Hair Conditioner,
239,moringa oleifera seed oil,166,Low,1.0,Moringa oil moisturizer; safe,moisturizer,,0,157,Hair (70); Skincare (59); Makeup (12),Green,Low Risk,Moisturizer,
231,curcuma longa (turmeric) root extract,172,Low,1.0,Turmeric extract; antioxidant; safe,antioxidant,,0,155,Skincare (111); Hair (19); Makeup (13),Green,Low Risk,Antioxidant,
244,polyacrylate crosspolymer-6,163,Low,1.0,Thickener; controls product texture; safe,thickener,,0,155,Skincare (126); Bath & Body (10); Hair (7),Green,Low Risk,Thickener,
249,hydrogenated vegetable oil,158,Low,1.0,Vegetable-based wax; safe,wax,,0,153,Makeup (79); Skincare (55); Hair (8),Green,Low Risk,Wax / Structure,
251,magnesium sulfate,156,Low,1.0,Mineral salt (Epsom salt); safe,mineral,,0,152,Makeup (80); Skincare (45); Hair (15),Green,Low Risk,Mineral,
237,triethyl citrate,167,Low,1.0,Solvent; helps other ingredients dissolve; safe,solvent,,0,149,Skincare (66); Fragrance (27); Makeup (24),Green,Low Risk,Solvent,
242,behentrimonium methosulfate,163,Low,1.0,Gentle hair conditioner; safe,conditioner,,0,147,Hair (141); Mini Size (3); Men (3),Green,Low Risk,Hair Conditioner,
258,proline,149,Low,1.0,Naturally occurring amino acid; safe,amino_acid,,0,147,Skincare (66); Hair (62); Makeup (10),Green,Low Risk,Amino Acid,
240,tribehenin,165,Low,1.0,Plant-based moisturizer; safe,moisturizer,,0,146,Makeup (97); Skincare (34); Hair (8),Green,Low Risk,Moisturizer,
255,urea,151,Low,1.0,Moisturizer; softens rough skin; safe,moisturizer,,0,146,Skincare (95); Makeup (19); Hair (17),Green,Low Risk,Moisturizer,
260,glyceryl stearate se,148,Low,1.0,Blends oil and water in formulas; safe,emulsifier,,0,146,Skincare (93); Hair (22); Makeup (14),Green,Low Risk,Texture Blender,
173,zea mays (corn) starch,243,Low,1.0,Corn starch; absorbs oil; safe,absorbent,,0,145,Makeup (77); Skincare (27); Hair (17),Green,Low Risk,Oil Absorber,
215,polyglyceryl-2 triisostearate,184,Low,1.0,Blends oil and water in formulas; safe,emulsifier,,0,145,Makeup (128); Skincare (13); Mini Size (3),Green,Low Risk,Texture Blender,
254,sodium phosphate,151,Low,1.0,pH adjuster; safe,ph_adjuster,,0,145,Hair (67); Skincare (45); Makeup (25),Green,Low Risk,pH Balancer,
262,algae extract,146,Low,1.0,Seaweed-derived skin conditioner; safe,conditioner,,0,145,Skincare (92); Makeup (26); Hair (16),Green,Low Risk,Hair Conditioner,
236,ci 77288 (chromium oxide green),168,Low,1.0,Approved colorant; safe,colorant,,0,144,Makeup (124); Mini Size (12); Skincare (5),Green,Low Risk,Color / Pigment,
256,palmitoyl tetrapeptide-7,150,Low,1.0,Anti-aging peptide; safe,peptide,,0,144,Skincare (111); Makeup (26); Mini Size (5),Green,Low Risk,Peptide (Anti-aging),
177,methicone,231,Low,1.0,Silicone coating for pigments; safe,colorant,,0,143,Makeup (104); Skincare (22); Mini Size (13),Green,Low Risk,Color / Pigment,
263,potassium cetyl phosphate,145,Low,1.0,Blends oil and water in formulas; safe,emulsifier,,0,143,Skincare (87); Makeup (25); Bath & Body (21),Green,Low Risk,Texture Blender,
269,polyquaternium-37,141,Low,1.0,Hair/skin conditioner; safe,conditioner,,0,139,Hair (137); Mini Size (2),Green,Low Risk,Hair Conditioner,
274,sodium methyl cocoyl taurate,139,Low,1.0,Gentle coconut-based cleanser; safe,surfactant,,0,139,Hair (74); Skincare (46); Bath & Body (13),Green,Low Risk,Cleanser / Foaming Agent,
265,sodium stearoyl glutamate,143,Low,1.0,Gentle amino acid-based emulsifier; safe,emulsifier,,0,138,Skincare (106); Bath & Body (21); Hair (4),Green,Low Risk,Texture Blender,
250,methyl methacrylate crosspolymer,157,Low,1.0,Synthetic polymer; safe,polymer,,0,136,Makeup (89); Skincare (37); Mini Size (8),Green,Low Risk,Synthetic Polymer,
257,dicalcium phosphate,150,Low,1.0,Mineral; safe,mineral,,0,136,Makeup (127); Mini Size (4); Skincare (3),Green,Low Risk,Mineral,
270,isopropyl myristate,140,Low,1.0,Moisturizer; helps product absorb into skin; safe,moisturizer,,0,136,Hair (51); Makeup (41); Skincare (26),Green,Low Risk,Moisturizer,
280,vp/va copolymer,137,Low,1.0,Film-former; holds product on hair/skin; safe,film_former,,0,135,Hair (78); Makeup (44); Mini Size (10),Green,Low Risk,Film Former,
248,triethylhexanoin,161,Low,1.0,Lightweight moisturizer; safe,moisturizer,,0,134,Makeup (79); Skincare (45); Mini Size (9),Green,Low Risk,Moisturizer,
278,citrullus lanatus (watermelon) fruit extract,138,Low,1.0,Watermelon extract; hydrating; safe,plant_extract,,0,134,Hair (63); Skincare (53); Makeup (12),Green,Low Risk,Plant Extract / Oil,
266,hydrolyzed rice protein,143,Low,1.0,Rice protein; strengthens hair; safe,conditioner,,0,132,Hair (74); Skincare (48); Makeup (5),Green,Low Risk,Hair Conditioner,
271,vp/eicosene copolymer,140,Low,1.0,Film-former; keeps product on skin; safe,film_former,,0,132,Makeup (109); Mini Size (15); Skincare (6),Green,Low Risk,Film Former,
259,hydrogenated polydecene,149,Low,1.0,Synthetic moisturizer; safe,moisturizer,,0,131,Makeup (63); Skincare (50); Hair (7),Green,Low Risk,Moisturizer,
287,alanine,132,Low,1.0,Naturally occurring amino acid; safe,amino_acid,,0,130,Hair (60); Skincare (51); Makeup (12),Green,Low Risk,Amino Acid,
288,threonine,132,Low,1.0,Naturally occurring amino acid; safe,amino_acid,,0,130,Hair (61); Skincare (51); Makeup (11),Green,Low Risk,Amino Acid,
272,phytic acid,139,Low,1.0,Natural preservative booster from plants; safe,preservative,,0,128,Skincare (72); Hair (44); Mini Size (3),Green,Low Risk,Preservative,
273,caprylyl methicone,139,Low,1.0,Lightweight silicone; safe,silicone,,0,128,Makeup (76); Skincare (36); Hair (10),Green,Low Risk,Silicone,
279,polyisobutene,138,Low,1.0,Moisturizer/film-former; safe,moisturizer,,0,128,Makeup (52); Skincare (50); Hair (17),Green,Low Risk,Moisturizer,
286,dipotassium glycyrrhizate,134,Low,1.0,Soothing skin; Anti-inflammatory; safe,soothing,,0,128,Skincare (115); Makeup (6); Mini Size (3),Green,Low Risk,Soothing Agent,
281,sodium polyacrylate,137,Low,1.0,Thickener; controls product texture; safe,thickener,,0,127,Skincare (80); Makeup (24); Bath & Body (9),Green,Low Risk,Thickener,
290,glycereth-26,131,Low,1.0,Moisturizer; safe,moisturizer,,0,126,Skincare (76); Hair (34); Makeup (6),Green,Low Risk,Moisturizer,
298,sodium lauroyl sarcosinate,126,Low,1.0,Gentle cleanser; safe,surfactant,,0,126,Hair (87); Skincare (25); Men (5),Green,Low Risk,Cleanser / Foaming Agent,
293,trideceth-6,127,Low,1.0,Cleansing/emulsifying agent; safe,surfactant,,0,124,Hair (107); Skincare (14); Bath & Body (3),Green,Low Risk,Cleanser / Foaming Agent,
261,ci 77289 (chromium hydroxide green),147,Low,1.0,Approved colorant; safe,colorant,,0,123,Makeup (105); Mini Size (11); Skincare (6),Green,Low Risk,Color / Pigment,
294,methyl trimethicone,126,Low,1.0,Lightweight silicone; safe,silicone,,0,123,Makeup (64); Skincare (48); Mini Size (7),Green,Low Risk,Silicone,
296,acetyl hexapeptide-8,126,Low,1.0,Anti-wrinkle peptide; safe,peptide,,0,123,Skincare (103); Makeup (12); Men (3),Green,Low Risk,Peptide (Anti-aging),
291,sodium gluconate,128,Low,1.0,Preservative booster (binds metals); safe,preservative,,0,122,Skincare (69); Hair (25); Makeup (15),Green,Low Risk,Preservative,
295,phenylalanine,126,Low,1.0,Naturally occurring amino acid; safe,amino_acid,,0,121,Hair (59); Skincare (47); Makeup (8),Green,Low Risk,Amino Acid,
303,ceteareth-20,123,Low,1.0,PEG-based emulsifier; safe at cosmetic levels,emulsifier,,0,121,Skincare (64); Hair (39); Bath & Body (10),Green,Low Risk,Texture Blender,
292,hydrogenated castor oil,127,Low,1.0,Castor-based wax; safe,wax,,0,120,Makeup (84); Skincare (20); Bath & Body (8),Green,Low Risk,Wax / Structure,
297,sclerotium gum,126,Low,1.0,Natural thickener from fungi; safe,thickener,,0,120,Skincare (99); Hair (9); Bath & Body (8),Green,Low Risk,Thickener,
313,phytosphingosine,119,Low,1.0,Skin lipid; supports barrier function; safe,skin_barrier,,0,119,Skincare (100); Makeup (8); Bath & Body (4),Green,Low Risk,Skin Barrier Support,
314,cellulose gum,119,Low,1.0,Plant-derived thickener; safe,thickener,,0,118,Skincare (89); Makeup (18); Hair (7),Green,Low Risk,Thickener,
316,isostearic acid,119,Low,1.0,Fatty acid emollient; safe,emollient,,0,118,Makeup (60); Skincare (49); Mini Size (7),Green,Low Risk,Skin Softener,
289,melia azadirachta flower extract,131,Low,1.0,Neem flower extract; skin conditioner; safe,conditioner,,0,117,Skincare (81); Hair (15); Makeup (9),Green,Low Risk,Hair Conditioner,
305,citrus aurantium dulcis (orange) fruit extract,122,Low,1.0,Orange fruit pulp extract; mild antioxidant; safe,antioxidant,,0,117,Skincare (79); Bath & Body (15); Hair (13),Green,Low Risk,Antioxidant,
308,ozokerite,121,Low,1.0,Mineral wax; structurant; safe,wax,,0,117,Makeup (103); Skincare (7); Mini Size (5),Green,Low Risk,Wax / Structure,
310,zingiber officinale (ginger) root extract,120,Low,1.0,Plant-derived emollient/extract; safe at cosmetic levels,emollient,,0,117,Skincare (69); Hair (28); Makeup (11),Green,Low Risk,Skin Softener,
317,prunus armeniaca (apricot) kernel oil,119,Low,1.0,Plant-derived emollient/extract; safe at cosmetic levels,emollient,,0,117,Skincare (43); Hair (28); Makeup (22),Green,Low Risk,Skin Softener,
315,aspartic acid,119,Low,1.0,Amino acid; safe building block,amino_acid,,0,116,Hair (62); Skincare (37); Makeup (10),Green,Low Risk,Amino Acid,
325,coconut acid,116,Low,1.0,Fatty acid mix from coconut; safe,fatty_acid,,0,116,Hair (69); Skincare (24); Bath & Body (10),Green,Low Risk,Fatty Acid,
321,c11-15 pareth-7,118,Low,1.0,Surfactant/emulsifier; safe at cosmetic levels,surfactant,,0,114,Hair (96); Makeup (12); Mini Size (4),Green,Low Risk,Cleanser / Foaming Agent,
302,corallina officinalis extract,123,Low,1.0,Plant-derived emollient/extract; safe at cosmetic levels,emollient,,0,113,Skincare (77); Hair (15); Makeup (11),Green,Low Risk,Skin Softener,
333,cocamidopropyl hydroxysultaine,113,Low,1.0,Surfactant; safe,surfactant,,0,113,Hair (60); Skincare (44); Men (5),Green,Low Risk,Cleanser / Foaming Agent,
331,algin,113,Low,1.0,Sugar-derived humectant; safe,humectant,,0,112,Skincare (66); Hair (29); Makeup (9),Green,Low Risk,Moisture Attractor,
306,theobroma cacao (cocoa) seed butter,122,Low,1.0,Plant-derived emollient/extract; safe at cosmetic levels,emollient,,0,111,Skincare (28); Hair (28); Bath & Body (26),Green,Low Risk,Skin Softener,
332,valine,113,Low,1.0,Amino acid; safe building block,amino_acid,,0,111,Hair (58); Skincare (38); Makeup (8),Green,Low Risk,Amino Acid,
326,methylpropanediol,116,Low,1.0,Sugar-derived humectant; safe,humectant,,0,110,Skincare (56); Makeup (37); Hair (8),Green,Low Risk,Moisture Attractor,
329,hydrolyzed soy protein,114,Low,1.0,Soy-derived film-former; safe at topical use,film_former,,0,110,Hair (58); Skincare (34); Makeup (10),Green,Low Risk,Film Former,
330,caramel,114,Low,1.0,Sugar-derived natural colorant; safe,colorant,,0,110,Skincare (61); Hair (32); Bath & Body (9),Green,Low Risk,Color / Pigment,
336,pca,112,Low,1.0,Natural moisturizing factor; safe,moisturizer,,0,110,Hair (54); Skincare (43); Makeup (7),Green,Low Risk,Moisturizer,
342,lauryl glucoside,110,Low,1.0,Plant-derived mild surfactant; safe,surfactant,,0,110,Skincare (49); Hair (47); Bath & Body (6),Green,Low Risk,Cleanser / Foaming Agent,
246,cetearyl ethylhexanoate,162,Low,1.0,Lightweight moisturizer; safe,moisturizer,,0,109,Makeup (79); Skincare (23); Mini Size (4),Green,Low Risk,Moisturizer,
301,magnesium aluminum silicate,124,Low,1.0,Clay-based absorbent/thickener; safe at cosmetic levels,thickener,,0,109,Makeup (45); Skincare (43); Mini Size (9),Green,Low Risk,Thickener,
311,sclerocarya birrea seed oil,120,Low,1.0,Plant-derived emollient/extract; safe at cosmetic levels,emollient,,0,109,Skincare (45); Hair (36); Bath & Body (16),Green,Low Risk,Skin Softener,
334,cetyl ethylhexanoate,113,Low,1.0,Emollient ester; safe,emollient,,0,109,Skincare (74); Makeup (18); Bath & Body (8),Green,Low Risk,Skin Softener,
340,laureth-7,111,Low,1.0,Surfactant/emulsifier; safe at cosmetic levels,surfactant,,0,109,Makeup (44); Skincare (32); Hair (15),Green,Low Risk,Cleanser / Foaming Agent,
337,pullulan,111,Low,1.0,Sugar-derived humectant; safe,humectant,,0,108,Skincare (70); Makeup (20); Hair (11),Green,Low Risk,Moisture Attractor,
344,isoleucine,110,Low,1.0,Amino acid; safe building block,amino_acid,,0,108,Hair (56); Skincare (37); Makeup (8),Green,Low Risk,Amino Acid,
283,ethylene/propylene/styrene copolymer,136,Low,1.0,Synthetic polymer; safe,polymer,,0,107,Makeup (76); Skincare (23); Hair (3),Green,Low Risk,Synthetic Polymer,
328,sorbitan stearate,114,Low,1.0,Emulsifier; safe,emulsifier,,0,107,Skincare (61); Makeup (24); Bath & Body (15),Green,Low Risk,Texture Blender,
346,histidine,109,Low,1.0,Amino acid; safe building block,amino_acid,,0,107,Hair (57); Skincare (35); Makeup (8),Green,Low Risk,Amino Acid,
304,aluminum starch octenylsuccinate,123,Low,1.0,Starch-based absorbent; safe,absorbent,,0,106,Makeup (50); Hair (32); Mini Size (9),Green,Low Risk,Oil Absorber,
338,isopropyl palmitate,111,Low,1.0,Fatty ester emollient; safe,emollient,,0,106,Hair (28); Makeup (26); Skincare (22),Green,Low Risk,Skin Softener,
353,ppg-26-buteth-26,106,Low,1.0,PPG-based solubilizer/emulsifier; safe at cosmetic levels,emulsifier,,0,106,Hair (35); Skincare (31); Makeup (21),Green,Low Risk,Texture Blender,
354,sodium lauroyl methyl isethionate,106,Low,1.0,Mild anionic surfactant; safe,surfactant,,0,106,Hair (76); Skincare (16); Bath & Body (8),Green,Low Risk,Cleanser / Foaming Agent,
285,butylene/ethylene/styrene copolymer,135,Low,1.0,Synthetic polymer; safe,polymer,,0,105,Makeup (74); Skincare (24); Hair (3),Green,Low Risk,Synthetic Polymer,
339,stearamidopropyl dimethylamine,111,Low,1.0,Hair-conditioning agents; safe at cosmetic levels,conditioner,,0,105,Hair (96); Skincare (5); Mini Size (4),Green,Low Risk,Hair Conditioner,
335,dextrin,112,Low,1.0,Sugar-derived humectant; safe,humectant,,0,104,Skincare (84); Makeup (8); Hair (5),Green,Low Risk,Moisture Attractor,
348,mangifera indica (mango) seed butter,107,Low,1.0,Plant-derived emollient/extract; safe at cosmetic levels,emollient,,0,103,Skincare (37); Makeup (30); Bath & Body (17),Green,Low Risk,Skin Softener,
351,steareth-20,106,Low,1.0,PEG-based nonionic emulsifier; safe at cosmetic levels,emulsifier,,0,103,Skincare (55); Makeup (31); Hair (10),Green,Low Risk,Texture Blender,
352,myristic acid,106,Low,1.0,Fatty acid; emollient/foaming agent; safe,surfactant,,0,103,Skincare (63); Makeup (27); Mini Size (4),Green,Low Risk,Cleanser / Foaming Agent,
361,panax ginseng root extract,104,Low,1.0,Plant-derived emollient/extract; safe at cosmetic levels,emollient,,0,103,Skincare (47); Hair (28); Makeup (18),Green,Low Risk,Skin Softener,
309,trihydroxystearin,120,Low,1.0,Thickener/gelling agent; skin-conditioning; safe,thickener,,0,102,Makeup (72); Skincare (20); Mini Size (5),Green,Low Risk,Thickener,
324,copernicia cerifera (carnauba) wax,116,Low,1.0,Plant-derived wax; structuring; safe,wax,,0,102,Makeup (80); Skincare (13); Mini Size (5),Green,Low Risk,Wax / Structure,
307,hydrogenated olive oil unsaponifiables,122,Low,1.0,Olive-derived emollient; safe,emollient,,0,101,Hair (49); Skincare (28); Makeup (13),Green,Low Risk,Skin Softener,
364,peg-8,103,Low,1.0,Humectant/solvent; safe at cosmetic levels,humectant,,0,101,Skincare (72); Makeup (13); Men (6),Green,Low Risk,Moisture Attractor,
366,polyglycerin-3,102,Low,1.0,Plant-derived humectant; safe,humectant,,0,100,Skincare (51); Makeup (23); Hair (22),Green,Low Risk,Moisture Attractor,
360,acetic acid,104,Low,1.0,pH adjuster; safe,ph_adjuster,,0,99,Hair (82); Skincare (8); Fragrance (7),Green,Low Risk,pH Balancer,
367,acetyl glucosamine,102,Low,1.0,Sugar derivatives; skin-conditioning; safe,conditioner,,0,99,Skincare (82); Makeup (8); Hair (3),Green,Low Risk,Hair Conditioner,
208,magnesium myristate,190,Low,1.0,Prevents clumping in powders; safe,absorbent,,0,98,Makeup (88); Mini Size (8); Skincare (2),Green,Low Risk,Oil Absorber,
356,ocimum sanctum leaf extract,105,Low,1.0,Holy basil extract; antioxidant; safe,antioxidant,,0,98,Skincare (73); Hair (7); Makeup (7),Green,Low Risk,Antioxidant,
368,myristyl myristate,101,Low,1.0,Wax ester emollient; safe,emollient,,0,97,Skincare (65); Hair (12); Bath & Body (10),Green,Low Risk,Skin Softener,
372,dimethyl isosorbide,100,Low,1.0,Penetration enhancer/solvent; safe at typical use levels,solvent,,0,97,Skincare (84); Hair (6); Makeup (4),Green,Low Risk,Solvent,
299,laureth-4,125,Low,1.0,Emulsifying agent; safe,emulsifier,,0,96,Hair (40); Makeup (30); Skincare (19),Green,Low Risk,Texture Blender,
341,hydrolyzed collagen,111,Low,1.0,Protein-derived film-former; safe,film_former,,0,96,Skincare (67); Makeup (35); Mini Size (2),Green,Low Risk,Film Former,
374,centella asiatica extract,99,Low,1.0,Plant-derived emollient/extract; safe at cosmetic levels,emollient,,0,96,Skincare (62); Hair (14); Makeup (10),Green,Low Risk,Skin Softener,
323,hydrogenated ethylhexyl olivate,116,Low,1.0,Olive-derived emollient ester; safe,emollient,,0,95,Hair (50); Skincare (29); Makeup (6),Green,Low Risk,Skin Softener,
362,chondrus crispus extract,103,Low,1.0,Thickener; controls product consistency; safe,thickener,,0,95,Skincare (54); Hair (26); Makeup (11),Green,Low Risk,Thickener,
365,butyloctyl salicylate,103,Low,1.0,UV booster/solvent; safe,solvent,,0,94,Skincare (65); Makeup (22); Bath & Body (5),Green,Low Risk,Solvent,
375,dicaprylyl ether,98,Low,1.0,Emollient ester; safe,emollient,,0,94,Skincare (56); Makeup (17); Hair (14),Green,Low Risk,Skin Softener,
320,coconut alkanes,118,Low,1.0,Plant-derived emollient; silicone alternative; safe,emollient,,0,93,Skincare (47); Hair (23); Makeup (16),Green,Low Risk,Skin Softener,
381,anhydroxylitol,94,Low,1.0,Sugar-derived humectant; safe,humectant,,0,92,Skincare (56); Hair (26); Bath & Body (5),Green,Low Risk,Moisture Attractor,
379,glyceryl stearate citrate,95,Low,1.0,Plant-based emulsifier; safe,emulsifier,,0,91,Skincare (66); Bath & Body (16); Makeup (7),Green,Low Risk,Texture Blender,
383,xylitylglucoside,93,Low,1.0,Sugar-derived humectant; safe,humectant,,0,91,Skincare (53); Hair (28); Bath & Body (5),Green,Low Risk,Moisture Attractor,
363,vp/hexadecene copolymer,103,Low,1.0,Synthetic film-former; safe,film_former,,0,89,Makeup (79); Mini Size (6); Skincare (3),Green,Low Risk,Film Former,
371,hydrolyzed quinoa,100,Low,1.0,Plant protein film-former; safe,film_former,,0,89,Hair (83); Makeup (3); Skincare (2),Green,Low Risk,Film Former,
373,astrocaryum murumuru seed butter,100,Low,1.0,Plant-derived emollient/extract; safe at cosmetic levels,emollient,,0,89,Hair (37); Skincare (25); Makeup (18),Green,Low Risk,Skin Softener,
390,sodium isethionate,90,Low,1.0,Mild surfactant; safe,surfactant,,0,89,Hair (60); Skincare (19); Bath & Body (6),Green,Low Risk,Cleanser / Foaming Agent,
391,coco-betaine,90,Low,1.0,Plant-derived amphoteric surfactant (a cleansing agent); mild; safe,surfactant,,0,89,Hair (53); Skincare (24); Bath & Body (5),Green,Low Risk,Cleanser / Foaming Agent,
394,c13-15 alkane,89,Low,1.0,Plant-derived emollient; silicone alternative; safe,emollient,,0,89,Hair (30); Skincare (28); Makeup (21),Green,Low Risk,Skin Softener,
397,ppg-5-ceteth-20,89,Low,1.0,Emulsifier/solubilizer; safe at cosmetic levels,emulsifier,,0,89,Hair (51); Skincare (21); Bath & Body (12),Green,Low Risk,Texture Blender,
264,oryza sativa (rice) extract,145,Low,1.0,Rice extract; skin brightening; safe,plant_extract,,0,88,Hair (47); Makeup (20); Skincare (12),Green,Low Risk,Plant Extract / Oil,
370,petrolatum,101,Low,1.0,Cosmetic-grade refined petrolatum; safe occlusive moisturizer,moisturizer,,0,88,Skincare (44); Makeup (19); Hair (7),Green,Low Risk,Moisturizer,
384,yeast extract/faex/extrait de levure,93,Low,1.0,Yeast extract; conditioning; safe,conditioner,,0,87,Skincare (48); Makeup (18); Hair (12),Green,Low Risk,Hair Conditioner,
388,hydrolyzed wheat protein,90,Low,1.0,Wheat-derived film-former; safe at cosmetic levels,film_former,,0,87,Hair (63); Skincare (16); Mini Size (3),Green,Low Risk,Film Former,
350,c10-18 triglycerides,107,Low,1.0,Fatty emollient; safe,emollient,,0,86,Makeup (39); Skincare (37); Bath & Body (5),Green,Low Risk,Skin Softener,
369,euphorbia cerifera (candelilla) wax,101,Low,1.0,Plant-derived wax; structuring; safe,wax,,0,86,Makeup (69); Skincare (10); Mini Size (3),Green,Low Risk,Wax / Structure,
387,laminaria saccharina extract,91,Low,1.0,Plant-derived emollient/extract; safe at cosmetic levels,emollient,,0,86,Skincare (53); Makeup (20); Hair (9),Green,Low Risk,Skin Softener,
389,capryloyl glycerin/sebacic acid copolymer,90,Low,1.0,Glycerin-based preservative bosses; safe,preservative,,0,86,Skincare (49); Hair (25); Makeup (6),Green,Low Risk,Preservative,
232,magnesium stearate,172,Low,1.0,Anti-caking; safe,absorbent,,0,85,Makeup (56); Skincare (16); Hair (7),Green,Low Risk,Oil Absorber,
382,avena sativa (oat) kernel extract,93,Low,1.0,Plant-derived emollient/extract; safe at cosmetic levels,emollient,,0,85,Skincare (69); Bath & Body (8); Hair (4),Green,Low Risk,Skin Softener,
385,polyglyceryl-3 diisostearate,92,Low,1.0,Plant-based emulsifier; safe,emulsifier,,0,85,Makeup (59); Skincare (24); Hair (1),Green,Low Risk,Texture Blender,
378,stearalkonium hectorite,95,Low,1.0,Modified clay gellant; safe at cosmetic levels,thickener,,0,84,Makeup (59); Skincare (16); Hair (5),Green,Low Risk,Thickener,
386,red 30 lake (ci 73360),91,Low,1.0,Approved colorant; safe,colorant,,0,83,Makeup (77); Mini Size (4); Skincare (2),Green,Low Risk,Color / Pigment,
357,tridecyl trimellitate,105,Low,1.0,Fatty ester emollient; safe,emollient,,0,82,Makeup (55); Skincare (20); Hair (2),Green,Low Risk,Skin Softener,
393,diheptyl succinate,89,Low,1.0,Plant-based moisturizer; safe,moisturizer,,0,82,Skincare (45); Hair (31); Mini Size (3),Green,Low Risk,Moisturizer,
395,coccinia indica fruit extract,89,Low,1.0,Plant-derived emollient/extract; safe at cosmetic levels,emollient,,0,81,Skincare (57); Hair (9); Makeup (8),Green,Low Risk,Skin Softener,
377,microcrystalline wax/cera microcristallina/cire microcristalline,96,Low,1.0,Petroleum-derived wax; structurant; safe,wax,,0,79,Makeup (61); Skincare (12); Hair (3),Green,Low Risk,Wax / Structure,
399,cetyl palmitate,88,Low,1.0,Wax ester emollient; safe,emollient,,0,79,Skincare (50); Hair (12); Makeup (8),Green,Low Risk,Skin Softener,
400,salix alba (willow) bark extract,88,Low,1.0,Plant-derived emollient/extract; safe at cosmetic levels,emollient,,0,77,Skincare (69); Bath & Body (6); Makeup (1),Green,Low Risk,Skin Softener,
312,ci 16035 (red 40),120,Low,1.0,Approved colorant; safe,colorant,,0,73,Makeup (46); Skincare (25); Mini Size (7),Green,Low Risk,Color / Pigment,
253,isopentyldiol,153,Low,1.0,Moisturizer/solvent; safe,moisturizer,,0,70,Makeup (25); Skincare (25); Hair (11),Green,Low Risk,Moisturizer,
392,cera alba (beeswax),90,Low,1.0,Natural beeswax; emollient/structurant; safe,emollient,,0,70,Makeup (53); Skincare (13); Mini Size (4),Green,Low Risk,Skin Softener,
398,aluminum powder (ci 77000),89,Low,1.0,Approved colorant; safe,colorant,,0,67,Makeup (59); Mini Size (6); Men (1),Green,Low Risk,Color / Pigment,
359,vanilla planifolia fruit extract,104,Low,1.0,Plant-derived emollient/extract; safe at cosmetic levels,emollient,,0,61,Skincare (36); Makeup (13); Bath & Body (8),Green,Low Risk,Skin Softener,
376,disodium stearoyl glutamate,96,Low,1.0,Amino-acid surfactant; mild safe,surfactant,,0,58,Makeup (46); Skincare (6); Mini Size (4),Green,Low Risk,Cleanser / Foaming Agent,
276,ethylene/acrylic acid copolymer,139,Low,1.0,Synthetic polymer; safe,polymer,,0,55,Makeup (33); Skincare (18); Mini Size (4),Green,Low Risk,Synthetic Polymer,
322,decylene glycol,118,Low,1.0,Skin-conditioning;  safe,conditioner,,0,18,Makeup (9); Skincare (3); Hair (2),Green,Low Risk,Hair Conditioner,
